alpha3,country,year,gdp_per_capita
ABW,Aruba,2024,45428.0
AFG,Afghanistan,2024,1964.45
AGO,Angola,2024,8752.8
ALB,Albania,2024,21640.98
AND,Andorra,2024,66232.74
ARE,United Arab Emirates,2024,69701.79
ARG,Argentina,2024,26771.97
ARM,Armenia,2024,20078.78
ATG,Antigua and Barbuda,2024,29298.65
AUS,Australia,2024,60309.58
AUT,Austria,2024,63787.99
AZE,Azerbaijan,2024,22090.53
BDI,Burundi,2024,1048.06
BEL,Belgium,2024,63311.28
BEN,Benin,2024,3901.33
BFA,Burkina Faso,2024,2548.5
BGD,Bangladesh,2024,8486.78
BGR,Bulgaria,2024,34221.39
BHR,Bahrain,2024,59060.18
BHS,"Bahamas, The",2024,36244.05
BIH,Bosnia and Herzegovina,2024,20578.5
BLR,Belarus,2024,29135.95
BLZ,Belize,2024,12621.41
BMU,Bermuda,2024,104299.94
BOL,Bolivia,2024,11329.15
BRA,Brazil,2024,19652.37
BRB,Barbados,2024,21557.53
BRN,Brunei Darussalam,2024,79071.73
BTN,Bhutan,2024,15603.89
BWA,Botswana,2024,18107.61
CAF,Central African Republic,2024,1111.22
CAN,Canada,2024,57534.09
CHE,Switzerland,2024,85448.06
CHL,Chile,2024,30267.64
CHN,China,2024,23841.48
CIV,Cote d'Ivoire,2024,6747.04
CMR,Cameroon,2024,4916.93
COD,"Congo, Dem. Rep.",2024,1601.71
COG,"Congo, Rep.",2024,6152.57
COL,Colombia,2024,18481.84
COM,Comoros,2024,3556.04
CPV,Cabo Verde,2024,9825.53
CRI,Costa Rica,2024,27325.05
CUW,Curacao,2024,28762.06
CYM,Cayman Islands,2024,80996.65
CYP,Cyprus,2024,52861.84
CZE,Czechia,2024,47972.53
DEU,Germany,2024,62654.6
DJI,Djibouti,2024,6871.12
DMA,Dominica,2024,18739.36
DNK,Denmark,2024,71034.58
DOM,Dominican Republic,2024,24229.89
DZA,Algeria,2024,15501.92
ECU,Ecuador,2024,13922.42
EGY,"Egypt, Arab Rep.",2024,16798.15
ESP,Spain,2024,48460.29
EST,Estonia,2024,41185.83
ETH,Ethiopia,2024,2892.22
FIN,Finland,2024,55901.32
FJI,Fiji,2024,13592.46
FRA,France,2024,54799.35
FRO,Faroe Islands,2024,72113.65
FSM,"Micronesia, Fed. Sts.",2024,3911.27
GAB,Gabon,2024,18923.66
GBR,United Kingdom,2024,53412.06
GEO,Georgia,2024,24146.62
GHA,Ghana,2024,7072.8
GIN,Guinea,2024,4016.34
GMB,"Gambia, The",2024,3057.68
GNB,Guinea-Bissau,2024,2717.54
GNQ,Equatorial Guinea,2024,14997.76
GRC,Greece,2024,37474.28
GRD,Grenada,2024,17484.52
GTM,Guatemala,2024,12643.98
GUY,Guyana,2024,70516.7
HKG,"Hong Kong SAR, China",2024,66186.04
HND,Honduras,2024,6590.84
HRV,Croatia,2024,42828.8
HTI,Haiti,2024,2783.79
HUN,Hungary,2024,40747.2
IDN,Indonesia,2024,14470.72
IND,India,2024,9416.05
IRL,Ireland,2024,118833.31
IRN,"Iran, Islamic Rep.",2024,17484.13
IRQ,Iraq,2024,12725.04
ISL,Iceland,2024,68230.36
ISR,Israel,2024,47388.72
ITA,Italy,2024,53284.87
JAM,Jamaica,2024,11340.26
JOR,Jordan,2024,10468.27
JPN,Japan,2024,47479.84
KAZ,Kazakhstan,2024,35973.96
KEN,Kenya,2024,5841.6
KGZ,Kyrgyz Republic,2024,7210.58
KHM,Cambodia,2024,7011.58
KIR,Kiribati,2024,3275.0
KNA,St. Kitts and Nevis,2024,30656.44
KOR,"Korea, Rep.",2024,55070.94
KWT,Kuwait,2024,46664.22
LAO,Lao PDR,2024,8600.32
LBN,Lebanon,2024,10469.22
LBR,Liberia,2024,1646.06
LBY,Libya,2024,12583.83
LCA,St. Lucia,2024,24699.97
LKA,Sri Lanka,2024,13793.07
LSO,Lesotho,2024,2697.63
LTU,Lithuania,2024,47462.0
LUX,Luxembourg,2024,128475.28
LVA,Latvia,2024,37615.08
MAC,"Macao SAR, China",2024,111693.5
MAR,Morocco,2024,9162.75
MDA,Moldova,2024,16393.86
MDG,Madagascar,2024,1659.15
MDV,Maldives,2024,23034.41
MEX,Mexico,2024,21970.35
MHL,Marshall Islands,2024,7236.87
MKD,North Macedonia,2024,24203.19
MLI,Mali,2024,2917.93
MLT,Malta,2024,62398.49
MMR,Myanmar,2024,5276.29
MNE,Montenegro,2024,28105.59
MNG,Mongolia,2024,16842.65
MOZ,Mozambique,2024,1500.71
MRT,Mauritania,2024,6482.69
MUS,Mauritius,2024,27844.9
MWI,Malawi,2024,1634.25
MYS,Malaysia,2024,34116.23
NAM,Namibia,2024,10276.37
NER,Niger,2024,1795.65
NGA,Nigeria,2024,7994.04
NIC,Nicaragua,2024,7661.09
NLD,Netherlands,2024,70493.91
NOR,Norway,2024,94803.67
NPL,Nepal,2024,5047.42
NRU,Naoero,2024,11957.88
NZL,New Zealand,2024,48325.37
OMN,Oman,2024,36721.08
PAK,Pakistan,2024,5502.07
PAN,Panama,2024,36394.92
PER,Peru,2024,15708.83
PHL,Philippines,2024,10378.17
PLW,Palau,2024,18499.99
PNG,Papua New Guinea,2024,4292.71
POL,Poland,2024,45153.04
PRI,Puerto Rico (US),2024,44216.43
PRT,Portugal,2024,42228.16
PRY,Paraguay,2024,16367.49
PSE,West Bank and Gaza,2024,4190.91
QAT,Qatar,2024,111314.25
ROU,Romania,2024,40503.83
RUS,Russian Federation,2024,41891.17
RWA,Rwanda,2024,3325.01
SAU,Saudi Arabia,2024,63194.43
SDN,Sudan,2024,1861.4
SEN,Senegal,2024,4477.82
SGP,Singapore,2024,134548.76
SLB,Solomon Islands,2024,2353.55
SLE,Sierra Leone,2024,3098.76
SLV,El Salvador,2024,11647.02
SOM,"Somalia, Fed. Rep.",2024,1409.33
SRB,Serbia,2024,26900.74
STP,Sao Tome and Principe,2024,5511.88
SUR,Suriname,2024,19179.1
SVK,Slovak Republic,2024,40302.45
SVN,Slovenia,2024,48658.03
SWE,Sweden,2024,62558.41
SWZ,Eswatini,2024,10386.21
SXM,Sint Maarten (Dutch part),2024,47303.19
SYC,Seychelles,2024,29288.02
TCA,Turks and Caicos Islands,2024,33390.53
TCD,Chad,2024,2430.73
TGO,Togo,2024,3351.25
THA,Thailand,2024,21882.21
TJK,Tajikistan,2024,4755.93
TKM,Turkmenistan,2024,18470.74
TLS,Timor-Leste,2024,3890.96
TON,Tonga,2024,7180.99
TTO,Trinidad and Tobago,2024,31960.16
TUN,Tunisia,2024,12774.92
TUR,Turkiye,2024,36154.49
TUV,Tuvalu,2024,5592.19
TZA,Tanzania,2024,3713.26
UGA,Uganda,2024,2879.67
UKR,Ukraine,2024,16371.44
URY,Uruguay,2024,32149.48
USA,United States,2024,75698.18
UZB,Uzbekistan,2024,10997.17
VCT,St. Vincent and the Grenadines,2024,18714.2
VNM,Viet Nam,2024,14396.42
VUT,Vanuatu,2024,3837.04
WSM,Samoa,2024,7687.23
XKX,Kosovo,2024,15716.29
ZAF,South Africa,2024,13597.65
ZMB,Zambia,2024,3708.07
ZWE,Zimbabwe,2024,5211.9
