gid,alpha3,totalPopulation,fractionUrban
AFG.1_1,AFG,1904129,0.798
AFG.2_1,AFG,1038169,0.842
AFG.3_1,AFG,1455220,0.872
AFG.4_1,AFG,1989114,0.864
AFG.5_1,AFG,670071,0.857
AFG.6_1,AFG,741317,0.887
AFG.7_1,AFG,926024,0.686
AFG.8_1,AFG,1761858,0.938
AFG.9_1,AFG,1112858,0.605
AFG.10_1,AFG,1233966,0.897
AFG.11_1,AFG,1441886,0.788
AFG.12_1,AFG,3886720,0.9
AFG.13_1,AFG,731579,0.783
AFG.14_1,AFG,7148487,0.986
AFG.15_1,AFG,2060614,0.83
AFG.16_1,AFG,680481,0.959
AFG.17_1,AFG,1342256,0.853
AFG.18_1,AFG,782846,0.794
AFG.19_1,AFG,1182224,0.869
AFG.20_1,AFG,804636,0.899
AFG.21_1,AFG,618820,0.862
AFG.22_1,AFG,2613567,0.908
AFG.23_1,AFG,225675,0.556
AFG.24_1,AFG,250030,0.547
AFG.25_1,AFG,670927,0.635
AFG.26_1,AFG,987445,0.837
AFG.27_1,AFG,200178,0.923
AFG.28_1,AFG,955138,0.902
AFG.29_1,AFG,594111,0.765
AFG.30_1,AFG,809701,0.823
AFG.31_1,AFG,1723518,0.865
AFG.32_1,AFG,593711,0.764
AFG.33_1,AFG,917585,0.9
AFG.34_1,AFG,452624,0.563
AGO.1_1,AGO,447067,0.467
AGO.2_1,AGO,2438844,0.671
AGO.3_1,AGO,1813910,0.668
AGO.4_1,AGO,1721103,0.902
AGO.5_1,AGO,440242,0.673
AGO.6_1,AGO,339618,0.664
AGO.7_1,AGO,2184539,0.525
AGO.8_1,AGO,1811381,0.405
AGO.9_1,AGO,1952428,0.536
AGO.10_1,AGO,4863988,0.52
AGO.11_1,AGO,12348055,0.995
AGO.12_1,AGO,1146052,0.768
AGO.13_1,AGO,610639,0.837
AGO.14_1,AGO,1716347,0.734
AGO.15_1,AGO,2097628,0.825
AGO.16_1,AGO,904905,0.728
AGO.17_1,AGO,785835,0.614
AGO.18_1,AGO,1211984,0.839
AIA.1_1,AIA,777,0.0
AIA.15_1,AIA,46,0.0
AIA.2_1,AIA,631,0.0
AIA.3_1,AIA,2137,0.781
AIA.4_1,AIA,927,0.0
AIA.5_1,AIA,217,0.764
AIA.6_1,AIA,1304,0.274
AIA.16_1,AIA,15,0.0
AIA.7_1,AIA,169,0.788
AIA.8_1,AIA,1000,0.0
AIA.17_1,AIA,256,0.0
AIA.18_1,AIA,0,0.0
AIA.9_1,AIA,1715,0.474
AIA.10_1,AIA,1072,0.037
AIA.11_1,AIA,829,0.0
AIA.12_1,AIA,1115,0.689
AIA.13_1,AIA,1777,0.928
AIA.14_1,AIA,1458,0.0
ALA.1_2,ALA,2061,0.0
ALA.2_2,ALA,17692,0.054
ALA.3_2,ALA,12947,0.981
ALB.1_1,ALB,94977,0.456
ALB.2_1,ALB,90721,0.26
ALB.3_1,ALB,285397,0.828
ALB.4_1,ALB,225150,0.549
ALB.5_1,ALB,234886,0.411
ALB.6_1,ALB,47079,0.423
ALB.7_1,ALB,174595,0.539
ALB.8_1,ALB,61127,0.279
ALB.9_1,ALB,118562,0.489
ALB.10_1,ALB,177527,0.562
ALB.11_1,ALB,1138328,0.947
ALB.12_1,ALB,170238,0.637
AND.1_1,AND,20127,0.986
AND.2_1,AND,11072,0.0
AND.3_1,AND,12818,0.861
AND.4_1,AND,10941,0.977
AND.5_1,AND,11145,0.586
AND.6_1,AND,6407,0.63
AND.7_1,AND,8029,0.728
ARE.1_1,ARE,3190831,0.817
ARE.2_1,ARE,452112,0.97
ARE.3_1,ARE,3158876,0.959
ARE.4_1,ARE,262299,0.766
ARE.5_1,ARE,472745,0.83
ARE.6_1,ARE,1948319,0.947
ARE.7_1,ARE,94213,0.753
ARG.1_1,ARG,17771623,0.937
ARG.2_1,ARG,437916,0.693
ARG.3_1,ARG,1202901,0.816
ARG.4_1,ARG,714989,0.847
ARG.5_1,ARG,2767554,1.0
ARG.6_1,ARG,3688917,0.79
ARG.7_1,ARG,1132862,0.788
ARG.8_1,ARG,1368048,0.733
ARG.9_1,ARG,607543,0.736
ARG.10_1,ARG,798202,0.833
ARG.11_1,ARG,371975,0.671
ARG.12_1,ARG,439868,0.772
ARG.13_1,ARG,2135653,0.828
ARG.14_1,ARG,1409527,0.768
ARG.15_1,ARG,711270,0.823
ARG.16_1,ARG,796948,0.81
ARG.17_1,ARG,1467873,0.819
ARG.18_1,ARG,777730,0.785
ARG.19_1,ARG,556100,0.785
ARG.20_1,ARG,459783,0.884
ARG.21_1,ARG,3757060,0.82
ARG.22_1,ARG,1031194,0.635
ARG.23_1,ARG,169379,0.93
ARG.24_1,ARG,1737850,0.83
ARM.1_1,ARM,137287,0.315
ARM.2_1,ARM,266449,0.808
ARM.3_1,ARM,299453,0.712
ARM.4_1,ARM,989926,0.994
ARM.5_1,ARM,218431,0.692
ARM.6_1,ARM,211006,0.803
ARM.7_1,ARM,185608,0.568
ARM.8_1,ARM,211801,0.613
ARM.9_1,ARM,109716,0.595
ARM.10_1,ARM,105712,0.444
ARM.11_1,ARM,43667,0.228
ASM.1_1,ASM,15839,0.557
ASM.2_1,ASM,915,0.0
ASM.3_1,ASM,6,0.0
ASM.4_1,ASM,25601,0.867
ATF.1_1,ATF,0,0.0
ATF.2_1,ATF,0,0.0
ATF.3_1,ATF,0,0.0
ATF.4_1,ATF,0,0.0
ATG.1_1,ATG,1899,0.0
ATG.2_1,ATG,0,0.0
ATG.3_1,ATG,9241,0.854
ATG.4_1,ATG,61291,0.942
ATG.5_1,ATG,7271,0.0
ATG.6_1,ATG,7691,0.719
ATG.7_1,ATG,4584,0.405
ATG.8_1,ATG,2873,0.0
AUS.1_1,AUS,0,0.0
AUS.2_1,AUS,410527,0.975
AUS.3_1,AUS,0,0.0
AUS.4_1,AUS,249,0.0
AUS.5_1,AUS,8419958,0.845
AUS.6_1,AUS,264062,0.587
AUS.7_1,AUS,5506221,0.792
AUS.8_1,AUS,1834178,0.799
AUS.9_1,AUS,556179,0.55
AUS.10_1,AUS,7096736,0.867
AUS.11_1,AUS,2824740,0.831
AUT.1_1,AUT,293172,0.215
AUT.2_1,AUT,559540,0.38
AUT.3_1,AUT,1686385,0.427
AUT.4_1,AUT,1467336,0.482
AUT.5_1,AUT,558196,0.554
AUT.6_1,AUT,1249797,0.476
AUT.7_1,AUT,778743,0.56
AUT.8_1,AUT,393436,0.772
AUT.9_1,AUT,2008387,0.997
AZE.1_1,AZE,3126605,0.965
AZE.2_1,AZE,2061908,0.681
AZE.3_1,AZE,334235,0.576
AZE.4_1,AZE,1337042,0.821
AZE.5_1,AZE,270115,0.506
AZE.6_1,AZE,974706,0.779
AZE.7_1,AZE,491057,0.797
AZE.8_1,AZE,559994,0.6
AZE.9_1,AZE,637899,0.626
AZE.10_1,AZE,661938,0.818
BDI.1_1,BDI,525645,0.898
BDI.2_1,BDI,1284278,0.999
BDI.3_1,BDI,732773,0.893
BDI.4_1,BDI,1092375,0.836
BDI.5_1,BDI,444575,0.605
BDI.6_1,BDI,743210,0.884
BDI.7_1,BDI,1100671,0.894
BDI.8_1,BDI,647855,0.859
BDI.9_1,BDI,1071962,0.983
BDI.10_1,BDI,1099195,0.952
BDI.11_1,BDI,710354,0.73
BDI.12_1,BDI,446249,0.964
BDI.13_1,BDI,1219700,0.937
BDI.14_1,BDI,438882,0.921
BDI.15_1,BDI,939238,0.929
BDI.16_1,BDI,681676,0.782
BDI.17_1,BDI,769278,0.738
BEL.1_1,BEL,1286087,1.0
BEL.2_1,BEL,6710599,0.816
BEL.3_1,BEL,3748005,0.665
BEN.1_1,BEN,1354799,0.436
BEN.2_1,BEN,1113816,0.429
BEN.3_1,BEN,2295011,0.89
BEN.4_1,BEN,1943573,0.515
BEN.5_1,BEN,890130,0.649
BEN.6_1,BEN,790215,0.578
BEN.7_1,BEN,962727,0.851
BEN.8_1,BEN,978433,1.0
BEN.9_1,BEN,627810,0.8
BEN.10_1,BEN,1500121,0.963
BEN.11_1,BEN,848956,0.812
BEN.12_1,BEN,1118668,0.78
BES.1_1,BES,20046,0.852
BES.2_1,BES,2020,0.0
BES.3_1,BES,5281,0.0
BFA.1_1,BFA,2055454,0.367
BFA.2_1,BFA,1224477,0.432
BFA.7_1,BFA,4067610,0.959
BFA.3_1,BFA,1832811,0.539
BFA.4_1,BFA,1873504,0.36
BFA.5_1,BFA,1813333,0.387
BFA.6_1,BFA,895601,0.388
BFA.8_1,BFA,2244973,0.377
BFA.9_1,BFA,3095714,0.653
BFA.10_1,BFA,1697692,0.358
BFA.11_1,BFA,976429,0.301
BFA.12_1,BFA,1636567,0.292
BFA.13_1,BFA,953642,0.275
BGD.1_1,BGD,8362175,0.959
BGD.2_1,BGD,34058061,0.975
BGD.3_1,BGD,51347053,0.994
BGD.4_1,BGD,16602175,0.972
BGD.8_1,BGD,13453500,0.987
BGD.5_1,BGD,21215323,0.981
BGD.6_1,BGD,18191515,0.982
BGD.7_1,BGD,12877094,0.975
BGR.1_1,BGR,291486,0.461
BGR.2_1,BGR,390850,0.615
BGR.3_1,BGR,155145,0.389
BGR.4_1,BGR,96087,0.431
BGR.5_1,BGR,1379617,0.954
BGR.6_1,BGR,203430,0.474
BGR.7_1,BGR,134506,0.273
BGR.8_1,BGR,105443,0.459
BGR.9_1,BGR,107367,0.34
BGR.10_1,BGR,108974,0.415
BGR.11_1,BGR,227423,0.427
BGR.12_1,BGR,110842,0.576
BGR.13_1,BGR,207632,0.468
BGR.14_1,BGR,665324,0.677
BGR.15_1,BGR,93446,0.281
BGR.16_1,BGR,189571,0.589
BGR.17_1,BGR,148217,0.318
BGR.18_1,BGR,94487,0.398
BGR.19_1,BGR,167086,0.466
BGR.20_1,BGR,97888,0.207
BGR.21_1,BGR,210222,0.254
BGR.22_1,BGR,280161,0.517
BGR.23_1,BGR,98361,0.397
BGR.24_1,BGR,479929,0.767
BGR.25_1,BGR,210030,0.41
BGR.26_1,BGR,69635,0.313
BGR.27_1,BGR,127744,0.375
BGR.28_1,BGR,101413,0.592
BHR.1_1,BHR,855447,1.0
BHR.3_1,BHR,253443,1.0
BHR.4_1,BHR,173608,0.983
BHR.5_1,BHR,159838,0.828
BHS.1_1,BHS,637,0.0
BHS.2_1,BHS,747,0.0
BHS.3_1,BHS,1609,0.0
BHS.4_1,BHS,2646,0.0
BHS.5_1,BHS,1025,0.0
BHS.6_1,BHS,11572,0.579
BHS.7_1,BHS,349,0.0
BHS.8_1,BHS,1591,0.0
BHS.9_1,BHS,11263,0.877
BHS.10_1,BHS,235,0.0
BHS.11_1,BHS,1018,0.0
BHS.12_1,BHS,10591,0.0
BHS.13_1,BHS,122,0.0
BHS.14_1,BHS,1522,0.0
BHS.15_1,BHS,4317,0.0
BHS.16_1,BHS,659,0.0
BHS.17_1,BHS,2560,0.0
BHS.18_1,BHS,525,0.0
BHS.19_1,BHS,236,0.0
BHS.20_1,BHS,406,0.0
BHS.21_1,BHS,312311,0.979
BHS.22_1,BHS,1717,0.0
BHS.23_1,BHS,3893,0.0
BHS.24_1,BHS,3109,0.0
BHS.25_1,BHS,55,0.0
BHS.26_1,BHS,103,0.0
BHS.27_1,BHS,698,0.0
BHS.28_1,BHS,1056,0.0
BHS.29_1,BHS,925,0.0
BHS.30_1,BHS,1947,0.0
BHS.31_1,BHS,1241,0.0
BHS.32_1,BHS,33586,0.649
BIH.1_1,BIH,148378,0.641
BIH.2_1,BIH,2036798,0.565
BIH.3_1,BIH,992688,0.383
BLM.1_1,BLM,4793,0.74
BLM.2_1,BLM,6099,0.972
BLR.1_1,BLR,1404106,0.718
BLR.2_1,BLR,1461083,0.73
BLR.3_1,BLR,1021451,0.666
BLR.5_1,BLR,1112711,0.48
BLR.7_1,BLR,2194802,0.972
BLR.4_1,BLR,1025373,0.742
BLR.6_1,BLR,1195375,0.673
BLZ.1_1,BLZ,131324,0.771
BLZ.2_1,BLZ,105900,0.634
BLZ.3_1,BLZ,50560,0.387
BLZ.4_1,BLZ,45070,0.318
BLZ.5_1,BLZ,50452,0.473
BLZ.6_1,BLZ,35307,0.34
BMU.1_1,BMU,6838,1.0
BMU.2_1,BMU,6220,0.981
BMU.3_1,BMU,1012,1.0
BMU.4_1,BMU,6125,1.0
BMU.5_1,BMU,9036,0.997
BMU.6_1,BMU,5750,0.956
BMU.7_1,BMU,1424,0.83
BMU.8_1,BMU,7468,0.971
BMU.9_1,BMU,4608,0.998
BMU.10_1,BMU,6618,0.988
BMU.11_1,BMU,8194,0.994
BOL.3_1,BOL,475417,0.716
BOL.1_1,BOL,647141,0.554
BOL.2_1,BOL,2204626,0.774
BOL.4_1,BOL,3319371,0.727
BOL.5_1,BOL,666847,0.719
BOL.6_1,BOL,242981,0.473
BOL.7_1,BOL,973296,0.502
BOL.8_1,BOL,3607115,0.795
BOL.9_1,BOL,656884,0.731
BRA.1_1,BRA,968955,0.685
BRA.2_1,BRA,3445983,0.726
BRA.3_1,BRA,967537,0.857
BRA.4_1,BRA,4594112,0.788
BRA.5_1,BRA,15338023,0.664
BRA.6_1,BRA,9654177,0.681
BRA.7_1,BRA,3467166,0.964
BRA.8_1,BRA,4313108,0.785
BRA.9_1,BRA,7822881,0.853
BRA.10_1,BRA,7658182,0.63
BRA.12_1,BRA,3747647,0.732
BRA.11_1,BRA,2962975,0.806
BRA.13_1,BRA,21961557,0.762
BRA.14_1,BRA,9446622,0.685
BRA.15_1,BRA,4225108,0.678
BRA.16_1,BRA,11431547,0.789
BRA.17_1,BRA,10172563,0.787
BRA.18_1,BRA,3485344,0.551
BRA.19_1,BRA,17906561,0.942
BRA.20_1,BRA,3758655,0.726
BRA.21_1,BRA,11300496,0.775
BRA.22_1,BRA,1788037,0.687
BRA.23_1,BRA,631682,0.714
BRA.24_1,BRA,7430799,0.752
BRA.25_1,BRA,45961913,0.931
BRA.26_1,BRA,2549874,0.729
BRA.27_1,BRA,1747799,0.643
BRB.1_1,BRB,52220,0.954
BRB.2_1,BRB,4178,0.0
BRB.3_1,BRB,19260,0.859
BRB.4_1,BRB,32798,0.942
BRB.5_1,BRB,7751,0.429
BRB.6_1,BRB,5390,0.408
BRB.7_1,BRB,8750,0.306
BRB.8_1,BRB,87895,0.993
BRB.9_1,BRB,10303,0.7
BRB.10_1,BRB,38693,0.884
BRB.11_1,BRB,14612,0.643
BRN.1_1,BRN,63459,0.854
BRN.2_1,BRN,337517,0.914
BRN.3_1,BRN,8631,0.0
BRN.4_1,BRN,48114,0.407
BTN.1_1,BTN,21333,0.308
BTN.2_1,BTN,137803,0.567
BTN.3_1,BTN,31637,0.0
BTN.4_1,BTN,3515,0.0
BTN.5_1,BTN,16128,0.351
BTN.6_1,BTN,18160,0.0
BTN.7_1,BTN,51627,0.0
BTN.8_1,BTN,46769,0.567
BTN.9_1,BTN,27074,0.0
BTN.10_1,BTN,25806,0.235
BTN.11_1,BTN,47190,0.24
BTN.12_1,BTN,77220,0.254
BTN.13_1,BTN,52343,0.318
BTN.14_1,BTN,72959,0.745
BTN.19_1,BTN,22041,0.0
BTN.15_1,BTN,63641,0.199
BTN.16_1,BTN,18316,0.0
BTN.17_1,BTN,25164,0.0
BTN.18_1,BTN,48023,0.299
BTN.20_1,BTN,24289,0.0
BWA.1_1,BWA,725816,0.6
BWA.2_1,BWA,32354,0.53
BWA.3_1,BWA,141211,0.983
BWA.4_1,BWA,275261,0.974
BWA.5_1,BWA,65024,0.485
BWA.6_1,BWA,5795,0.898
BWA.7_1,BWA,67175,0.45
BWA.8_1,BWA,128359,0.719
BWA.9_1,BWA,457726,0.729
BWA.10_1,BWA,96357,0.995
BWA.11_1,BWA,82856,0.365
BWA.12_1,BWA,207553,0.655
BWA.13_1,BWA,64460,0.985
BWA.14_1,BWA,145025,0.768
BWA.15_1,BWA,265856,0.581
BWA.16_1,BWA,3045,0.0
CAF.1_1,CAF,66376,0.47
CAF.2_1,CAF,376455,0.997
CAF.3_1,CAF,381760,0.209
CAF.4_1,CAF,88539,0.819
CAF.5_1,CAF,138138,0.639
CAF.6_1,CAF,179567,0.452
CAF.7_1,CAF,379750,0.535
CAF.8_1,CAF,546052,0.694
CAF.9_1,CAF,250607,0.49
CAF.10_1,CAF,180755,0.493
CAF.11_1,CAF,360410,0.514
CAF.12_1,CAF,1244178,0.866
CAF.13_1,CAF,425649,0.403
CAF.15_1,CAF,567589,0.397
CAF.14_1,CAF,662732,0.369
CAF.16_1,CAF,168167,0.599
CAF.17_1,CAF,80332,0.504
CAN.1_1,CAN,5009285,0.794
CAN.2_1,CAN,5263810,0.824
CAN.3_1,CAN,1429858,0.665
CAN.4_1,CAN,813540,0.38
CAN.5_1,CAN,536707,0.445
CAN.6_1,CAN,41987,0.433
CAN.7_1,CAN,979747,0.498
CAN.8_1,CAN,37953,0.216
CAN.9_1,CAN,14836930,0.827
CAN.10_1,CAN,154793,0.387
CAN.11_1,CAN,8584956,0.749
CAN.12_1,CAN,1308004,0.587
CAN.13_1,CAN,46153,0.553
CHE.1_1,CHE,706195,0.842
CHE.2_1,CHE,53069,0.505
CHE.3_1,CHE,16957,0.473
CHE.4_1,CHE,287653,0.862
CHE.5_1,CHE,171997,0.997
CHE.6_1,CHE,1026937,0.663
CHE.7_1,CHE,358844,0.617
CHE.8_1,CHE,519070,0.975
CHE.9_1,CHE,39773,0.535
CHE.10_1,CHE,214387,0.396
CHE.11_1,CHE,72205,0.333
CHE.12_1,CHE,431371,0.678
CHE.13_1,CHE,183194,0.773
CHE.14_1,CHE,43128,0.701
CHE.15_1,CHE,41122,0.522
CHE.16_1,CHE,524682,0.763
CHE.17_1,CHE,81369,0.672
CHE.18_1,CHE,176331,0.751
CHE.19_1,CHE,272596,0.801
CHE.20_1,CHE,272760,0.687
CHE.21_1,CHE,375929,0.807
CHE.22_1,CHE,36561,0.51
CHE.23_1,CHE,388871,0.66
CHE.24_1,CHE,861687,0.754
CHE.25_1,CHE,137160,0.853
CHE.26_1,CHE,1565468,0.909
CHL.2_1,CHL,608126,0.903
CHL.3_1,CHL,1117324,0.612
CHL.4_1,CHL,155366,0.819
CHL.5_1,CHL,333254,0.803
CHL.1_1,CHL,127708,0.606
CHL.6_1,CHL,1775259,0.813
CHL.7_1,CHL,883476,0.733
CHL.8_1,CHL,1031119,0.618
CHL.9_1,CHL,1049626,0.635
CHL.10_1,CHL,408820,0.606
CHL.11_1,CHL,165741,0.849
CHL.12_1,CHL,1160498,0.577
CHL.13_1,CHL,484788,0.531
CHL.14_1,CHL,7849680,0.961
CHL.15_1,CHL,232277,0.795
CHL.16_1,CHL,2084229,0.852
CHN.1_1,CHN,61972241,0.837
CHN.2_1,CHN,24160762,0.973
CHN.3_1,CHN,32945209,0.855
CHN.4_1,CHN,38091605,0.879
CHN.5_1,CHN,24760786,0.721
CHN.6_1,CHN,122571529,0.935
CHN.7_1,CHN,47765579,0.739
CHN.8_1,CHN,33704984,0.693
CHN.9_1,CHN,9706129,0.778
CHN.10_1,CHN,76965824,0.879
CHN.11_1,CHN,39072464,0.646
CHN.12_1,CHN,97280259,0.903
CHN.HKG,CHN,7419246,0.995
CHN.13_1,CHN,54607126,0.809
CHN.14_1,CHN,67848472,0.817
CHN.15_1,CHN,91925625,0.929
CHN.16_1,CHN,50373071,0.822
CHN.17_1,CHN,26945926,0.648
CHN.18_1,CHN,44799045,0.77
CHN.MAC,CHN,706596,0.999
CHN.19_1,CHN,25688865,0.628
CHN.20_1,CHN,7435534,0.785
CHN.21_1,CHN,6506883,0.76
CHN.22_1,CHN,38093941,0.819
CHN.23_1,CHN,97661867,0.897
CHN.24_1,CHN,34043944,0.995
CHN.25_1,CHN,39618988,0.824
CHN.26_1,CHN,74894993,0.798
CHN.27_1,CHN,16109043,0.965
CHN.28_1,CHN,26223340,0.732
Z02.28_1,CHN,144,0.0
Z03.28_1,CHN,3655,0.0
CHN.29_1,CHN,3299301,0.356
Z03.29_1,CHN,650,0.0
Z08.29_1,CHN,133,0.0
CHN.30_1,CHN,47874633,0.696
CHN.31_1,CHN,60215745,0.924
CIV.1_1,CIV,6612331,0.989
CIV.2_1,CIV,3055509,0.607
CIV.3_1,CIV,1502140,0.647
CIV.4_1,CIV,371592,0.372
CIV.5_1,CIV,2163104,0.632
CIV.6_1,CIV,1616767,0.452
CIV.7_1,CIV,1719785,0.63
CIV.8_1,CIV,3284045,0.601
CIV.9_1,CIV,3086712,0.64
CIV.10_1,CIV,2308345,0.549
CIV.11_1,CIV,1823035,0.627
CIV.12_1,CIV,1186469,0.393
CIV.13_1,CIV,453221,0.765
CIV.14_1,CIV,1137049,0.351
CMR.1_1,CMR,1472233,0.66
CMR.2_1,CMR,7025529,0.872
CMR.3_1,CMR,1062394,0.628
CMR.4_1,CMR,4801400,0.627
CMR.5_1,CMR,5408585,0.943
CMR.7_1,CMR,3201734,0.578
CMR.6_1,CMR,2250284,0.717
CMR.8_1,CMR,2049729,0.692
CMR.10_1,CMR,993545,0.565
CMR.9_1,CMR,1890219,0.725
COD.1_1,COD,1267892,0.642
COD.2_1,COD,2070024,0.558
COD.3_1,COD,9458685,0.845
COD.4_1,COD,7943653,0.802
COD.5_1,COD,1773414,0.531
COD.6_1,COD,5223462,0.713
COD.9_1,COD,5754776,0.75
COD.7_1,COD,6721218,0.779
COD.8_1,COD,4818267,0.913
COD.10_1,COD,13492081,0.985
COD.11_1,COD,4550969,0.635
COD.12_1,COD,1852841,0.377
COD.13_1,COD,3550740,0.436
COD.14_1,COD,3537986,0.638
COD.15_1,COD,3993344,0.765
COD.16_1,COD,1345843,0.415
COD.17_1,COD,2580593,0.622
COD.18_1,COD,1917327,0.566
COD.19_1,COD,7996675,0.864
COD.20_1,COD,1303757,0.538
COD.21_1,COD,166484,0.361
COD.22_1,COD,5203173,0.831
COD.23_1,COD,2499751,0.541
COD.24_1,COD,5513886,0.706
COD.25_1,COD,3161813,0.558
COD.26_1,COD,1391460,0.286
COG.1_1,COG,187325,0.669
COG.2_1,COG,2764324,1.0
COG.4_1,COG,130740,0.703
COG.3_1,COG,165661,0.727
COG.5_1,COG,526048,0.842
COG.6_1,COG,137824,0.556
COG.7_1,COG,1521509,0.785
COG.8_1,COG,99745,0.667
COG.9_1,COG,73403,0.3
COG.10_1,COG,255843,1.0
COG.11_1,COG,435625,0.981
COG.12_1,COG,85609,0.699
COK.1_1,COK,3800,0.0
COK.2_1,COK,601,0.0
COK.3_1,COK,714,0.0
COK.4_1,COK,148,0.0
COK.5_1,COK,310,0.0
COK.6_1,COK,258,0.0
COK.7_1,COK,142,0.0
COK.8_1,COK,187,0.0
COK.9_1,COK,589,0.0
COK.10_1,COK,48,0.0
COK.11_1,COK,10180,0.0
COL.1_2,COL,120359,0.596
COL.2_2,COL,6048108,0.827
COL.3_2,COL,387308,0.626
COL.4_2,COL,2690945,0.958
COL.5_2,COL,9391758,0.998
COL.6_2,COL,2857694,0.82
COL.7_2,COL,1111369,0.577
COL.8_2,COL,860619,0.8
COL.9_2,COL,561083,0.632
COL.10_2,COL,896504,0.749
COL.11_2,COL,1387662,0.554
COL.12_2,COL,1117117,0.823
COL.13_2,COL,479553,0.507
COL.14_2,COL,2014972,0.669
COL.15_2,COL,3335684,0.807
COL.16_2,COL,102544,0.535
COL.17_2,COL,146887,0.538
COL.18_2,COL,1157282,0.663
COL.19_2,COL,1210285,0.725
COL.20_2,COL,1188537,0.766
COL.21_2,COL,912400,0.671
COL.22_2,COL,1697643,0.674
COL.23_2,COL,1318945,0.805
COL.24_2,COL,431494,0.641
COL.25_2,COL,597272,0.842
COL.26_2,COL,917546,0.874
COL.27_1,COL,81533,0.937
COL.28_2,COL,2318184,0.782
COL.29_2,COL,817113,0.71
COL.30_2,COL,1292021,0.774
COL.31_2,COL,4899599,0.931
COL.32_2,COL,84610,0.476
COL.33_2,COL,73589,0.459
COM.3_1,COM,359882,0.97
COM.2_1,COM,461709,0.85
COM.1_1,COM,60840,0.559
CPV.1_1,CPV,30688,0.785
CPV.2_1,CPV,5790,0.0
CPV.3_1,CPV,7646,0.0
CPV.4_1,CPV,6380,0.0
CPV.5_1,CPV,23243,0.876
CPV.6_1,CPV,8221,0.628
CPV.7_1,CPV,15116,0.866
CPV.8_1,CPV,8875,0.0
CPV.9_1,CPV,24768,0.488
CPV.10_1,CPV,8324,0.0
CPV.11_1,CPV,25285,0.825
CPV.12_1,CPV,37984,0.694
CPV.13_1,CPV,20187,0.549
CPV.14_1,CPV,7913,0.004
CPV.15_1,CPV,13311,0.009
CPV.16_1,CPV,17371,0.662
CPV.17_1,CPV,170438,0.997
CPV.18_1,CPV,6909,0.0
CPV.19_1,CPV,19780,0.913
CPV.20_1,CPV,104147,0.9
CPV.21_1,CPV,40029,0.854
CPV.22_1,CPV,5878,0.0
CRI.1_1,CRI,1226528,0.739
CRI.2_1,CRI,553753,0.836
CRI.3_1,CRI,409492,0.394
CRI.4_1,CRI,538229,0.879
CRI.5_1,CRI,437483,0.521
CRI.6_1,CRI,475227,0.464
CRI.7_1,CRI,1638545,0.903
CUB.1_1,CUB,764446,0.768
CUB.2_1,CUB,432328,0.673
CUB.3_1,CUB,409848,0.76
CUB.4_1,CUB,2127277,0.989
CUB.5_1,CUB,829640,0.856
CUB.6_1,CUB,509151,0.774
CUB.7_1,CUB,1023951,0.86
CUB.8_1,CUB,80305,0.691
CUB.9_1,CUB,368069,0.714
CUB.10_1,CUB,527322,0.852
CUB.11_1,CUB,716884,0.766
CUB.12_1,CUB,375234,0.645
CUB.13_1,CUB,701407,0.703
CUB.14_1,CUB,455066,0.708
CUB.15_1,CUB,1059356,0.873
CUB.16_1,CUB,761673,0.744
CYM.1_1,CYM,13961,0.985
CYM.3_1,CYM,868,0.0
CYM.4_1,CYM,41665,0.993
CYM.6_1,CYM,1541,0.277
CYM.8_1,CYM,1771,0.0
CYM.7_1,CYM,10153,0.959
CYP.1_1,CYP,46457,0.436
CYP.2_1,CYP,141965,0.738
CYP.3_1,CYP,267020,0.85
CYP.4_1,CYP,336512,0.8
CYP.5_1,CYP,119177,0.699
CZE.1_1,CZE,607461,0.45
CZE.2_1,CZE,1166962,0.583
CZE.3_1,CZE,280304,0.53
CZE.4_1,CZE,492080,0.359
CZE.5_1,CZE,526801,0.468
CZE.6_1,CZE,419909,0.555
CZE.7_1,CZE,1122628,0.706
CZE.8_1,CZE,579496,0.503
CZE.9_1,CZE,492375,0.478
CZE.10_1,CZE,575090,0.465
CZE.11_1,CZE,1363879,0.994
CZE.12_1,CZE,1551448,0.568
CZE.13_1,CZE,789794,0.685
CZE.14_1,CZE,546804,0.473
DEU.1_1,DEU,10996202,0.754
DEU.2_1,DEU,13347533,0.613
DEU.3_1,DEU,3628953,0.998
DEU.4_1,DEU,2446971,0.584
DEU.5_1,DEU,709353,0.989
DEU.6_1,DEU,1800793,0.99
DEU.7_1,DEU,6256343,0.758
DEU.8_1,DEU,1498496,0.493
DEU.9_1,DEU,7899492,0.61
DEU.10_1,DEU,18359719,0.873
DEU.11_1,DEU,4169996,0.621
DEU.12_1,DEU,973977,0.786
DEU.14_1,DEU,4127762,0.698
DEU.13_1,DEU,2100161,0.567
DEU.15_1,DEU,2913503,0.67
DEU.16_1,DEU,2026273,0.51
DJI.1_2,DJI,115391,0.859
DJI.6_1,DJI,36948,0.575
DJI.2_1,DJI,78832,0.717
DJI.3_1,DJI,753819,0.995
DJI.4_1,DJI,51857,0.708
DJI.5_1,DJI,128255,0.613
DMA.1_1,DMA,8457,0.0
DMA.2_1,DMA,5304,0.0
DMA.3_1,DMA,22767,0.887
DMA.4_1,DMA,7563,0.785
DMA.5_1,DMA,5326,0.0
DMA.6_1,DMA,1817,0.0
DMA.7_1,DMA,1745,0.0
DMA.8_1,DMA,6765,0.0
DMA.9_1,DMA,11763,0.513
DMA.10_1,DMA,1327,0.0
DNK.1_1,DNK,1917611,0.925
DNK.2_1,DNK,1362366,0.581
DNK.3_1,DNK,585727,0.445
DNK.4_1,DNK,831483,0.463
DNK.5_1,DNK,1255290,0.534
DOM.1_1,DOM,222186,0.653
DOM.2_1,DOM,127231,0.665
DOM.3_1,DOM,190531,0.767
DOM.4_1,DOM,63036,0.423
DOM.5_1,DOM,1061503,1.0
DOM.6_1,DOM,324906,0.736
DOM.7_1,DOM,82943,0.538
DOM.8_1,DOM,290983,0.88
DOM.9_1,DOM,97119,0.553
DOM.10_1,DOM,58424,0.521
DOM.11_1,DOM,320412,0.793
DOM.12_1,DOM,59608,0.45
DOM.13_1,DOM,308375,0.948
DOM.14_1,DOM,434791,0.836
DOM.15_1,DOM,177874,0.681
DOM.16_1,DOM,173569,0.869
DOM.17_1,DOM,113993,0.496
DOM.18_1,DOM,221461,0.621
DOM.19_1,DOM,66322,0.714
DOM.20_1,DOM,289380,0.898
DOM.21_1,DOM,322535,0.719
DOM.22_1,DOM,86121,0.709
DOM.23_1,DOM,110005,0.653
DOM.24_1,DOM,670793,0.93
DOM.25_1,DOM,57987,0.526
DOM.26_1,DOM,216275,0.574
DOM.27_1,DOM,369125,0.852
DOM.28_1,DOM,142948,0.681
DOM.30_1,DOM,1029426,0.902
DOM.29_1,DOM,48429,0.494
DOM.31_1,DOM,3558339,0.974
DOM.32_1,DOM,228334,0.789
DZA.1_1,DZA,630527,0.654
DZA.2_1,DZA,1029502,0.766
DZA.3_1,DZA,482305,0.728
DZA.4_1,DZA,3876998,0.997
DZA.5_1,DZA,717848,0.91
DZA.6_1,DZA,1533068,0.742
DZA.7_1,DZA,381580,0.79
DZA.8_1,DZA,1073086,0.813
DZA.9_1,DZA,1103051,0.761
DZA.10_1,DZA,1575543,0.965
DZA.11_1,DZA,815225,0.732
DZA.12_1,DZA,867816,0.674
DZA.13_1,DZA,1201989,0.924
DZA.14_1,DZA,1359691,0.799
DZA.15_1,DZA,1157257,0.919
DZA.16_1,DZA,2047489,0.776
DZA.17_1,DZA,393199,0.739
DZA.18_1,DZA,1020861,0.866
DZA.19_1,DZA,547720,0.729
DZA.20_1,DZA,523033,0.877
DZA.21_1,DZA,615708,0.679
DZA.22_1,DZA,109051,0.557
DZA.23_1,DZA,798097,0.83
DZA.24_1,DZA,533814,0.742
DZA.25_1,DZA,863193,0.821
DZA.26_1,DZA,1463917,0.72
DZA.27_1,DZA,1053150,0.734
DZA.28_1,DZA,911390,0.546
DZA.29_1,DZA,999449,0.773
DZA.30_1,DZA,1001049,0.823
DZA.31_1,DZA,400329,0.833
DZA.32_1,DZA,1979397,0.948
DZA.33_1,DZA,856293,0.87
DZA.34_1,DZA,878899,0.779
DZA.35_1,DZA,938861,0.715
DZA.36_1,DZA,459203,0.659
DZA.37_1,DZA,1965780,0.756
DZA.38_1,DZA,794274,0.783
DZA.39_1,DZA,1181894,0.821
DZA.40_1,DZA,618234,0.735
DZA.41_1,DZA,279916,0.763
DZA.42_1,DZA,898467,0.77
DZA.43_1,DZA,1162596,0.676
DZA.44_1,DZA,133139,0.778
DZA.45_1,DZA,799726,0.864
DZA.46_1,DZA,405429,0.671
DZA.47_1,DZA,1234839,0.839
DZA.48_1,DZA,1220999,0.762
ECU.1_1,ECU,933643,0.759
ECU.2_1,ECU,197731,0.459
ECU.3_1,ECU,252970,0.629
ECU.4_1,ECU,179268,0.564
ECU.5_1,ECU,532622,0.593
ECU.6_1,ECU,496974,0.593
ECU.7_1,ECU,703487,0.78
ECU.8_1,ECU,695257,0.683
ECU.9_1,ECU,37405,0.759
ECU.10_1,ECU,4768548,0.9
ECU.11_1,ECU,482222,0.792
ECU.12_1,ECU,501436,0.568
ECU.13_1,ECU,983250,0.694
ECU.14_1,ECU,1652218,0.658
ECU.15_1,ECU,206999,0.287
ECU.16_1,ECU,199786,0.518
ECU.17_1,ECU,262975,0.479
ECU.18_1,ECU,128397,0.588
ECU.19_1,ECU,3373612,0.942
ECU.20_1,ECU,436226,0.833
ECU.21_1,ECU,546958,0.806
ECU.22_1,ECU,270638,0.475
ECU.23_1,ECU,600597,0.851
ECU.24_1,ECU,114207,0.243
EGY.1_1,EGY,7378253,0.979
EGY.2_1,EGY,379383,0.845
EGY.3_1,EGY,7101655,0.929
EGY.4_1,EGY,4047601,0.978
EGY.5_1,EGY,5851927,0.986
EGY.6_1,EGY,6824599,0.981
EGY.7_1,EGY,1488876,0.891
EGY.8_1,EGY,11663131,0.986
EGY.9_1,EGY,4824059,0.985
EGY.10_1,EGY,6309866,0.967
EGY.11_1,EGY,10592687,0.996
EGY.12_1,EGY,7229109,0.999
EGY.13_1,EGY,6206727,0.999
EGY.14_1,EGY,271673,0.543
EGY.15_1,EGY,758333,0.888
EGY.16_1,EGY,8945970,0.98
EGY.17_1,EGY,1528405,0.933
EGY.18_1,EGY,5256787,0.981
EGY.19_1,EGY,3533433,0.98
EGY.20_1,EGY,925695,0.967
EGY.21_1,EGY,1690154,0.989
EGY.22_1,EGY,186845,0.599
EGY.23_1,EGY,3910222,0.956
EGY.24_1,EGY,588045,0.704
EGY.25_1,EGY,2589807,0.951
EGY.26_1,EGY,549122,0.662
EGY.27_1,EGY,5611750,0.991
ERI.6_1,ERI,464465,0.789
ERI.5_1,ERI,908884,0.441
ERI.3_1,ERI,117298,0.746
ERI.4_1,ERI,887920,0.509
ERI.1_1,ERI,391785,0.781
ERI.2_1,ERI,1084284,0.815
ESH.1_1,ESH,60766,0.966
ESH.2_1,ESH,67815,0.956
ESH.3_1,ESH,270633,0.909
ESH.4_1,ESH,208882,0.882
ESP.1_1,ESP,8058849,0.752
ESP.2_1,ESP,1341175,0.686
ESP.3_1,ESP,530956,0.683
ESP.4_1,ESP,2051456,0.533
ESP.5_1,ESP,2167204,0.573
ESP.6_1,ESP,8336746,0.879
ESP.7_1,ESP,155893,0.994
ESP.8_1,ESP,7486701,0.958
ESP.9_1,ESP,613705,0.645
ESP.10_1,ESP,5071049,0.832
ESP.11_1,ESP,932505,0.421
ESP.12_1,ESP,2328784,0.589
ESP.13_1,ESP,1243694,0.743
ESP.14_1,ESP,2148529,0.854
ESP.15_1,ESP,334203,0.719
ESP.16_1,ESP,1974058,0.871
ESP.17_1,ESP,984531,0.715
ESP.18_1,ESP,1581881,0.746
EST.1_1,EST,669952,0.838
EST.2_1,EST,4319,0.0
EST.3_1,EST,118837,0.71
EST.4_1,EST,23388,0.218
EST.5_1,EST,23443,0.0
EST.7_1,EST,17077,0.458
EST.6_1,EST,42555,0.251
EST.8_1,EST,78177,0.58
EST.9_1,EST,53,0.0
EST.10_1,EST,23672,0.0
EST.11_1,EST,41699,0.169
EST.12_1,EST,40470,0.485
EST.13_1,EST,141818,0.672
EST.14_1,EST,23253,0.34
EST.15_1,EST,36854,0.347
EST.16_1,EST,25905,0.327
ETH.1_1,ETH,7007031,0.999
ETH.2_1,ETH,2282228,0.524
ETH.3_1,ETH,27238538,0.571
ETH.4_1,ETH,1441295,0.494
ETH.5_1,ETH,585315,0.924
ETH.6_1,ETH,786333,0.747
ETH.7_1,ETH,321042,0.889
ETH.8_1,ETH,50326370,0.65
ETH.9_1,ETH,7799694,0.678
ETH.10_1,ETH,27207233,0.837
ETH.11_1,ETH,7772698,0.578
FIN.1_1,FIN,565369,0.432
FIN.2_1,FIN,168156,0.415
FIN.3_1,FIN,486220,0.502
FIN.4_1,FIN,1968652,0.799
FIN.5_1,FIN,2273827,0.521
FJI.1_1,FJI,425323,0.739
FJI.2_1,FJI,35065,0.0
FJI.3_1,FJI,129493,0.303
FJI.4_1,FJI,1177,0.0
FJI.5_1,FJI,352341,0.475
FRA.1_1,FRA,8061788,0.603
FRA.2_1,FRA,2779386,0.402
FRA.3_1,FRA,3421184,0.399
FRA.4_1,FRA,2547117,0.449
FRA.5_1,FRA,341222,0.456
FRA.6_1,FRA,5416652,0.551
FRA.7_1,FRA,5813642,0.642
FRA.8_1,FRA,12295869,0.942
FRA.9_1,FRA,3257970,0.452
FRA.10_1,FRA,5999189,0.444
FRA.11_1,FRA,6148587,0.571
FRA.12_1,FRA,3880545,0.442
FRA.13_1,FRA,5024853,0.766
FRO.1_1,FRO,13144,0.0
FRO.2_1,FRO,6027,0.0
FRO.3_1,FRO,1100,0.0
FRO.4_1,FRO,21771,0.808
FRO.5_1,FRO,4612,0.0
FRO.6_1,FRO,3950,0.0
FSM.1_1,FSM,51455,0.271
FSM.2_1,FSM,5596,0.0
FSM.3_1,FSM,42893,0.421
FSM.4_1,FSM,12976,0.0
GAB.1_1,GAB,1080240,0.957
GAB.2_1,GAB,665084,0.837
GAB.3_1,GAB,76766,0.702
GAB.4_1,GAB,106913,0.526
GAB.5_1,GAB,52222,0.467
GAB.6_1,GAB,68622,0.587
GAB.7_1,GAB,87493,0.575
GAB.8_1,GAB,137464,0.892
GAB.9_1,GAB,245839,0.661
GBR.2_1,GBR,1956712,0.626
GBR.3_1,GBR,5533880,0.809
GBR.4_1,GBR,3173695,0.766
GBR.1_1,GBR,57465429,0.881
,GBR,22335,0.874
GEO.1_1,GEO,319173,0.524
GEO.2_1,GEO,337753,0.68
GEO.3_1,GEO,104782,0.35
GEO.4_1,GEO,458331,0.532
GEO.5_1,GEO,290301,0.498
GEO.6_1,GEO,442725,0.63
GEO.7_1,GEO,83384,0.367
GEO.8_1,GEO,24799,0.0
GEO.9_1,GEO,269491,0.368
GEO.10_1,GEO,144952,0.302
GEO.11_1,GEO,243842,0.534
GEO.12_1,GEO,987602,0.995
GGY.1_1,GGY,1881,0.0
GGY.3_1,GGY,8357,0.873
GGY.4_1,GGY,1526,0.929
GGY.7_1,GGY,2653,0.987
GGY.8_1,GGY,6394,0.959
GGY.9_1,GGY,18009,0.995
GGY.10_1,GGY,2367,0.72
GGY.11_1,GGY,9352,1.0
GGY.12_1,GGY,2754,0.731
GGY.13_1,GGY,608,0.0
GGY.14_1,GGY,559,0.63
GGY.15_1,GGY,9406,0.992
GHA1_2,GHA,613477,0.615
GHA2_2,GHA,8026836,0.859
GHA3_2,GHA,1196417,0.75
GHA4_2,GHA,1192615,0.712
GHA5_2,GHA,3033692,0.79
GHA6_2,GHA,3317377,0.715
GHA7_2,GHA,5943936,0.98
GHA8_2,GHA,669268,0.553
GHA9_2,GHA,2518915,0.684
GHA10_2,GHA,805289,0.6
GHA11_2,GHA,691562,0.459
GHA12_2,GHA,1149721,0.545
GHA13_2,GHA,869378,0.367
GHA14_2,GHA,2090095,0.737
GHA15_2,GHA,2572232,0.783
GHA16_2,GHA,868110,0.436
GIN.1_1,GIN,1455873,0.466
GIN.2_1,GIN,2161996,0.999
GIN.3_1,GIN,1315072,0.36
GIN.4_1,GIN,3255528,0.59
GIN.5_1,GIN,2485578,0.606
GIN.6_1,GIN,1313913,0.333
GIN.7_1,GIN,881396,0.258
GIN.8_1,GIN,2002608,0.435
GLP.1_1,GLP,189457,0.798
GLP.2_1,GLP,206519,0.674
GMB.1_1,GMB,513821,0.998
GMB.2_1,GMB,90379,0.323
GMB.3_1,GMB,270825,0.288
GMB.4_1,GMB,291690,0.408
GMB.5_1,GMB,315027,0.619
GMB.6_1,GMB,1423924,0.929
GNB.1_1,GNB,292323,0.349
GNB.2_1,GNB,172417,0.817
GNB.3_1,GNB,594633,0.998
GNB.4_1,GNB,41850,0.436
GNB.5_1,GNB,249871,0.395
GNB.6_1,GNB,321354,0.379
GNB.7_1,GNB,312881,0.292
GNB.8_1,GNB,88216,0.196
GNB.9_1,GNB,123958,0.172
GNQ.1_1,GNQ,979,0.0
GNQ.2_1,GNQ,793324,0.977
GNQ.3_1,GNQ,6596,0.0
GNQ.4_1,GNQ,25205,0.0
GNQ.5_1,GNQ,33214,0.124
GNQ.6_1,GNQ,895995,0.923
GNQ.7_1,GNQ,35854,0.323
GRC.1_1,GRC,483235,0.401
GRC.2_1,GRC,1675,0.0
GRC.3_1,GRC,3667040,0.954
GRC.4_1,GRC,626186,0.573
GRC.5_1,GRC,591134,0.447
GRC.6_1,GRC,2388679,0.606
GRC.7_1,GRC,1305323,0.418
GRC.8_1,GRC,1183796,0.457
GRD.1_1,GRD,4919,0.0
GRD.2_1,GRD,28687,0.817
GRD.3_1,GRD,16461,0.918
GRD.4_1,GRD,51621,0.94
GRD.5_1,GRD,7603,0.0
GRD.6_1,GRD,4615,0.0
GRD.7_1,GRD,12808,0.665
GRL.1_1,GRL,6072,0.0
GRL.2_1,GRL,0,0.0
GRL.3_1,GRL,11839,0.0
GRL.4_1,GRL,7815,0.626
GRL.5_1,GRL,22445,0.801
GTM.1_1,GTM,1546260,0.621
GTM.2_1,GTM,350433,0.53
GTM.3_1,GTM,824869,0.862
GTM.4_1,GTM,464640,0.562
GTM.5_1,GTM,182895,0.569
GTM.6_1,GTM,798965,0.706
GTM.7_1,GTM,3552788,0.967
GTM.8_1,GTM,1464614,0.614
GTM.9_1,GTM,530477,0.574
GTM.10_1,GTM,425146,0.625
GTM.11_1,GTM,523144,0.513
GTM.12_1,GTM,953637,0.498
GTM.13_1,GTM,985977,0.87
GTM.14_1,GTM,1378559,0.633
GTM.15_1,GTM,378596,0.743
GTM.16_1,GTM,383884,0.943
GTM.17_1,GTM,1291982,0.731
GTM.18_1,GTM,414773,0.604
GTM.19_1,GTM,599864,0.916
GTM.20_1,GTM,658748,0.805
GTM.21_1,GTM,660743,0.899
GTM.22_1,GTM,253349,0.587
GUF.1_1,GUF,197325,0.804
GUF.2_1,GUF,129514,0.634
GUM.1_1,GUM,3378,0.999
GUM.2_1,GUM,6905,0.922
GUM.3_1,GUM,2108,0.228
GUM.4_1,GUM,8819,0.93
GUM.5_1,GUM,7987,0.903
GUM.6_1,GUM,45668,0.957
GUM.7_1,GUM,926,0.896
GUM.8_1,GUM,2587,0.0
GUM.9_1,GUM,17561,0.856
GUM.10_1,GUM,2562,0.0
GUM.11_1,GUM,7982,1.0
GUM.12_1,GUM,1135,0.0
GUM.13_1,GUM,5648,0.306
GUM.14_1,GUM,2264,0.899
GUM.15_1,GUM,4935,0.842
GUM.16_1,GUM,21205,0.978
GUM.17_1,GUM,1122,0.0
GUM.18_1,GUM,21178,0.876
GUM.19_1,GUM,11108,0.805
GUY.1_1,GUY,34591,0.0
GUY.2_1,GUY,26657,0.456
GUY.3_1,GUY,327997,0.931
GUY.4_1,GUY,107850,0.741
GUY.5_1,GUY,129928,0.828
GUY.6_1,GUY,54177,0.604
GUY.7_1,GUY,50258,0.566
GUY.8_1,GUY,11890,0.0
GUY.9_1,GUY,42358,0.671
GUY.10_1,GUY,37080,0.202
HND.1_1,HND,626321,0.74
HND.2_1,HND,469956,0.46
HND.3_1,HND,368218,0.413
HND.4_1,HND,651534,0.515
HND.5_1,HND,467991,0.365
HND.6_1,HND,2215999,0.906
HND.7_1,HND,537779,0.301
HND.8_1,HND,2274771,0.839
HND.9_1,HND,116624,0.278
HND.10_1,HND,284847,0.216
HND.11_1,HND,92657,0.754
HND.12_1,HND,234163,0.346
HND.13_1,HND,382782,0.187
HND.14_1,HND,185915,0.309
HND.15_1,HND,625883,0.286
HND.16_1,HND,507198,0.356
HND.17_1,HND,191886,0.424
HND.18_1,HND,679881,0.538
HRV.1_1,HRV,101196,0.306
HRV.2_1,HRV,136141,0.482
HRV.3_1,HRV,117289,0.414
HRV.4_1,HRV,855949,0.92
HRV.5_1,HRV,200528,0.429
HRV.6_1,HRV,114314,0.404
HRV.7_1,HRV,101769,0.288
HRV.8_1,HRV,117564,0.052
HRV.9_1,HRV,46104,0.0
HRV.10_1,HRV,102287,0.305
HRV.11_1,HRV,265049,0.537
HRV.12_1,HRV,66829,0.252
HRV.13_1,HRV,270242,0.64
HRV.14_1,HRV,97072,0.442
HRV.15_1,HRV,152164,0.371
HRV.16_1,HRV,426773,0.677
HRV.17_1,HRV,163384,0.333
HRV.18_1,HRV,72582,0.274
HRV.19_1,HRV,141453,0.391
HRV.20_1,HRV,171056,0.491
HRV.21_1,HRV,238827,0.452
HTI.1_1,HTI,924466,0.643
HTI.2_1,HTI,585288,0.764
HTI.3_1,HTI,2328941,0.892
HTI.4_1,HTI,439094,0.765
HTI.7_1,HTI,1328043,0.906
HTI.5_1,HTI,472980,0.7
HTI.6_1,HTI,1055384,0.9
HTI.8_1,HTI,3187880,0.894
HTI.10_1,HTI,882080,0.805
HTI.9_1,HTI,785819,0.806
HUN.1_1,HUN,485836,0.491
HUN.2_1,HUN,346727,0.543
HUN.3_1,HUN,318153,0.47
HUN.4_1,HUN,664433,0.496
HUN.5_1,HUN,1889258,0.995
HUN.6_1,HUN,400960,0.688
HUN.7_1,HUN,448495,0.5
HUN.8_1,HUN,494355,0.548
HUN.9_1,HUN,619551,0.669
HUN.10_1,HUN,308176,0.448
HUN.11_1,HUN,374879,0.547
HUN.12_1,HUN,242226,0.609
HUN.13_1,HUN,192399,0.351
HUN.14_1,HUN,1179792,0.727
HUN.15_1,HUN,294035,0.372
HUN.16_1,HUN,596164,0.36
HUN.17_1,HUN,213531,0.419
HUN.18_1,HUN,250528,0.505
HUN.19_1,HUN,315424,0.48
HUN.20_1,HUN,235921,0.436
IDN.1_1,IDN,4598824,0.766
IDN.2_1,IDN,4836112,0.936
IDN.3_1,IDN,1706630,0.669
IDN.4_1,IDN,14498321,0.974
IDN.5_1,IDN,1910789,0.674
IDN.6_1,IDN,1302489,0.797
IDN.7_1,IDN,11129211,0.999
IDN.8_1,IDN,4011908,0.689
IDN.9_1,IDN,53777609,0.97
IDN.10_1,IDN,32184690,0.951
IDN.11_1,IDN,38548487,0.948
IDN.12_1,IDN,5123561,0.546
IDN.13_1,IDN,4391631,0.735
IDN.14_1,IDN,2706330,0.497
IDN.34_1,IDN,4534132,0.746
IDN.35_1,IDN,811823,0.677
IDN.16_1,IDN,2804499,0.9
IDN.17_1,IDN,8596476,0.791
IDN.19_1,IDN,2101098,0.697
IDN.18_1,IDN,1715951,0.648
IDN.20_1,IDN,5207967,0.893
IDN.21_1,IDN,5700808,0.571
IDN.23_1,IDN,7250439,0.772
IDN.22_1,IDN,1385544,0.72
IDN.24_1,IDN,8670476,0.713
IDN.25_1,IDN,1728456,0.722
IDN.26_1,IDN,9170011,0.782
IDN.27_1,IDN,3254501,0.657
IDN.28_1,IDN,3029468,0.673
IDN.29_1,IDN,2776296,0.812
IDN.30_1,IDN,5472747,0.805
IDN.31_1,IDN,8054398,0.68
IDN.32_1,IDN,14365374,0.792
IDN.33_1,IDN,3731824,0.951
IMN.1_2,IMN,1383,0.0
IMN.2_2,IMN,3383,0.235
IMN.3_2,IMN,921,0.0
IMN.4_2,IMN,4704,0.584
IMN.5_2,IMN,309,0.0
IMN.6_2,IMN,2676,0.0
IMN.7_2,IMN,26608,0.994
IMN.8_2,IMN,3564,0.001
IMN.9_2,IMN,1168,0.219
IMN.10_2,IMN,1162,0.0
IMN.11_2,IMN,1457,0.095
IMN.12_2,IMN,2362,0.0
IMN.13_2,IMN,2699,0.0
IMN.14_2,IMN,1771,0.0
IMN.15_2,IMN,8448,0.925
IMN.16_2,IMN,1962,0.037
IMN.17_2,IMN,7071,1.0
IMN.18_2,IMN,2711,0.948
IMN.19_2,IMN,1825,0.989
IMN.20_2,IMN,8068,0.975
IMN.21_2,IMN,666,0.0
IND.1_1,IND,394215,0.76
IND.2_1,IND,53319147,0.771
IND.3_1,IND,670630,0.457
Z07.3_1,IND,1106077,0.396
IND.4_1,IND,36221870,0.899
IND.5_1,IND,133169097,0.983
IND.6_1,IND,1006250,1.0
IND.7_1,IND,31070079,0.692
IND.8_1,IND,659587,0.964
IND.9_1,IND,243257,0.992
IND.10_1,IND,1543332,0.882
IND.11_1,IND,74341360,0.8
IND.12_1,IND,30545986,0.835
IND.13_1,IND,7793492,0.706
Z04.13_1,IND,63,0.0
Z09.13_1,IND,12,0.0
Z01.14_1,IND,15710958,0.885
IND.15_1,IND,41264173,0.868
IND.16_1,IND,73663511,0.747
IND.17_1,IND,45897674,0.972
IND.18_1,IND,63928,0.837
IND.19_1,IND,88482602,0.673
IND.20_1,IND,131174682,0.758
IND.21_1,IND,3605793,0.807
IND.22_1,IND,4028147,0.604
IND.23_1,IND,1435333,0.576
IND.24_1,IND,2016681,0.642
IND.25_1,IND,21907666,0.999
IND.26_1,IND,47744015,0.763
IND.27_1,IND,1398698,0.985
IND.28_1,IND,31808582,0.819
IND.29_1,IND,84635931,0.669
IND.30_1,IND,666339,0.768
IND.31_1,IND,84492898,0.891
IND.32_1,IND,39855795,0.729
IND.33_1,IND,4281431,0.879
IND.34_1,IND,242727849,0.957
IND.35_1,IND,12173477,0.777
Z05.35_1,IND,7,0.0
Z09.35_1,IND,247,0.0
IND.36_1,IND,103514012,0.968
IRL.1_1,IRL,59503,0.337
IRL.2_1,IRL,91450,0.134
IRL.3_1,IRL,118575,0.306
IRL.5_1,IRL,178509,0.149
IRL.6_1,IRL,1320752,0.971
IRL.7_1,IRL,276879,0.386
IRL.8_1,IRL,141655,0.235
IRL.9_1,IRL,253761,0.591
IRL.10_1,IRL,104590,0.3
IRL.11_1,IRL,114692,0.44
IRL.12_1,IRL,35648,0.0
IRL.13_1,IRL,189389,0.452
IRL.14_1,IRL,47594,0.221
IRL.15_1,IRL,138900,0.547
IRL.16_1,IRL,131100,0.157
IRL.17_1,IRL,222807,0.474
IRL.18_1,IRL,64723,0.117
IRL.19_1,IRL,82790,0.356
IRL.20_1,IRL,70508,0.143
IRL.21_1,IRL,68685,0.272
IRL.22_1,IRL,163703,0.227
IRL.23_1,IRL,114083,0.544
IRL.24_1,IRL,93505,0.399
IRL.25_1,IRL,164269,0.307
IRL.26_1,IRL,163502,0.627
IRL.4_1,IRL,558864,0.496
IRN.1_1,IRN,5843239,0.974
IRN.2_1,IRN,1541811,0.81
IRN.3_1,IRN,1269609,0.783
IRN.4_1,IRN,1018919,0.75
IRN.5_1,IRN,3457585,0.79
IRN.6_1,IRN,5137145,0.864
IRN.7_1,IRN,9366803,0.877
IRN.8_1,IRN,2178338,0.792
IRN.9_1,IRN,1743704,0.688
IRN.10_1,IRN,2306431,0.743
IRN.11_1,IRN,1859523,0.709
IRN.12_1,IRN,436836,0.706
IRN.13_1,IRN,4616625,0.841
IRN.14_1,IRN,1741710,0.817
IRN.15_1,IRN,5573364,0.863
IRN.16_1,IRN,686285,0.844
IRN.17_1,IRN,1270093,0.783
IRN.18_1,IRN,1893423,0.802
IRN.19_1,IRN,1762671,0.766
IRN.20_1,IRN,3179557,0.827
IRN.21_1,IRN,911891,0.757
IRN.22_1,IRN,1152731,0.708
IRN.23_1,IRN,1195303,0.86
IRN.24_1,IRN,10211745,0.867
IRN.25_1,IRN,772276,0.741
IRN.26_1,IRN,2580918,0.8
IRN.27_1,IRN,490357,0.595
IRN.28_1,IRN,11000198,0.979
IRN.29_1,IRN,3189382,0.819
IRN.30_1,IRN,1037180,0.821
IRN.31_1,IRN,946490,0.692
IRQ.1_1,IRQ,2623913,0.864
IRQ.2_1,IRQ,3591214,0.943
IRQ.3_1,IRQ,1039377,0.83
IRQ.4_1,IRQ,2038179,0.855
IRQ.5_1,IRQ,1675316,0.96
IRQ.6_1,IRQ,2657369,0.853
IRQ.7_1,IRQ,2208674,0.861
IRQ.8_1,IRQ,1965983,0.838
IRQ.9_1,IRQ,3060581,0.833
IRQ.10_1,IRQ,6414998,0.997
IRQ.11_1,IRQ,2603416,0.863
IRQ.12_1,IRQ,3082548,0.936
IRQ.13_1,IRQ,2109703,0.789
IRQ.14_1,IRQ,1424418,0.966
IRQ.15_1,IRQ,1390875,0.812
IRQ.16_1,IRQ,4854394,0.839
IRQ.17_1,IRQ,3169382,0.895
IRQ.18_1,IRQ,1634427,0.712
ISL.1_1,ISL,12658,0.0
ISL.3_1,ISL,229982,0.963
ISL.2_1,ISL,30395,0.612
ISL.4_1,ISL,7127,0.0
ISL.5_1,ISL,29983,0.283
ISL.6_1,ISL,33039,0.674
ISL.7_1,ISL,4885,0.0
ISL.8_1,ISL,14441,0.421
ISR.1_1,ISR,44038,0.319
ISR.2_1,ISR,1310579,0.851
ISR.3_1,ISR,986793,0.962
ISR.4_1,ISR,2781673,0.981
ISR.5_1,ISR,1515881,0.851
ISR.6_1,ISR,1205265,0.959
ISR.7_1,ISR,1599007,1.0
ITA.1_1,ITA,1221797,0.545
ITA.2_1,ITA,3786704,0.879
ITA.3_1,ITA,491066,0.428
ITA.4_1,ITA,1696111,0.555
ITA.5_1,ITA,5605872,0.859
ITA.6_1,ITA,4504263,0.684
ITA.7_1,ITA,1231321,0.678
ITA.8_1,ITA,5829218,0.828
ITA.9_1,ITA,1455164,0.85
ITA.10_1,ITA,10133258,0.87
ITA.11_1,ITA,1454211,0.611
ITA.12_1,ITA,258892,0.331
ITA.13_1,ITA,4223060,0.701
ITA.14_1,ITA,1500149,0.617
ITA.15_1,ITA,4581326,0.838
ITA.16_1,ITA,3526351,0.729
ITA.17_1,ITA,1039278,0.549
ITA.18_1,ITA,888895,0.584
ITA.19_1,ITA,116227,0.542
ITA.20_1,ITA,4967886,0.74
JAM.1_1,JAM,256357,0.544
JAM.2_1,JAM,72547,0.411
JAM.3_1,JAM,99111,0.961
JAM.4_1,JAM,195529,0.703
JAM.5_1,JAM,83702,0.453
JAM.6_1,JAM,574113,0.959
JAM.7_1,JAM,179986,0.536
JAM.8_1,JAM,564993,0.879
JAM.9_1,JAM,155219,0.318
JAM.10_1,JAM,195738,0.837
JAM.11_1,JAM,116148,0.502
JAM.12_1,JAM,97002,0.635
JAM.13_1,JAM,77807,0.396
JAM.14_1,JAM,150981,0.417
JEY.1_1,JEY,5419,0.898
JEY.2_1,JEY,11967,0.955
JEY.3_1,JEY,10711,1.0
JEY.4_1,JEY,39538,0.997
JEY.5_1,JEY,3505,0.86
JEY.6_1,JEY,6092,0.854
JEY.7_1,JEY,4015,0.71
JEY.8_1,JEY,2072,0.793
JEY.9_1,JEY,4726,0.731
JEY.10_1,JEY,5971,0.923
JEY.11_1,JEY,15697,0.974
JEY.12_1,JEY,3678,0.774
JOR.1_1,JOR,296773,0.91
JOR.2_1,JOR,4687800,0.984
JOR.3_1,JOR,211422,0.835
JOR.4_1,JOR,1123220,0.946
JOR.5_1,JOR,1908950,0.949
JOR.6_1,JOR,183298,0.859
JOR.7_1,JOR,378760,0.829
JOR.8_1,JOR,169386,0.57
JOR.9_1,JOR,243287,0.848
JOR.10_1,JOR,553176,0.719
JOR.11_1,JOR,139101,0.885
JOR.12_1,JOR,1546403,0.969
JPN.1_1,JPN,7711706,0.984
JPN.2_1,JPN,944529,0.595
JPN.3_1,JPN,1185359,0.737
JPN.4_1,JPN,5685753,0.945
JPN.5_1,JPN,1323192,0.843
JPN.6_1,JPN,774747,0.805
JPN.7_1,JPN,4977123,0.965
JPN.8_1,JPN,1901987,0.739
JPN.9_1,JPN,2001629,0.878
JPN.10_1,JPN,1785115,0.919
JPN.11_1,JPN,2627516,0.886
JPN.12_1,JPN,5274432,0.812
JPN.13_1,JPN,5202507,0.926
JPN.14_1,JPN,2671733,0.858
JPN.15_1,JPN,1153716,0.893
JPN.16_1,JPN,1209504,0.615
JPN.17_1,JPN,919414,0.936
JPN.18_1,JPN,1556198,0.727
JPN.19_1,JPN,9589995,0.996
JPN.20_1,JPN,677962,0.737
JPN.21_1,JPN,1761814,0.809
JPN.22_1,JPN,2315029,0.939
JPN.23_1,JPN,1606471,0.864
JPN.24_1,JPN,2492957,0.854
JPN.25_1,JPN,1082315,0.788
JPN.26_1,JPN,2067275,0.838
JPN.27_1,JPN,1282197,0.802
JPN.28_1,JPN,1181890,0.941
JPN.29_1,JPN,2223270,0.808
JPN.30_1,JPN,1122350,0.785
JPN.31_1,JPN,1896123,0.832
JPN.32_1,JPN,1493921,0.92
JPN.33_1,JPN,7918289,0.994
JPN.34_1,JPN,834342,0.825
JPN.35_1,JPN,7006907,0.989
JPN.36_1,JPN,1544900,0.928
JPN.37_1,JPN,632018,0.694
JPN.38_1,JPN,2068120,0.888
JPN.39_1,JPN,1820533,0.823
JPN.40_1,JPN,717322,0.869
JPN.41_1,JPN,13761352,0.997
JPN.42_1,JPN,483511,0.713
JPN.43_1,JPN,1027029,0.9
JPN.44_1,JPN,800421,0.876
JPN.45_1,JPN,1068172,0.716
JPN.46_1,JPN,1373553,0.844
JPN.47_1,JPN,806886,0.855
KAZ.1_1,KAZ,4459705,0.835
KAZ.2_1,KAZ,2135340,0.805
KAZ.3_1,KAZ,941114,0.761
KAZ.4_1,KAZ,523654,0.753
KAZ.5_1,KAZ,1380574,0.71
KAZ.6_1,KAZ,925837,0.893
KAZ.7_1,KAZ,449608,0.481
KAZ.8_1,KAZ,760263,0.739
KAZ.9_1,KAZ,1384422,0.765
KAZ.10_1,KAZ,733726,0.597
KAZ.11_1,KAZ,832687,0.717
KAZ.12_1,KAZ,3815477,0.807
KAZ.13_1,KAZ,577815,0.672
KAZ.14_1,KAZ,1141242,0.717
KEN.1_1,KEN,789255,0.314
KEN.2_1,KEN,1082380,0.94
KEN.3_1,KEN,2033020,0.976
KEN.4_1,KEN,942630,0.951
KEN.5_1,KEN,500948,0.667
KEN.6_1,KEN,891517,0.736
KEN.7_1,KEN,1884808,0.799
KEN.8_1,KEN,1127235,0.782
KEN.9_1,KEN,217990,0.597
KEN.10_1,KEN,1026551,0.548
KEN.11_1,KEN,1822167,0.992
KEN.12_1,KEN,1099805,0.882
KEN.13_1,KEN,1997212,0.955
KEN.14_1,KEN,1471092,0.685
KEN.15_1,KEN,609485,0.897
KEN.16_1,KEN,1382649,0.999
KEN.17_1,KEN,1291417,0.902
KEN.18_1,KEN,1180308,0.15
KEN.19_1,KEN,862086,0.438
KEN.20_1,KEN,579685,0.425
KEN.21_1,KEN,135506,0.287
KEN.22_1,KEN,1293813,0.534
KEN.23_1,KEN,1052754,0.3
KEN.24_1,KEN,3125432,0.891
KEN.25_1,KEN,320156,0.322
KEN.26_1,KEN,1642763,0.846
KEN.27_1,KEN,1185194,0.812
KEN.28_1,KEN,1648323,0.996
KEN.29_1,KEN,1038767,0.892
KEN.30_1,KEN,6007722,0.999
KEN.31_1,KEN,2773489,0.819
KEN.32_1,KEN,1119964,0.853
KEN.33_1,KEN,1288064,0.378
KEN.34_1,KEN,709122,0.977
KEN.35_1,KEN,661947,0.476
KEN.36_1,KEN,761071,0.804
KEN.37_1,KEN,323225,0.255
KEN.38_1,KEN,1016209,0.809
KEN.39_1,KEN,382561,0.502
KEN.40_1,KEN,430041,0.376
KEN.41_1,KEN,360918,0.455
KEN.42_1,KEN,1197484,0.917
KEN.43_1,KEN,1302718,0.394
KEN.44_1,KEN,1466488,0.785
KEN.45_1,KEN,686941,0.999
KEN.46_1,KEN,2064037,0.795
KEN.47_1,KEN,774862,0.269
KGZ.1_1,KGZ,458624,0.685
KGZ.2_1,KGZ,1390263,0.998
KGZ.3_1,KGZ,797488,0.62
KGZ.4_1,KGZ,1339708,0.741
KGZ.5_1,KGZ,300519,0.523
KGZ.7_1,KGZ,1245505,0.71
KGZ.6_1,KGZ,433898,1.0
KGZ.8_1,KGZ,307626,0.502
KGZ.9_1,KGZ,539198,0.643
KHM.1_1,KHM,760999,0.624
KHM.2_1,KHM,1666991,0.719
KHM.3_1,KHM,740198,0.709
KHM.4_1,KHM,447756,0.501
KHM.5_1,KHM,744738,0.513
KHM.6_1,KHM,593095,0.489
KHM.7_1,KHM,561012,0.485
KHM.8_1,KHM,1143527,0.931
KHM.9_1,KHM,90937,0.378
KHM.10_1,KHM,40180,0.72
KHM.11_1,KHM,371768,0.464
KHM.12_1,KHM,437158,0.871
KHM.13_1,KHM,261970,0.733
KHM.14_1,KHM,138003,0.433
KHM.15_1,KHM,2034841,0.874
KHM.16_1,KHM,2457901,0.994
KHM.17_1,KHM,353874,0.306
KHM.18_1,KHM,264962,0.283
KHM.19_1,KHM,757841,0.429
KHM.20_1,KHM,249461,0.279
KHM.21_1,KHM,1144698,0.619
KHM.22_1,KHM,147300,0.262
KHM.23_1,KHM,392270,0.184
KHM.24_1,KHM,751228,0.674
KHM.25_1,KHM,743000,0.591
KNA.1_1,KNA,2187,0.751
KNA.2_1,KNA,2994,0.0
KNA.3_1,KNA,11643,0.935
KNA.4_1,KNA,3274,0.0
KNA.5_1,KNA,2289,0.0
KNA.6_1,KNA,3126,0.359
KNA.7_1,KNA,3939,0.0
KNA.8_1,KNA,3263,0.809
KNA.9_1,KNA,2407,0.0
KNA.10_1,KNA,2231,0.0
KNA.11_1,KNA,3759,0.661
KNA.12_1,KNA,2611,0.0
KNA.13_1,KNA,2285,0.0
KNA.14_1,KNA,1795,0.668
KOR.1_1,KOR,3414557,0.993
KOR.2_1,KOR,1613706,0.76
KOR.3_1,KOR,2275155,0.688
KOR.4_1,KOR,2344131,0.985
KOR.5_1,KOR,1563767,0.983
KOR.6_1,KOR,1543671,0.678
KOR.7_1,KOR,1524239,0.982
KOR.8_1,KOR,13749658,0.962
KOR.9_1,KOR,2525234,0.656
KOR.10_1,KOR,3360172,0.816
KOR.11_1,KOR,2946643,0.977
KOR.12_1,KOR,454308,0.755
KOR.13_1,KOR,1711750,0.71
KOR.14_1,KOR,1498298,0.579
KOR.15_1,KOR,94158,0.516
KOR.16_1,KOR,9868295,1.0
KOR.17_1,KOR,1105744,0.951
KWT.1_1,KWT,786587,0.873
KWT.2_1,KWT,1377398,0.998
KWT.3_1,KWT,373477,0.828
KWT.4_1,KWT,467778,1.0
KWT.5_1,KWT,929882,1.0
KWT.6_1,KWT,443977,0.999
LAO.1_1,LAO,193491,0.269
LAO.2_1,LAO,236627,0.31
LAO.3_1,LAO,447449,0.366
LAO.4_1,LAO,929580,0.504
LAO.5_1,LAO,297102,0.086
LAO.6_1,LAO,523062,0.232
LAO.7_1,LAO,250933,0.299
LAO.8_1,LAO,533509,0.198
LAO.9_1,LAO,441593,0.256
LAO.10_1,LAO,209796,0.024
LAO.11_1,LAO,542697,0.186
LAO.12_1,LAO,1127542,0.279
LAO.14_1,LAO,463777,0.363
LAO.13_1,LAO,611030,0.715
LAO.15_1,LAO,461705,0.263
LAO.16_1,LAO,91407,0.153
LAO.17_1,LAO,157656,0.225
LAO.18_1,LAO,323712,0.238
LBN.1_1,LBN,223248,0.656
LBN.2_1,LBN,379172,0.681
LBN.3_1,LBN,303231,1.0
LBN.4_1,LBN,358302,0.715
LBN.5_1,LBN,1910184,0.938
LBN.6_1,LBN,533250,0.845
LBN.7_1,LBN,622930,0.851
LBN.8_1,LBN,753759,0.918
LBR.1_1,LBR,200258,0.546
LBR.2_1,LBR,423801,0.385
LBR.3_1,LBR,120381,0.133
LBR.5_1,LBR,293734,0.392
LBR.4_1,LBR,191303,0.168
LBR.6_1,LBR,208764,0.49
LBR.7_1,LBR,61045,0.126
LBR.8_1,LBR,436145,0.492
LBR.9_1,LBR,486056,0.783
LBR.10_1,LBR,230428,0.596
LBR.11_1,LBR,1945172,0.947
LBR.12_1,LBR,666894,0.346
LBR.14_1,LBR,123989,0.243
LBR.13_1,LBR,119767,0.066
LBR.15_1,LBR,144894,0.204
LBY.1_1,LBY,192297,0.738
LBY.2_1,LBY,270498,0.665
LBY.3_1,LBY,350260,0.63
LBY.4_1,LBY,258922,0.671
LBY.5_1,LBY,63341,0.66
LBY.6_1,LBY,58937,0.65
LBY.7_1,LBY,87959,0.06
LBY.8_1,LBY,648047,0.601
LBY.9_1,LBY,217956,0.654
LBY.10_1,LBY,366068,0.736
LBY.11_1,LBY,449055,0.766
LBY.12_1,LBY,1139857,0.855
LBY.13_1,LBY,175863,0.606
LBY.14_1,LBY,28307,0.67
LBY.15_1,LBY,472211,0.864
LBY.16_1,LBY,95285,0.612
LBY.17_1,LBY,118890,0.512
LBY.18_1,LBY,162441,0.814
LBY.19_1,LBY,170950,0.565
LBY.20_1,LBY,1517874,0.887
LBY.21_1,LBY,93769,0.372
LBY.22_1,LBY,95697,0.541
LCA.1_1,LCA,8196,0.627
LCA.2_1,LCA,3312,0.101
LCA.3_1,LCA,63914,0.902
LCA.4_1,LCA,6260,0.0
LCA.5_1,LCA,12642,0.507
LCA.6_1,LCA,35694,0.898
LCA.7_1,LCA,5543,0.375
LCA.8_1,LCA,17847,0.456
LCA.9_1,LCA,9038,0.575
LCA.10_1,LCA,18616,0.808
LIE.1_1,LIE,4726,0.957
LIE.2_1,LIE,4548,0.895
LIE.3_1,LIE,1783,0.62
LIE.4_1,LIE,4486,0.959
LIE.5_1,LIE,382,0.0
LIE.6_1,LIE,2412,0.951
LIE.7_1,LIE,6509,0.856
LIE.8_1,LIE,999,0.689
LIE.9_1,LIE,5518,0.932
LIE.10_1,LIE,2747,0.448
LIE.11_1,LIE,5759,0.946
LKA.1_1,LKA,722699,0.707
LKA.2_1,LKA,985927,0.501
LKA.3_1,LKA,850288,0.791
LKA.4_1,LKA,517695,0.8
LKA.5_1,LKA,2540003,0.996
LKA.6_1,LKA,1130286,0.933
LKA.7_1,LKA,2549972,0.994
LKA.8_1,LKA,681023,0.805
LKA.9_1,LKA,604900,0.907
LKA.10_1,LKA,1388044,0.936
LKA.11_1,LKA,1474355,0.946
LKA.12_1,LKA,892740,0.883
LKA.13_1,LKA,61752,0.145
LKA.14_1,LKA,1795675,0.753
LKA.15_1,LKA,87631,0.346
LKA.16_1,LKA,527945,0.762
LKA.17_1,LKA,859311,0.922
LKA.18_1,LKA,510992,0.475
LKA.19_1,LKA,33989,0.0
LKA.20_1,LKA,710259,0.904
LKA.21_1,LKA,451046,0.603
LKA.22_1,LKA,823793,0.745
LKA.23_1,LKA,1164535,0.806
LKA.24_1,LKA,429226,0.776
LKA.25_1,LKA,160061,0.55
LSO.1_1,LSO,353770,0.47
LSO.2_1,LSO,142931,0.4
LSO.3_1,LSO,356149,0.478
LSO.4_1,LSO,216967,0.169
LSO.5_1,LSO,561889,0.638
LSO.6_1,LSO,191071,0.173
LSO.7_1,LSO,154618,0.197
LSO.8_1,LSO,90293,0.176
LSO.9_1,LSO,152543,0.308
LSO.10_1,LSO,163181,0.087
LTU.1_1,LTU,123411,0.44
LTU.2_1,LTU,513769,0.65
LTU.3_1,LTU,303719,0.6
LTU.4_1,LTU,134496,0.321
LTU.5_1,LTU,200666,0.498
LTU.6_1,LTU,245322,0.433
LTU.7_1,LTU,78015,0.304
LTU.8_1,LTU,124943,0.43
LTU.9_1,LTU,115648,0.273
LTU.10_1,LTU,827814,0.718
LUX.1_1,LUX,100000,0.238
LUX.2_1,LUX,80073,0.411
LUX.3_1,LUX,486601,0.848
LVA.1_1,LVA,229431,0.44
LVA.2_1,LVA,254717,0.38
LVA.3_1,LVA,895480,0.757
LVA.4_1,LVA,185701,0.187
LVA.5_1,LVA,224860,0.377
MAR.1_1,MAR,2256815,0.62
MAR.2_1,MAR,2531388,0.622
MAR.3_1,MAR,2179197,0.877
MAR.4_1,MAR,2458372,0.798
MAR.5_1,MAR,4909274,0.993
MAR.6_1,MAR,421401,0.664
MAR.7_1,MAR,14947,0.663
MAR.8_1,MAR,4149407,0.665
MAR.9_1,MAR,2684431,0.82
MAR.10_1,MAR,2371740,0.824
MAR.11_1,MAR,3096856,0.933
MAR.12_1,MAR,4114636,0.705
MAR.13_1,MAR,1794039,0.759
MAR.14_1,MAR,3649421,0.837
MAR.15_1,MAR,1917347,0.647
MDA.1_1,MDA,83365,0.35
MDA.2_1,MDA,68289,0.936
MDA.3_1,MDA,15308,0.35
MDA.4_1,MDA,77636,0.948
MDA.5_1,MDA,64410,0.242
MDA.6_1,MDA,159796,0.631
MDA.7_1,MDA,57021,0.261
MDA.8_1,MDA,55356,0.094
MDA.9_1,MDA,63422,0.261
MDA.10_1,MDA,627197,0.954
MDA.11_1,MDA,57499,0.458
MDA.12_1,MDA,40637,0.155
MDA.13_1,MDA,25214,0.202
MDA.14_1,MDA,86959,0.525
MDA.15_1,MDA,28535,0.29
MDA.16_1,MDA,66401,0.423
MDA.17_1,MDA,77602,0.333
MDA.18_1,MDA,95114,0.469
MDA.19_1,MDA,96386,0.461
MDA.20_1,MDA,49640,0.2
MDA.21_1,MDA,115307,0.432
MDA.22_1,MDA,105203,0.5
MDA.23_1,MDA,43359,0.286
MDA.24_1,MDA,45636,0.297
MDA.25_1,MDA,40309,0.457
MDA.26_1,MDA,89995,0.401
MDA.27_1,MDA,34816,0.325
MDA.28_1,MDA,50310,0.293
MDA.29_1,MDA,75381,0.365
MDA.30_1,MDA,33543,0.234
MDA.31_1,MDA,78520,0.52
MDA.32_1,MDA,57285,0.112
MDA.33_1,MDA,67114,0.451
MDA.34_1,MDA,36980,0.354
MDA.35_1,MDA,59691,0.115
MDA.36_1,MDA,339445,0.704
MDA.37_1,MDA,90894,0.324
MDG.1_1,MDG,9585475,0.692
MDG.2_1,MDG,2425996,0.457
MDG.3_1,MDG,6230731,0.315
MDG.4_1,MDG,4213007,0.316
MDG.5_1,MDG,4052915,0.386
MDG.6_1,MDG,5267388,0.371
MEX.1_1,MEX,1403602,0.85
MEX.3_1,MEX,3504331,0.922
MEX.2_1,MEX,1173119,0.874
MEX.4_1,MEX,999583,0.691
MEX.5_1,MEX,6336711,0.537
MEX.6_1,MEX,3639116,0.812
MEX.7_1,MEX,3243653,0.896
MEX.8_1,MEX,860890,0.879
MEX.9_1,MEX,7778885,0.998
MEX.10_1,MEX,2079324,0.678
MEX.11_1,MEX,6724569,0.736
MEX.12_1,MEX,4098628,0.585
MEX.13_1,MEX,3610227,0.66
MEX.14_1,MEX,8232764,0.841
MEX.15_1,MEX,16914963,0.932
MEX.16_1,MEX,5341670,0.691
MEX.17_1,MEX,2111537,0.896
MEX.18_1,MEX,1501171,0.693
MEX.19_1,MEX,5483148,0.935
MEX.20_1,MEX,4640083,0.482
MEX.21_1,MEX,6453353,0.742
MEX.22_1,MEX,2318766,0.743
MEX.23_1,MEX,1678350,0.838
MEX.24_1,MEX,2918354,0.644
MEX.25_1,MEX,3061328,0.702
MEX.26_1,MEX,3289110,0.839
MEX.27_1,MEX,2918922,0.688
MEX.28_1,MEX,3638892,0.864
MEX.29_1,MEX,1401803,0.851
MEX.30_1,MEX,8824816,0.652
MEX.31_1,MEX,2234227,0.747
MEX.32_1,MEX,1845469,0.557
MHL.1_1,MHL,1078,0.0
MHL.2_1,MHL,163,0.0
MHL.3_1,MHL,1057,0.0
MHL.4_1,MHL,330,0.0
MHL.5_1,MHL,372,0.0
MHL.6_1,MHL,379,0.0
MHL.7_1,MHL,56,0.0
MHL.8_1,MHL,1429,0.0
MHL.9_1,MHL,8687,0.556
MHL.10_1,MHL,272,0.0
MHL.11_1,MHL,125,0.0
MHL.12_1,MHL,221,0.0
MHL.13_1,MHL,23461,0.843
MHL.14_1,MHL,403,0.0
MHL.15_1,MHL,214,0.0
MHL.16_1,MHL,287,0.0
MHL.17_1,MHL,237,0.0
MHL.18_1,MHL,465,0.0
MHL.20_1,MHL,214,0.0
MHL.21_1,MHL,330,0.0
MHL.22_1,MHL,48,0.0
MHL.23_1,MHL,633,0.0
MHL.19_1,MHL,281,0.0
MKD.1_1,MKD,80576,0.994
MKD.2_1,MKD,13470,0.932
MKD.3_1,MKD,12778,0.485
MKD.4_1,MKD,89577,0.771
MKD.5_1,MKD,8408,0.602
MKD.6_1,MKD,31718,0.82
MKD.7_1,MKD,14171,0.15
MKD.8_1,MKD,17249,0.618
MKD.9_1,MKD,82960,0.99
MKD.10_1,MKD,40365,1.0
MKD.11_1,MKD,7568,0.0
MKD.12_1,MKD,52291,0.996
MKD.13_1,MKD,6964,0.0
MKD.14_1,MKD,6902,0.0
MKD.15_1,MKD,15914,0.812
MKD.16_1,MKD,20273,0.85
MKD.17_1,MKD,4389,0.0
MKD.18_1,MKD,16226,0.525
MKD.19_1,MKD,8260,0.0
MKD.20_1,MKD,3944,0.0
MKD.21_1,MKD,13348,0.0
MKD.23_1,MKD,85894,0.939
MKD.24_1,MKD,22872,0.571
MKD.25_1,MKD,52022,0.961
MKD.26_1,MKD,85942,0.929
MKD.27_1,MKD,3525,0.0
MKD.28_1,MKD,17279,0.552
MKD.29_1,MKD,11299,0.22
MKD.30_1,MKD,3974,0.111
MKD.31_1,MKD,57505,0.985
MKD.32_1,MKD,38575,0.782
MKD.33_1,MKD,56373,0.646
MKD.34_1,MKD,24513,0.987
MKD.35_1,MKD,37018,0.847
MKD.36_1,MKD,3571,0.0
MKD.37_1,MKD,9659,0.0
MKD.38_1,MKD,20085,0.681
MKD.39_1,MKD,5925,0.0
MKD.40_1,MKD,9196,0.0
MKD.41_1,MKD,108235,0.818
MKD.42_1,MKD,3473,0.199
MKD.43_1,MKD,29778,0.28
MKD.44_1,MKD,2483,0.0
MKD.45_1,MKD,7527,0.0
MKD.46_1,MKD,6338,0.0
MKD.47_1,MKD,9242,0.0
MKD.48_1,MKD,6246,0.0
MKD.49_1,MKD,19239,0.706
MKD.50_1,MKD,3197,0.0
MKD.51_1,MKD,10845,0.0
MKD.52_1,MKD,50304,0.834
MKD.54_1,MKD,4912,0.0
MKD.55_1,MKD,9108,0.0
MKD.56_1,MKD,4794,0.0
MKD.57_1,MKD,75386,0.815
MKD.58_1,MKD,14969,0.684
MKD.59_1,MKD,28823,0.583
MKD.60_1,MKD,3767,0.0
MKD.61_1,MKD,15406,0.401
MKD.62_1,MKD,4082,0.0
MKD.63_1,MKD,40855,0.715
MKD.64_1,MKD,11467,0.325
MKD.65_1,MKD,3294,0.0
MKD.66_1,MKD,4064,0.017
MKD.67_1,MKD,47324,0.879
MKD.68_1,MKD,64128,0.697
MKD.69_1,MKD,56507,0.747
MKD.70_1,MKD,20820,0.702
MKD.71_1,MKD,21037,1.0
MKD.72_1,MKD,17407,0.481
MKD.73_1,MKD,23603,0.853
MKD.74_1,MKD,94004,0.896
MKD.75_1,MKD,11922,0.0
MKD.76_1,MKD,12707,0.578
MKD.77_1,MKD,55184,0.781
MKD.78_1,MKD,2493,0.257
MKD.79_1,MKD,18862,0.586
MKD.81_1,MKD,28298,0.857
MKD.83_1,MKD,4986,0.0
MKD.84_1,MKD,28604,0.671
MKD.85_1,MKD,2963,0.0
MLI.1_1,MLI,3198350,0.999
MLI.2_1,MLI,1006775,0.5
MLI.3_1,MLI,3251463,0.416
MLI.4_1,MLI,145215,0.477
MLI.5_1,MLI,4562863,0.489
MLI.6_1,MLI,3121290,0.318
MLI.7_1,MLI,3644918,0.387
MLI.8_1,MLI,4601499,0.39
MLI.9_1,MLI,1225440,0.388
MLT.1_1,MLT,123541,0.998
MLT.2_1,MLT,33107,0.786
MLT.3_1,MLT,122518,0.962
MLT.4_1,MLT,129419,0.897
MLT.5_1,MLT,126406,0.998
MMR.1_1,MMR,6346626,0.619
MMR.2_1,MMR,5188027,0.73
MMR.3_1,MMR,600203,0.474
MMR.4_1,MMR,2228411,0.818
MMR.5_1,MMR,322866,0.732
MMR.6_1,MMR,1644533,0.67
MMR.7_1,MMR,3751271,0.439
MMR.8_1,MMR,6985720,0.722
MMR.9_1,MMR,1899056,0.811
MMR.10_1,MMR,282925,0.99
MMR.11_1,MMR,1818159,0.668
MMR.12_1,MMR,5980400,0.53
MMR.13_1,MMR,7575528,0.697
MMR.14_1,MMR,1563909,0.691
MMR.15_1,MMR,9102013,0.944
MNE.1_1,MNE,3193,0.0
MNE.2_1,MNE,45782,0.914
MNE.3_1,MNE,31117,0.791
MNE.4_1,MNE,29417,0.855
MNE.5_1,MNE,23798,0.729
MNE.6_1,MNE,14246,0.789
MNE.7_1,MNE,22446,0.457
MNE.8_1,MNE,27701,0.845
MNE.9_1,MNE,6412,0.0
MNE.10_1,MNE,21986,0.452
MNE.11_1,MNE,6781,0.851
MNE.12_1,MNE,68972,0.903
MNE.13_1,MNE,12204,0.441
MNE.14_1,MNE,24205,0.854
MNE.15_1,MNE,2102,0.0
MNE.16_1,MNE,220952,0.927
MNE.17_1,MNE,23544,0.906
MNE.18_1,MNE,1177,0.0
MNE.19_1,MNE,14715,0.812
MNE.20_1,MNE,19554,0.668
MNE.21_1,MNE,2768,0.0
MNG.1_1,MNG,85087,0.234
MNG.2_1,MNG,96128,0.468
MNG.3_1,MNG,79931,0.385
MNG.4_1,MNG,53202,0.214
MNG.5_1,MNG,109160,0.859
MNG.6_1,MNG,78023,0.533
MNG.7_1,MNG,86480,0.531
MNG.8_1,MNG,31811,0.333
MNG.9_1,MNG,50925,0.384
MNG.10_1,MNG,51268,0.285
MNG.11_1,MNG,17773,0.667
MNG.12_1,MNG,72046,0.317
MNG.13_1,MNG,66773,0.301
MNG.14_1,MNG,118103,0.255
MNG.15_1,MNG,108376,0.443
MNG.16_1,MNG,124957,0.922
MNG.17_1,MNG,107515,0.494
MNG.18_1,MNG,111724,0.474
MNG.19_1,MNG,55379,0.351
MNG.20_1,MNG,89394,0.154
MNG.21_1,MNG,1886337,0.953
MNG.22_1,MNG,57418,0.256
MNP.1_1,MNP,0,0.0
MNP.2_1,MNP,1960,0.0
MNP.3_1,MNP,45184,0.76
MNP.4_1,MNP,2957,0.0
MOZ.1_1,MOZ,2397770,0.553
MOZ.2_1,MOZ,1608539,0.599
MOZ.3_1,MOZ,1614919,0.384
MOZ.4_1,MOZ,2814990,0.465
MOZ.6_1,MOZ,927161,0.654
MOZ.5_1,MOZ,3384609,0.994
MOZ.7_1,MOZ,6766673,0.456
MOZ.8_1,MOZ,2559314,0.53
MOZ.9_1,MOZ,2793972,0.546
MOZ.10_1,MOZ,4287195,0.464
MOZ.11_1,MOZ,6677224,0.385
MRT.1_1,MRT,64409,0.422
MRT.2_1,MRT,440488,0.377
MRT.3_1,MRT,404638,0.353
MRT.4_1,MRT,200522,0.944
MRT.5_1,MRT,441457,0.44
MRT.6_1,MRT,371666,0.552
MRT.7_1,MRT,680492,0.433
MRT.8_1,MRT,396086,0.31
MRT.9_1,MRT,32082,0.54
MRT.10_1,MRT,1654576,0.992
MRT.11_1,MRT,89292,0.335
MRT.12_1,MRT,67339,0.805
MRT.13_1,MRT,269259,0.269
MSR.1_1,MSR,0,0.0
MSR.2_1,MSR,0,0.0
MSR.3_1,MSR,4332,0.0
MTQ.1_1,MTQ,138856,0.936
MTQ.2_1,MTQ,117946,0.703
MTQ.3_1,MTQ,85588,0.614
MTQ.4_1,MTQ,21844,0.232
MUS.1_1,MUS,251,0.0
MUS.2_1,MUS,84856,0.828
MUS.3_1,MUS,142899,0.898
MUS.4_1,MUS,116633,0.843
MUS.5_1,MUS,87974,0.871
MUS.6_1,MUS,145300,0.927
MUS.7_1,MUS,381950,0.989
MUS.8_1,MUS,115303,0.995
MUS.9_1,MUS,112871,0.908
MUS.10_1,MUS,41757,0.798
MUS.11_1,MUS,0,0.0
MUS.12_1,MUS,71156,0.841
MWI.1_1,MWI,500351,0.518
MWI.2_1,MWI,1449471,0.896
MWI.3_1,MWI,671498,0.666
MWI.4_1,MWI,429886,0.947
MWI.5_1,MWI,329381,0.157
MWI.6_1,MWI,1028573,0.799
MWI.7_1,MWI,990771,0.721
MWI.8_1,MWI,472665,0.744
MWI.9_1,MWI,1047610,0.227
MWI.10_1,MWI,18384,0.988
MWI.11_1,MWI,3571234,0.904
MWI.12_1,MWI,867991,0.767
MWI.13_1,MWI,1334910,0.684
MWI.14_1,MWI,833689,0.598
MWI.15_1,MWI,797669,0.911
MWI.16_1,MWI,182113,0.687
MWI.17_1,MWI,1563727,0.287
MWI.18_1,MWI,208599,0.315
MWI.19_1,MWI,365777,0.445
MWI.20_1,MWI,503715,0.635
MWI.21_1,MWI,375159,0.745
MWI.22_1,MWI,759728,0.655
MWI.23_1,MWI,381599,0.467
MWI.24_1,MWI,488818,0.873
MWI.25_1,MWI,283439,0.349
MWI.26_1,MWI,608899,0.674
MWI.27_1,MWI,971317,0.932
MWI.28_1,MWI,985375,0.838
MYS.1_1,MYS,4048504,0.844
MYS.2_1,MYS,2169641,0.764
MYS.3_1,MYS,1624127,0.807
MYS.4_1,MYS,2469235,1.0
MYS.5_1,MYS,90094,0.959
MYS.6_1,MYS,990798,0.88
MYS.7_1,MYS,1094332,0.769
MYS.8_1,MYS,1707008,0.653
MYS.9_1,MYS,2699268,0.776
MYS.10_1,MYS,234322,0.758
MYS.11_1,MYS,1777963,0.977
MYS.12_1,MYS,77437,0.958
MYS.13_1,MYS,4146894,0.692
MYS.14_1,MYS,2807854,0.619
MYS.15_1,MYS,7921418,0.966
MYS.16_1,MYS,1126968,0.744
MYT.1_1,MYT,5444,0.993
MYT.2_1,MYT,16447,0.938
MYT.3_1,MYT,13638,0.638
MYT.4_1,MYT,9364,0.973
MYT.5_1,MYT,9295,0.99
MYT.6_1,MYT,13794,0.968
MYT.7_1,MYT,18456,0.844
MYT.8_1,MYT,28527,0.998
MYT.9_1,MYT,6452,0.53
MYT.10_1,MYT,57623,0.997
MYT.11_1,MYT,8625,0.956
MYT.12_1,MYT,85270,0.994
MYT.13_1,MYT,9869,0.995
MYT.14_1,MYT,22175,0.984
MYT.15_1,MYT,15532,1.0
MYT.16_1,MYT,18217,0.978
MYT.17_1,MYT,16859,0.709
NAM.1_1,NAM,107246,0.563
NAM.2_1,NAM,240615,0.822
NAM.3_1,NAM,104555,0.514
NAM.4_1,NAM,266125,0.32
NAM.5_1,NAM,474944,0.93
NAM.6_1,NAM,121844,0.255
NAM.7_1,NAM,288901,0.032
NAM.8_1,NAM,81155,0.286
NAM.9_1,NAM,283512,0.022
NAM.10_1,NAM,212510,0.418
NAM.11_1,NAM,230306,0.139
NAM.12_1,NAM,164854,0.522
NAM.13_1,NAM,121301,0.316
NCL.1_1,NCL,6859,0.0
NCL.2_1,NCL,39782,0.0
NCL.3_1,NCL,251580,0.794
NER.1_1,NER,813666,0.851
NER.2_1,NER,1141658,0.527
NER.3_1,NER,3030122,0.441
NER.4_1,NER,5560431,0.471
NER.5_1,NER,1604464,0.99
NER.6_1,NER,6268487,0.654
NER.7_1,NER,4313473,0.353
NER.8_1,NER,6588141,0.481
NGA.1_1,NGA,5053036,0.961
NGA.2_1,NGA,5049017,0.706
NGA.3_1,NGA,7260616,0.965
NGA.4_1,NGA,7791662,0.982
NGA.5_1,NGA,7915915,0.574
NGA.6_1,NGA,2859464,0.896
NGA.7_1,NGA,6884876,0.635
NGA.8_1,NGA,7080842,0.666
NGA.9_1,NGA,4553901,0.839
NGA.10_1,NGA,7265673,0.914
NGA.11_1,NGA,3792751,0.893
NGA.12_1,NGA,5091105,0.891
NGA.13_1,NGA,4072980,0.959
NGA.14_1,NGA,5370639,0.942
NGA.15_1,NGA,3304404,0.89
NGA.16_1,NGA,4009887,0.724
NGA.17_1,NGA,6499177,0.976
NGA.18_1,NGA,6917353,0.611
NGA.19_1,NGA,9503684,0.719
NGA.20_1,NGA,15782931,0.908
NGA.21_1,NGA,9397213,0.745
NGA.22_1,NGA,5386808,0.634
NGA.23_1,NGA,5874639,0.823
NGA.24_1,NGA,3775158,0.763
NGA.25_1,NGA,12949829,0.992
NGA.26_1,NGA,2985335,0.693
NGA.27_1,NGA,6689699,0.578
NGA.28_1,NGA,6264476,0.915
NGA.29_1,NGA,5615331,0.908
NGA.30_1,NGA,5603351,0.923
NGA.31_1,NGA,9370603,0.897
NGA.32_1,NGA,5112700,0.659
NGA.33_1,NGA,10192329,0.971
NGA.34_1,NGA,6099626,0.746
NGA.35_1,NGA,3633299,0.536
NGA.36_1,NGA,4078297,0.53
NGA.37_1,NGA,5374304,0.677
NIC.1_1,NIC,651324,0.423
NIC.2_1,NIC,389901,0.367
NIC.3_1,NIC,179559,0.443
NIC.4_1,NIC,197712,0.733
NIC.5_1,NIC,430582,0.622
NIC.6_1,NIC,166343,0.653
NIC.7_1,NIC,259836,0.686
NIC.8_1,NIC,185793,0.833
NIC.9_1,NIC,611944,0.349
NIC.10_1,NIC,28304,0.155
NIC.11_1,NIC,388648,0.628
NIC.12_1,NIC,183422,0.474
NIC.13_1,NIC,1830457,0.933
NIC.14_1,NIC,377404,0.883
NIC.15_1,NIC,721694,0.584
NIC.16_1,NIC,307867,0.491
NIC.17_1,NIC,157461,0.216
NIC.18_1,NIC,160674,0.538
NLD.1_1,NLD,515155,0.575
NLD.2_1,NLD,466371,0.835
NLD.3_1,NLD,673943,0.57
NLD.4_1,NLD,2123981,0.799
NLD.5_1,NLD,565457,0.667
NLD.6_1,NLD,1916,0.848
NLD.7_1,NLD,1081451,0.82
NLD.8_1,NLD,2600149,0.829
NLD.9_1,NLD,2933199,0.932
NLD.10_1,NLD,1195956,0.747
NLD.11_1,NLD,1456042,0.912
NLD.12_1,NLD,385808,0.537
NLD.13_1,NLD,307,0.184
NLD.14_1,NLD,3711842,0.952
NOR.1_1,NOR,648762,0.731
NOR.2_1,NOR,311148,0.677
NOR.3_1,NOR,118479,0.425
NOR.4_1,NOR,286691,0.625
NOR.5_1,NOR,68561,0.484
NOR.6_1,NOR,194727,0.393
NOR.7_1,NOR,536282,0.691
NOR.8_1,NOR,247174,0.506
NOR.9_1,NOR,136558,0.418
NOR.10_1,NOR,225117,0.551
NOR.11_1,NOR,191018,0.341
NOR.12_1,NOR,718901,0.996
NOR.13_1,NOR,522074,0.74
NOR.14_1,NOR,100689,0.169
NOR.15_1,NOR,327322,0.623
NOR.16_1,NOR,175004,0.567
NOR.17_1,NOR,153224,0.561
NOR.18_1,NOR,195169,0.617
NOR.19_1,NOR,265428,0.596
NPL.1_1,NPL,12554357,0.87
NPL.2_1,NPL,7088016,0.762
NPL.3_1,NPL,4096003,0.772
NPL.4_1,NPL,3158635,0.495
NPL.5_1,NPL,4682364,0.679
NRU.1_1,NRU,1830,1.0
NRU.2_1,NRU,705,0.992
NRU.3_1,NRU,892,1.0
NRU.4_1,NRU,251,0.073
NRU.5_1,NRU,754,1.0
NRU.6_1,NRU,1260,1.0
NRU.7_1,NRU,1046,0.83
NRU.8_1,NRU,1250,1.0
NRU.9_1,NRU,640,0.85
NRU.10_1,NRU,220,0.985
NRU.11_1,NRU,1784,0.96
NRU.12_1,NRU,582,0.907
NRU.13_1,NRU,282,0.687
NRU.14_1,NRU,1124,0.947
NZL.1_1,NZL,1908629,0.927
NZL.2_1,NZL,314530,0.706
NZL.3_1,NZL,691474,0.715
NZL.4_1,NZL,620,0.0
NZL.5_1,NZL,46026,0.697
NZL.6_1,NZL,176992,0.718
NZL.7_1,NZL,250909,0.619
NZL.8_1,NZL,48647,0.571
NZL.9_1,NZL,58544,0.883
NZL.10_1,NZL,0,0.0
NZL.11_1,NZL,169991,0.293
NZL.12_1,NZL,227394,0.652
NZL.13_1,NZL,0,0.0
NZL.14_1,NZL,108835,0.533
NZL.15_1,NZL,132637,0.64
NZL.16_1,NZL,56463,0.384
NZL.17_1,NZL,492096,0.59
NZL.18_1,NZL,573280,0.913
NZL.19_1,NZL,36282,0.148
OMN.1_1,OMN,360930,0.411
OMN.2_1,OMN,1013675,0.845
OMN.3_1,OMN,500401,0.797
OMN.4_1,OMN,87383,0.855
OMN.5_1,OMN,223470,0.454
OMN.6_1,OMN,82064,0.26
OMN.7_1,OMN,146076,0.383
OMN.8_1,OMN,116226,0.721
OMN.9_1,OMN,551869,0.765
OMN.10_1,OMN,33322,0.575
OMN.11_1,OMN,1706017,0.932
Z06.1_1,PAK,3944675,0.845
PAK.2_1,PAK,8346672,0.586
PAK.3_1,PAK,4874960,0.806
Z06.6_1,PAK,1110108,0.583
PAK.4_1,PAK,2982613,0.992
PAK.5_1,PAK,34758234,0.924
PAK.7_1,PAK,136102523,0.921
PAK.8_1,PAK,57806267,0.878
PAN.1_1,PAN,191486,0.666
PAN.2_1,PAN,498735,0.544
PAN.3_1,PAN,272400,0.338
PAN.4_1,PAN,326773,0.769
PAN.5_1,PAN,59549,0.0
PAN.6_1,PAN,12491,0.0
PAN.7_1,PAN,115913,0.476
PAN.8_1,PAN,28790,0.0
PAN.9_1,PAN,94238,0.219
PAN.10_1,PAN,243672,0.03
PAN.12_1,PAN,1835923,0.958
PAN.11_1,PAN,644501,0.825
PAN.13_1,PAN,243071,0.3
PER.1_1,PER,413186,0.316
PER.2_1,PER,1150389,0.56
PER.3_1,PER,410804,0.333
PER.4_1,PER,1518592,0.819
PER.5_1,PER,786903,0.433
PER.6_1,PER,1560907,0.37
PER.7_1,PER,1033541,0.997
PER.8_1,PER,1367410,0.525
PER.9_1,PER,541703,0.268
PER.10_1,PER,893572,0.43
PER.11_1,PER,857091,0.823
PER.12_1,PER,1603060,0.648
PER.13_1,PER,2129014,0.719
PER.14_1,PER,1366837,0.815
PER.16_1,PER,1051573,0.596
PER.15_1,PER,10482667,0.996
PER.17_1,PER,1164793,0.631
PER.18_1,PER,181895,0.713
PER.19_1,PER,200387,0.68
PER.20_1,PER,347285,0.463
PER.21_1,PER,2046961,0.697
PER.22_1,PER,1551547,0.489
PER.23_1,PER,1007652,0.582
PER.24_1,PER,405651,0.879
PER.25_1,PER,255073,0.833
PER.26_1,PER,475245,0.702
PHL.1_1,PHL,264804,0.538
PHL.2_1,PHL,874586,0.832
PHL.3_1,PHL,968351,0.665
PHL.4_1,PHL,712896,0.903
PHL.5_1,PHL,1525268,0.896
PHL.6_1,PHL,716264,0.778
PHL.7_1,PHL,173388,0.297
PHL.8_1,PHL,286764,0.672
PHL.9_1,PHL,102572,0.359
PHL.10_1,PHL,846030,0.941
PHL.11_1,PHL,20052,0.479
PHL.12_1,PHL,3262009,0.964
PHL.13_1,PHL,1040490,0.839
PHL.14_1,PHL,232092,0.867
PHL.15_1,PHL,1414799,0.749
PHL.16_1,PHL,2040401,0.687
PHL.17_1,PHL,3716815,0.986
PHL.18_1,PHL,1455931,0.76
PHL.19_1,PHL,722594,0.795
PHL.20_1,PHL,2653811,0.858
PHL.21_1,PHL,99497,0.908
PHL.22_1,PHL,840168,0.77
PHL.23_1,PHL,330420,0.727
PHL.24_1,PHL,4365668,0.993
PHL.25_1,PHL,5855654,0.95
PHL.26_1,PHL,1016535,0.773
PHL.27_1,PHL,1640146,0.861
PHL.28_1,PHL,3274072,0.894
PHL.29_1,PHL,719059,0.599
PHL.30_1,PHL,158511,0.611
PHL.31_1,PHL,575094,0.569
PHL.32_1,PHL,237878,0.784
PHL.33_1,PHL,257581,0.375
PHL.34_1,PHL,701441,0.812
PHL.35_1,PHL,820828,0.854
PHL.36_1,PHL,3024568,0.908
PHL.37_1,PHL,2062592,0.794
PHL.38_1,PHL,337855,0.531
PHL.39_1,PHL,880029,0.9
PHL.40_1,PHL,3950189,0.982
PHL.41_1,PHL,1532408,0.893
PHL.42_1,PHL,593464,0.688
PHL.43_1,PHL,2196802,0.834
PHL.44_1,PHL,816868,0.638
PHL.45_1,PHL,227468,0.688
PHL.46_1,PHL,1233810,0.616
PHL.47_1,PHL,13635335,1.0
PHL.48_1,PHL,792356,0.864
PHL.49_1,PHL,2123512,0.911
PHL.50_1,PHL,191587,0.418
PHL.51_1,PHL,3286663,0.818
PHL.52_1,PHL,1632522,0.745
PHL.53_1,PHL,1937837,0.763
PHL.54_1,PHL,825940,0.659
PHL.55_1,PHL,2680815,0.91
PHL.56_1,PHL,574221,0.643
PHL.57_1,PHL,649639,0.624
PHL.58_1,PHL,1104857,0.796
PHL.59_1,PHL,1681601,0.521
PHL.60_1,PHL,3211418,0.982
PHL.61_1,PHL,3633387,0.941
PHL.62_1,PHL,2634861,0.801
PHL.63_1,PHL,264337,0.602
PHL.64_1,PHL,3491221,0.985
PHL.65_1,PHL,312256,0.674
PHL.66_1,PHL,958176,0.666
PHL.67_1,PHL,644325,0.69
PHL.68_1,PHL,112039,0.817
PHL.69_1,PHL,928583,0.849
PHL.70_1,PHL,1790713,0.86
PHL.71_1,PHL,447834,0.754
PHL.72_1,PHL,1224050,0.8
PHL.73_1,PHL,312950,0.596
PHL.74_1,PHL,649747,0.761
PHL.75_1,PHL,658207,0.609
PHL.76_1,PHL,1470965,0.921
PHL.77_1,PHL,120668,0.27
PHL.78_1,PHL,1006058,0.92
PHL.79_1,PHL,1279526,0.653
PHL.80_1,PHL,2120592,0.79
PHL.81_1,PHL,831171,0.76
PLW.1_1,PLW,128,0.0
PLW.2_1,PLW,3391,0.0
PLW.3_1,PLW,1071,0.0
PLW.4_1,PLW,0,0.0
PLW.5_1,PLW,282,0.0
PLW.6_1,PLW,7198,0.879
PLW.7_1,PLW,1055,0.0
PLW.8_1,PLW,197,0.0
PLW.9_1,PLW,1653,0.0
PLW.10_1,PLW,28,0.0
PLW.11_1,PLW,1409,0.0
PLW.12_1,PLW,99,0.0
PLW.13_1,PLW,91,0.0
PLW.14_1,PLW,176,0.0
PLW.15_1,PLW,710,0.0
PLW.16_1,PLW,279,0.0
PNG.1_1,PNG,333772,0.264
PNG.2_1,PNG,322624,0.216
PNG.3_1,PNG,695778,0.775
PNG.4_1,PNG,351090,0.462
PNG.5_1,PNG,582413,0.267
PNG.6_1,PNG,840485,0.448
PNG.7_1,PNG,768349,0.662
PNG.8_1,PNG,142352,0.09
PNG.9_1,PNG,767298,0.771
PNG.10_1,PNG,715803,0.799
PNG.11_1,PNG,691719,0.309
PNG.12_1,PNG,59202,0.26
PNG.13_1,PNG,359655,0.237
PNG.14_1,PNG,811776,0.278
PNG.15_1,PNG,551236,0.974
PNG.16_1,PNG,230262,0.192
PNG.17_1,PNG,248334,0.259
PNG.18_1,PNG,293061,0.235
PNG.19_1,PNG,802876,0.579
PNG.20_1,PNG,336829,0.282
PNG.22_1,PNG,216856,0.279
PNG.21_1,PNG,529938,0.68
POL.1_1,POL,2975546,0.648
POL.2_1,POL,2158491,0.559
POL.3_1,POL,2469842,0.608
POL.4_1,POL,2160418,0.44
POL.5_1,POL,1094006,0.569
POL.6_1,POL,3512421,0.594
POL.7_1,POL,5696660,0.672
POL.8_1,POL,957558,0.446
POL.9_1,POL,2180806,0.476
POL.10_1,POL,1223783,0.56
POL.11_1,POL,2452129,0.668
POL.12_1,POL,4549503,0.818
POL.13_1,POL,1268365,0.421
POL.14_1,POL,1499968,0.539
POL.15_1,POL,3620997,0.543
POL.16_1,POL,1765659,0.592
PRI.1_1,PRI,19368,0.318
PRI.2_1,PRI,40460,0.919
PRI.3_1,PRI,48993,0.848
PRI.4_1,PRI,25291,0.653
PRI.5_1,PRI,21922,0.704
PRI.6_1,PRI,29726,0.747
PRI.7_1,PRI,80413,0.609
PRI.8_1,PRI,19794,0.893
PRI.9_1,PRI,24726,0.803
PRI.10_1,PRI,28190,0.708
PRI.11_1,PRI,164314,0.974
PRI.12_1,PRI,55245,0.719
PRI.13_1,PRI,127364,0.922
PRI.14_1,PRI,30758,0.614
PRI.15_1,PRI,47046,0.795
PRI.16_1,PRI,144117,0.973
PRI.17_1,PRI,22561,1.0
PRI.18_1,PRI,43128,0.808
PRI.19_1,PRI,8224,0.667
PRI.20_1,PRI,15211,0.426
PRI.21_1,PRI,38812,0.814
PRI.22_1,PRI,43525,0.605
PRI.23_1,PRI,18952,0.619
PRI.24_1,PRI,32800,0.584
PRI.25_1,PRI,1684,0.0
PRI.26_1,PRI,39216,0.934
PRI.27_1,PRI,28231,0.873
PRI.28_1,PRI,11453,0.635
PRI.29_1,PRI,16131,0.59
PRI.30_1,PRI,45321,0.803
PRI.31_1,PRI,18992,0.563
PRI.32_1,PRI,81642,0.971
PRI.33_1,PRI,53347,0.923
PRI.34_1,PRI,40784,0.74
PRI.35_1,PRI,17892,0.978
PRI.36_1,PRI,50415,0.875
PRI.37_1,PRI,41296,0.815
PRI.38_1,PRI,15401,0.504
PRI.39_1,PRI,43964,0.791
PRI.40_1,PRI,40321,0.91
PRI.41_1,PRI,24432,0.476
PRI.42_1,PRI,25396,0.314
PRI.43_1,PRI,8285,0.0
PRI.44_1,PRI,39486,0.844
PRI.45_1,PRI,23699,0.886
PRI.46_1,PRI,17830,0.81
PRI.47_1,PRI,36978,0.772
PRI.48_1,PRI,5921,0.0
PRI.49_1,PRI,11278,0.549
PRI.50_1,PRI,74784,0.815
PRI.51_1,PRI,39689,0.748
PRI.52_1,PRI,31979,0.753
PRI.53_1,PRI,27355,0.526
PRI.54_1,PRI,27042,0.809
PRI.55_1,PRI,20038,0.304
PRI.56_1,PRI,17535,0.613
PRI.57_1,PRI,20626,0.701
PRI.58_1,PRI,136982,0.911
PRI.59_1,PRI,23175,0.803
PRI.60_1,PRI,15183,0.794
PRI.61_1,PRI,49878,0.847
PRI.62_1,PRI,23692,0.781
PRI.63_1,PRI,30285,0.716
PRI.64_1,PRI,32304,0.54
PRI.65_1,PRI,303070,0.995
PRI.66_1,PRI,35944,0.659
PRI.67_1,PRI,38940,0.397
PRI.68_1,PRI,24695,0.636
PRI.69_1,PRI,79032,0.958
PRI.70_1,PRI,73231,0.99
PRI.71_1,PRI,64597,0.977
PRI.72_1,PRI,29418,0.357
PRI.73_1,PRI,37136,0.887
PRI.74_1,PRI,49939,0.849
PRI.75_1,PRI,9292,0.697
PRI.76_1,PRI,20749,0.647
PRI.77_1,PRI,31656,0.45
PRI.78_1,PRI,35323,0.715
PRK.1_1,PRK,1637386,0.84
PRK.2_1,PRK,2404659,0.852
PRK.3_1,PRK,3240896,0.855
PRK.4_1,PRK,2064089,0.834
PRK.5_1,PRK,2704678,0.811
PRK.6_1,PRK,431177,0.898
PRK.7_1,PRK,1579445,0.809
PRK.8_1,PRK,59852,0.608
PRK.9_1,PRK,2938622,0.877
PRK.10_1,PRK,4198299,0.877
PRK.11_1,PRK,3544851,0.959
PRK.12_1,PRK,221312,0.868
PRK.13_1,PRK,860817,0.803
PRK.14_1,PRK,384159,0.994
PRT.1_1,PRT,616002,0.668
PRT.2_1,PRT,222267,0.563
PRT.3_1,PRT,126831,0.203
PRT.4_1,PRT,746058,0.729
PRT.5_1,PRT,109627,0.249
PRT.6_1,PRT,162862,0.365
PRT.7_1,PRT,370922,0.369
PRT.8_1,PRT,141875,0.401
PRT.9_1,PRT,472100,0.626
PRT.10_1,PRT,125397,0.199
PRT.11_1,PRT,430887,0.368
PRT.12_1,PRT,2428549,0.916
PRT.13_1,PRT,260721,0.845
PRT.14_1,PRT,96432,0.366
PRT.15_1,PRT,1833981,0.92
PRT.16_1,PRT,402269,0.362
PRT.17_1,PRT,940965,0.903
PRT.18_1,PRT,213853,0.33
PRT.19_1,PRT,168875,0.282
PRT.20_1,PRT,323065,0.224
PRY.1_1,PRY,22924,0.002
PRY.2_1,PRY,959724,0.739
PRY.3_1,PRY,225135,0.805
PRY.4_1,PRY,280807,0.997
PRY.5_1,PRY,91197,0.433
PRY.6_1,PRY,695962,0.454
PRY.7_1,PRY,235461,0.202
PRY.8_1,PRY,331017,0.391
PRY.9_1,PRY,1358616,0.945
PRY.10_1,PRY,316467,0.531
PRY.11_1,PRY,373594,0.519
PRY.12_1,PRY,274665,0.332
PRY.13_1,PRY,770299,0.506
PRY.14_1,PRY,151002,0.475
PRY.15_1,PRY,92386,0.35
PRY.16_1,PRY,143457,0.173
PRY.17_1,PRY,167828,0.365
PRY.18_1,PRY,539939,0.238
PSE.1_1,PSE,2010650,0.996
PSE.2_1,PSE,3611656,0.92
PYF.1_1,PYF,7681,0.0
PYF.2_1,PYF,235699,0.817
PYF.3_1,PYF,7127,0.0
PYF.4_1,PYF,40052,0.463
PYF.5_1,PYF,16496,0.0
QAT.1_1,QAT,1162235,0.998
QAT.2_1,QAT,36500,0.577
QAT.3_1,QAT,294519,0.854
QAT.4_1,QAT,217875,0.829
QAT.5_1,QAT,952528,0.908
QAT.6_1,QAT,10510,0.529
QAT.7_1,QAT,78815,0.829
REU.1_1,REU,144008,0.824
REU.2_1,REU,327933,0.967
REU.3_1,REU,201617,0.866
REU.4_1,REU,322283,0.867
ROU.1_1,ROU,331436,0.452
ROU.2_1,ROU,418492,0.503
ROU.3_1,ROU,592934,0.489
ROU.4_1,ROU,573859,0.473
ROU.5_1,ROU,574403,0.487
ROU.6_1,ROU,277812,0.357
ROU.7_1,ROU,385495,0.384
ROU.9_1,ROU,300549,0.587
ROU.8_1,ROU,548147,0.677
ROU.10_1,ROU,1878724,0.999
ROU.11_1,ROU,431003,0.385
ROU.12_1,ROU,281515,0.372
ROU.13_1,ROU,261122,0.402
ROU.14_1,ROU,715188,0.715
ROU.15_1,ROU,656509,0.744
ROU.16_1,ROU,202839,0.382
ROU.17_1,ROU,499162,0.405
ROU.18_1,ROU,632997,0.548
ROU.19_1,ROU,513181,0.623
ROU.20_1,ROU,272001,0.286
ROU.21_1,ROU,324075,0.347
ROU.22_1,ROU,304743,0.424
ROU.23_1,ROU,371533,0.596
ROU.25_1,ROU,263738,0.399
ROU.24_1,ROU,761526,0.561
ROU.26_1,ROU,460969,0.809
ROU.27_1,ROU,466632,0.496
ROU.28_1,ROU,243660,0.432
ROU.29_1,ROU,541421,0.496
ROU.30_1,ROU,429182,0.453
ROU.31_1,ROU,401788,0.324
ROU.32_1,ROU,733317,0.623
ROU.33_1,ROU,214777,0.307
ROU.34_1,ROU,336567,0.4
ROU.35_1,ROU,388553,0.598
ROU.36_1,ROU,602815,0.389
ROU.37_1,ROU,363863,0.415
ROU.38_1,ROU,703963,0.593
ROU.39_1,ROU,163080,0.32
ROU.40_1,ROU,340079,0.331
ROU.41_1,ROU,343623,0.322
ROU.42_1,ROU,317158,0.389
RUS.1_1,RUS,523672,0.729
RUS.2_1,RUS,2178822,0.701
RUS.3_1,RUS,753954,0.668
RUS.4_1,RUS,1037042,0.692
RUS.5_1,RUS,1025865,0.791
RUS.6_1,RUS,4167908,0.724
RUS.7_1,RUS,1630808,0.686
RUS.8_1,RUS,1144659,0.748
RUS.9_1,RUS,927422,0.685
RUS.10_1,RUS,1505705,0.85
RUS.11_1,RUS,3376021,0.803
RUS.12_1,RUS,39694,0.25
RUS.13_1,RUS,1207618,0.648
RUS.14_1,RUS,5312620,0.982
RUS.15_1,RUS,3434430,0.754
RUS.16_1,RUS,220200,0.54
RUS.17_1,RUS,507187,0.937
RUS.18_1,RUS,2283281,0.783
RUS.19_1,RUS,991465,0.807
RUS.20_1,RUS,809001,0.775
RUS.21_1,RUS,995413,0.779
RUS.22_1,RUS,292381,0.735
RUS.23_1,RUS,1053518,0.719
RUS.24_1,RUS,297227,0.733
RUS.25_1,RUS,687619,0.826
RUS.26_1,RUS,567751,0.639
RUS.27_1,RUS,2581420,0.811
RUS.28_1,RUS,1288688,0.793
RUS.29_1,RUS,331369,0.674
RUS.30_1,RUS,1695650,0.722
RUS.31_1,RUS,1110166,0.647
RUS.32_1,RUS,738122,0.612
RUS.33_1,RUS,597840,0.692
RUS.34_1,RUS,5512449,0.781
RUS.35_1,RUS,2833576,0.776
RUS.36_1,RUS,756145,0.596
RUS.37_1,RUS,1032688,0.672
RUS.38_1,RUS,2255411,0.688
RUS.39_1,RUS,1107510,0.708
RUS.40_1,RUS,119947,0.597
RUS.41_1,RUS,694549,0.667
RUS.42_1,RUS,817797,0.661
RUS.43_1,RUS,11702888,0.999
RUS.44_1,RUS,9401482,0.815
RUS.45_1,RUS,684010,0.808
RUS.46_1,RUS,37309,0.663
RUS.47_1,RUS,3120727,0.788
RUS.48_1,RUS,662585,0.87
RUS.49_1,RUS,563921,0.665
RUS.50_1,RUS,2810137,0.836
RUS.51_1,RUS,1824637,0.779
RUS.52_1,RUS,704362,0.728
RUS.53_1,RUS,1846412,0.722
RUS.54_1,RUS,1294147,0.742
RUS.55_1,RUS,2465990,0.722
RUS.56_1,RUS,1849662,0.773
RUS.57_1,RUS,548673,0.62
RUS.58_1,RUS,4064692,0.784
RUS.59_1,RUS,1064855,0.653
RUS.60_1,RUS,911135,0.703
RUS.61_1,RUS,429853,0.669
RUS.62_1,RUS,3144941,0.832
RUS.63_1,RUS,2376228,0.749
RUS.64_1,RUS,899099,0.734
RUS.65_1,RUS,2831145,0.763
RUS.66_1,RUS,4138007,0.801
RUS.67_1,RUS,1001048,0.704
RUS.68_1,RUS,3990402,0.771
RUS.69_1,RUS,1077365,0.806
RUS.70_1,RUS,1287705,0.706
RUS.71_1,RUS,318066,0.695
RUS.72_1,RUS,1241073,0.657
RUS.73_1,RUS,1611531,0.761
RUS.74_1,RUS,1479845,0.757
RUS.75_1,RUS,1212643,0.706
RUS.76_1,RUS,1279614,0.722
RUS.77_1,RUS,2471835,0.779
RUS.78_1,RUS,1114742,0.733
RUS.79_1,RUS,2316064,0.736
RUS.80_1,RUS,570856,0.714
RUS.81_1,RUS,1206082,0.809
RUS.82_1,RUS,151285,0.624
RUS.83_1,RUS,1076707,0.666
RWA.1_1,RWA,1929421,0.94
RWA.2_1,RWA,3394774,0.936
RWA.3_1,RWA,4404818,0.915
RWA.4_1,RWA,3065107,0.953
RWA.5_1,RWA,1903210,0.994
SAU.1_1,SAU,2140009,0.58
SAU.2_1,SAU,404354,0.55
SAU.3_1,SAU,417100,0.848
SAU.4_1,SAU,487118,0.771
SAU.5_1,SAU,2555591,0.818
SAU.6_1,SAU,1382107,0.677
SAU.7_1,SAU,10795824,0.911
SAU.8_1,SAU,3738487,0.865
SAU.9_1,SAU,575339,0.544
SAU.10_1,SAU,1396234,0.626
SAU.11_1,SAU,10213000,0.9
SAU.12_1,SAU,778734,0.823
SAU.13_1,SAU,1093273,0.814
SDN.1_1,SDN,4722761,0.69
SDN.2_1,SDN,1966713,0.682
SDN.3_1,SDN,1401758,0.827
SDN.4_1,SDN,678187,0.607
SDN.5_1,SDN,2834040,0.714
SDN.6_1,SDN,2555388,0.833
SDN.7_1,SDN,8770451,0.963
SDN.8_1,SDN,4284336,0.766
SDN.9_1,SDN,3319206,0.474
SDN.10_1,SDN,1045228,0.715
SDN.11_1,SDN,2834448,0.875
SDN.12_1,SDN,1761913,0.742
SDN.13_1,SDN,2024797,0.7
SDN.14_1,SDN,5737974,0.768
SDN.15_1,SDN,961912,0.595
SDN.16_1,SDN,820039,0.693
SDN.17_1,SDN,2067987,0.455
SDN.18_1,SDN,2827346,0.654
SEN.1_1,SEN,4153693,0.993
SEN.2_1,SEN,2107589,0.836
SEN.3_1,SEN,994762,0.504
SEN.4_1,SEN,800788,0.334
SEN.5_1,SEN,1351835,0.571
SEN.6_1,SEN,218875,0.438
SEN.7_1,SEN,934610,0.538
SEN.8_1,SEN,1209654,0.474
SEN.9_1,SEN,804918,0.603
SEN.10_1,SEN,1260089,0.652
SEN.11_1,SEN,642140,0.421
SEN.12_1,SEN,974003,0.504
SEN.13_1,SEN,2492967,0.781
SEN.14_1,SEN,768984,0.666
SGP.1_1,SGP,1188370,1.0
SGP.2_1,SGP,913275,0.998
SGP.3_1,SGP,960835,1.0
SGP.4_1,SGP,1591879,1.0
SGP.5_1,SGP,1430118,1.0
SHN.1_1,SHN,972,0.0
SHN.2_1,SHN,3868,0.0
SHN.3_1,SHN,354,0.0
SJM.1_1,SJM,42,0.0
SJM.2_1,SJM,2811,0.0
SLB.1_1,SLB,33281,0.0
SLB.2_1,SLB,39246,0.0
SLB.3_1,SLB,176984,0.155
SLB.4_1,SLB,119828,0.998
SLB.5_1,SLB,37213,0.0
SLB.6_1,SLB,59405,0.0
SLB.7_1,SLB,161885,0.111
SLB.8_1,SLB,4447,0.0
SLB.9_1,SLB,24873,0.0
SLB.10_1,SLB,101619,0.118
SLE.1_1,SLE,1876156,0.506
SLE.2_1,SLE,3040175,0.462
SLE.3_1,SLE,2039257,0.441
SLE.4_1,SLE,2206210,0.99
SLV.1_1,SLV,397208,0.762
SLV.2_1,SLV,156130,0.478
SLV.3_1,SLV,211475,0.358
SLV.4_1,SLV,294581,0.851
SLV.5_1,SLV,830386,0.855
SLV.6_1,SLV,377978,0.754
SLV.7_1,SLV,218131,0.226
SLV.8_1,SLV,181753,0.338
SLV.9_1,SLV,451954,0.683
SLV.10_1,SLV,1634847,0.972
SLV.11_1,SLV,181292,0.593
SLV.12_1,SLV,589695,0.778
SLV.13_1,SLV,525219,0.822
SLV.14_1,SLV,372447,0.609
SMR.1_1,SMR,1569,0.802
SMR.2_1,SMR,6731,0.904
SMR.3_1,SMR,1138,0.314
SMR.4_1,SMR,3862,0.917
SMR.5_1,SMR,1109,0.0
SMR.6_1,SMR,2630,0.842
SMR.7_1,SMR,1026,0.0
SMR.8_1,SMR,3767,0.872
SMR.9_1,SMR,10874,0.914
SOM.1_1,SOM,585899,0.821
SOM.2_1,SOM,586227,0.732
SOM.3_1,SOM,4069526,0.997
SOM.4_1,SOM,733029,0.779
SOM.5_1,SOM,1179027,0.745
SOM.6_1,SOM,629235,0.724
SOM.7_1,SOM,615807,0.706
SOM.8_1,SOM,626376,0.731
SOM.9_1,SOM,453846,0.731
SOM.10_1,SOM,962517,0.871
SOM.11_1,SOM,700785,0.774
SOM.12_1,SOM,237940,0.81
SOM.13_1,SOM,579705,0.818
SOM.14_1,SOM,1335716,0.703
SOM.15_1,SOM,2919719,0.828
SOM.16_1,SOM,285559,0.738
SOM.17_1,SOM,866787,0.676
SOM.18_1,SOM,1955877,0.918
SPM.1_1,SPM,1366,0.0
SPM.2_1,SPM,4235,0.0
SRB.1_1,SRB,99124,0.438
SRB.2_1,SRB,164386,0.312
SRB.3_1,SRB,1871168,0.893
SRB.4_1,SRB,187013,0.51
SRB.5_1,SRB,661303,0.766
SRB.6_1,SRB,311084,0.575
SRB.7_1,SRB,153264,0.426
SRB.8_1,SRB,205432,0.275
SRB.9_1,SRB,204028,0.569
SRB.10_1,SRB,401912,0.727
SRB.11_1,SRB,152668,0.52
SRB.12_1,SRB,75105,0.556
SRB.13_1,SRB,179332,0.554
SRB.14_1,SRB,195002,0.476
SRB.15_1,SRB,218451,0.467
SRB.16_1,SRB,339970,0.691
SRB.17_1,SRB,175748,0.7
SRB.18_1,SRB,123947,0.515
SRB.19_1,SRB,180469,0.502
SRB.20_1,SRB,323809,0.595
SRB.21_1,SRB,294118,0.657
SRB.22_1,SRB,76523,0.425
SRB.23_1,SRB,96207,0.521
SRB.24_1,SRB,158248,0.511
SRB.25_1,SRB,253177,0.528
SSD.1_1,SSD,1113503,0.696
SSD.2_1,SSD,5489150,0.894
SSD.3_1,SSD,1160392,0.577
SSD.4_1,SSD,480264,0.455
SSD.5_1,SSD,436028,0.146
SSD.6_1,SSD,563391,0.437
SSD.7_1,SSD,889470,0.606
SSD.8_1,SSD,613296,0.211
SSD.9_1,SSD,120675,0.877
SSD.10_1,SSD,546362,0.686
STP.1_1,STP,8165,0.0
STP.2_1,STP,232022,0.874
SUR.1_1,SUR,11261,0.0
SUR.2_1,SUR,48660,0.601
SUR.3_1,SUR,15694,0.352
SUR.4_1,SUR,18646,0.689
SUR.5_1,SUR,28424,0.437
SUR.6_1,SUR,41455,0.29
SUR.7_1,SUR,238990,0.98
SUR.8_1,SUR,17723,0.171
SUR.9_1,SUR,38604,0.021
SUR.10_1,SUR,175109,0.866
SVK.1_1,SVK,685460,0.454
SVK.2_1,SVK,654936,0.815
SVK.3_1,SVK,847184,0.544
SVK.4_1,SVK,683156,0.482
SVK.5_1,SVK,874716,0.49
SVK.6_1,SVK,600891,0.552
SVK.7_1,SVK,579842,0.489
SVK.8_1,SVK,708769,0.556
SVN.1_1,SVN,203912,0.598
SVN.2_1,SVN,96576,0.174
SVN.3_1,SVN,146587,0.274
SVN.4_1,SVN,67616,0.287
SVN.5_1,SVN,52407,0.162
SVN.6_1,SVN,123267,0.671
SVN.7_1,SVN,609310,0.747
SVN.8_1,SVN,315650,0.487
SVN.9_1,SVN,105164,0.128
SVN.10_1,SVN,260562,0.411
SVN.11_1,SVN,67085,0.276
SVN.12_1,SVN,39289,0.477
SWE.1_1,SWE,160879,0.553
SWE.2_1,SWE,282073,0.466
SWE.3_1,SWE,276378,0.526
SWE.4_1,SWE,56604,0.378
SWE.5_1,SWE,338343,0.549
SWE.6_1,SWE,126024,0.349
SWE.7_1,SWE,336831,0.582
SWE.8_1,SWE,232824,0.415
SWE.9_1,SWE,201154,0.495
SWE.10_1,SWE,233261,0.534
SWE.11_1,SWE,300067,0.619
SWE.12_1,SWE,484123,0.673
SWE.13_1,SWE,1491489,0.72
SWE.14_1,SWE,297386,0.611
SWE.15_1,SWE,2640889,0.924
SWE.16_1,SWE,376447,0.645
SWE.17_1,SWE,275304,0.505
SWE.18_1,SWE,260936,0.547
SWE.19_1,SWE,233293,0.516
SWE.20_1,SWE,283073,0.697
SWE.21_1,SWE,1811358,0.692
SWZ.1_1,SWZ,350932,0.292
SWZ.2_1,SWZ,251985,0.086
SWZ.3_1,SWZ,416932,0.355
SWZ.4_1,SWZ,216848,0.07
SYC.1_1,SYC,4993,1.0
SYC.2_1,SYC,4355,0.842
SYC.3_1,SYC,6229,0.955
SYC.4_1,SYC,4921,0.974
SYC.5_1,SYC,5129,0.962
SYC.6_1,SYC,4038,0.629
SYC.7_1,SYC,6191,0.821
SYC.8_1,SYC,4024,0.951
SYC.9_1,SYC,3399,0.948
SYC.10_1,SYC,3680,0.905
SYC.11_1,SYC,5049,0.911
SYC.12_1,SYC,6065,1.0
SYC.13_1,SYC,3768,0.937
SYC.14_1,SYC,3487,0.293
SYC.15_1,SYC,4396,0.061
SYC.16_1,SYC,3903,0.0
SYC.17_1,SYC,3425,0.942
SYC.18_1,SYC,3980,0.977
SYC.19_1,SYC,3979,0.975
SYC.20_1,SYC,490,0.0
SYC.21_1,SYC,6042,0.994
SYC.22_1,SYC,4023,0.97
SYC.23_1,SYC,2872,0.0
SYC.24_1,SYC,2732,0.999
SYC.25_1,SYC,1722,1.0
SYC.26_1,SYC,3293,0.076
SYR.1_1,SYR,1656532,0.606
SYR.2_1,SYR,6045729,0.791
SYR.3_1,SYR,987376,0.701
SYR.4_1,SYR,427329,0.709
SYR.5_1,SYR,1066388,0.999
SYR.6_1,SYR,1297267,0.865
SYR.7_1,SYR,1509901,0.893
SYR.8_1,SYR,1675219,0.717
SYR.9_1,SYR,2155677,0.813
SYR.10_1,SYR,1794924,0.742
SYR.11_1,SYR,1185159,0.839
SYR.12_1,SYR,144262,0.784
SYR.13_1,SYR,4775255,0.947
SYR.14_1,SYR,713940,0.711
TCA.1_1,TCA,7451,0.887
TCA.2_1,TCA,71,0.0
TCA.3_1,TCA,1268,0.0
TCA.4_1,TCA,36534,0.873
TCA.5_1,TCA,75,0.0
TCA.6_1,TCA,1003,0.0
TCD.1_1,TCD,514139,0.403
TCD.2_1,TCD,796377,0.437
TCD.3_1,TCD,368193,0.682
TCD.4_1,TCD,892601,0.505
TCD.5_1,TCD,107268,0.352
TCD.6_1,TCD,183038,0.646
TCD.7_1,TCD,908612,0.537
TCD.8_1,TCD,873175,0.38
TCD.9_1,TCD,666307,0.179
TCD.10_1,TCD,715537,0.255
TCD.11_1,TCD,887570,0.513
TCD.12_1,TCD,1466949,0.518
TCD.13_1,TCD,991365,0.453
TCD.14_1,TCD,1200045,0.425
TCD.15_1,TCD,881252,0.43
TCD.16_1,TCD,933759,0.607
TCD.17_1,TCD,1395825,0.554
TCD.18_1,TCD,478402,0.627
TCD.19_1,TCD,749969,0.45
TCD.20_1,TCD,937632,0.469
TCD.21_1,TCD,77671,0.107
TCD.22_1,TCD,1813494,0.99
TCD.23_1,TCD,1579675,0.453
TGO.1_1,TGO,933914,0.649
TGO.2_1,TGO,1058697,0.487
TGO.3_1,TGO,4037774,0.918
TGO.4_1,TGO,1981117,0.53
TGO.5_1,TGO,1421850,0.639
THA.1_1,THA,292915,0.293
THA.2_1,THA,199394,0.465
THA.3_1,THA,12352797,0.998
THA.4_1,THA,274773,0.216
THA.5_1,THA,1151912,0.277
THA.6_1,THA,717067,0.502
THA.7_1,THA,206800,0.277
THA.8_1,THA,695188,0.177
THA.9_1,THA,662774,0.506
THA.10_1,THA,2196863,0.737
THA.11_1,THA,1296930,0.548
THA.12_1,THA,1531479,0.794
THA.13_1,THA,496605,0.383
THA.14_1,THA,894919,0.338
THA.15_1,THA,856707,0.354
THA.16_1,THA,769596,0.379
THA.17_1,THA,1731799,0.427
THA.18_1,THA,340659,0.285
THA.19_1,THA,804713,0.565
THA.20_1,THA,497653,0.729
THA.21_1,THA,602225,0.362
THA.22_1,THA,1079126,0.662
THA.23_1,THA,176281,0.265
THA.24_1,THA,709352,0.294
THA.25_1,THA,438060,0.427
THA.26_1,THA,217299,0.297
THA.27_1,THA,985013,0.807
THA.28_1,THA,507578,0.327
THA.29_1,THA,2159631,0.355
THA.30_1,THA,785804,0.352
THA.31_1,THA,1248669,0.432
THA.32_1,THA,402656,0.447
THA.33_1,THA,577603,0.531
THA.34_1,THA,521596,0.302
THA.35_1,THA,359399,0.351
THA.36_1,THA,2014703,0.992
THA.37_1,THA,1959279,0.956
THA.38_1,THA,540568,0.632
THA.39_1,THA,251140,0.325
THA.40_1,THA,537667,0.478
THA.41_1,THA,437113,0.512
THA.42_1,THA,806950,0.333
THA.43_1,THA,458422,0.502
THA.44_1,THA,457636,0.3
THA.45_1,THA,944252,0.435
THA.46_1,THA,843718,0.783
THA.47_1,THA,476052,0.664
THA.48_1,THA,948940,0.98
THA.49_1,THA,702693,0.532
THA.50_1,THA,417993,0.348
THA.51_1,THA,387771,0.564
THA.52_1,THA,696057,0.586
THA.53_1,THA,929336,0.717
THA.54_1,THA,1015388,0.33
THA.55_1,THA,562666,0.228
THA.56_1,THA,920095,0.3
THA.57_1,THA,2904071,0.993
THA.58_1,THA,1321065,0.987
THA.59_1,THA,139206,0.769
THA.60_1,THA,847356,0.695
THA.61_1,THA,269228,0.443
THA.62_1,THA,738927,0.155
THA.63_1,THA,114185,0.456
THA.64_1,THA,1857898,0.772
THA.65_1,THA,583492,0.434
THA.66_1,THA,943858,0.523
THA.67_1,THA,968610,0.367
THA.68_1,THA,755433,0.143
THA.69_1,THA,525504,0.424
THA.70_1,THA,512763,0.361
THA.71_1,THA,248918,0.395
THA.72_1,THA,1769049,0.328
THA.73_1,THA,910341,0.264
THA.74_1,THA,245156,0.081
THA.75_1,THA,490226,0.568
THA.76_1,THA,390271,0.506
THA.77_1,THA,341126,0.201
TJK.5_1,TJK,2350318,0.839
TJK.1_1,TJK,1210003,0.999
TJK.2_1,TJK,222893,0.376
TJK.3_1,TJK,3810346,0.82
TJK.4_1,TJK,2931012,0.828
TKL.1_1,TKL,676,0.0
TKL.2_1,TKL,663,0.0
TKL.3_1,TKL,515,0.0
TKM.1_1,TKM,678911,0.656
TKM.2_1,TKM,1299333,0.98
TKM.3_1,TKM,546508,0.763
TKM.6_1,TKM,1356663,0.608
TKM.4_1,TKM,1314774,0.683
TKM.5_1,TKM,1470950,0.793
TLS.1_1,TLS,73105,0.271
TLS.2_1,TLS,59203,0.145
TLS.3_1,TLS,72970,0.424
TLS.4_1,TLS,124345,0.274
TLS.5_1,TLS,103962,0.274
TLS.6_1,TLS,69213,0.324
TLS.7_1,TLS,428679,0.95
TLS.8_1,TLS,141421,0.618
TLS.9_1,TLS,61884,0.245
TLS.10_1,TLS,78514,0.434
TLS.11_1,TLS,54152,0.293
TLS.12_1,TLS,51621,0.225
TLS.13_1,TLS,79409,0.142
TON.1_1,TON,4603,0.0
TON.2_1,TON,4625,0.0
TON.3_1,TON,653,0.0
TON.4_1,TON,85768,0.717
TON.5_1,TON,13438,0.43
TTO.1_1,TTO,40131,0.997
TTO.2_1,TTO,122485,0.998
TTO.3_1,TTO,221032,0.824
TTO.4_1,TTO,113283,0.982
TTO.5_1,TTO,42278,0.417
TTO.6_1,TTO,101438,0.885
TTO.7_1,TTO,24257,0.856
TTO.8_1,TTO,42058,1.0
TTO.9_1,TTO,116159,0.786
TTO.10_1,TTO,47583,1.0
TTO.11_1,TTO,173157,0.976
TTO.12_1,TTO,93491,0.693
TTO.13_1,TTO,96537,0.76
TTO.14_1,TTO,73461,0.777
TTO.15_1,TTO,231904,0.942
TUN.1_1,TUN,761451,0.959
TUN.2_1,TUN,303743,0.491
TUN.3_1,TUN,831716,0.955
TUN.4_1,TUN,623136,0.712
TUN.5_1,TUN,422155,0.757
TUN.6_1,TUN,358262,0.716
TUN.7_1,TUN,391985,0.454
TUN.8_1,TUN,625364,0.396
TUN.9_1,TUN,470877,0.438
TUN.10_1,TUN,175246,0.708
TUN.11_1,TUN,228250,0.517
TUN.12_1,TUN,458680,0.492
TUN.13_1,TUN,303394,0.736
TUN.14_1,TUN,540974,0.749
TUN.15_1,TUN,675395,0.923
TUN.16_1,TUN,922087,0.744
TUN.17_1,TUN,1125256,0.721
TUN.18_1,TUN,476275,0.335
TUN.19_1,TUN,215227,0.318
TUN.20_1,TUN,852199,0.815
TUN.21_1,TUN,161488,0.508
TUN.22_1,TUN,121733,0.827
TUN.23_1,TUN,1392135,0.996
TUN.24_1,TUN,200785,0.442
TUR.1_1,TUR,1660048,0.852
TUR.2_1,TUR,628592,0.678
TUR.3_1,TUR,656029,0.559
TUR.4_1,TUR,642882,0.79
TUR.5_1,TUR,407764,0.656
TUR.6_1,TUR,341940,0.639
TUR.7_1,TUR,6395142,0.939
TUR.8_1,TUR,2841817,0.881
TUR.9_1,TUR,86641,0.358
TUR.10_1,TUR,151927,0.503
TUR.11_1,TUR,1203697,0.777
TUR.12_1,TUR,1457046,0.704
TUR.13_1,TUR,220674,0.493
TUR.14_1,TUR,719458,0.839
TUR.15_1,TUR,58712,0.496
TUR.16_1,TUR,314713,0.692
TUR.17_1,TUR,295687,0.651
TUR.18_1,TUR,299165,0.715
TUR.19_1,TUR,313337,0.609
TUR.20_1,TUR,300238,0.577
TUR.21_1,TUR,3633017,0.894
TUR.22_1,TUR,604242,0.576
TUR.23_1,TUR,179290,0.519
TUR.24_1,TUR,595982,0.66
TUR.25_1,TUR,1072950,0.721
TUR.26_1,TUR,1866057,0.721
TUR.27_1,TUR,430465,0.793
TUR.28_1,TUR,473243,0.545
TUR.29_1,TUR,700052,0.769
TUR.30_1,TUR,163103,0.544
TUR.31_1,TUR,752181,0.649
TUR.32_1,TUR,1034232,0.831
TUR.33_1,TUR,2497786,0.884
TUR.34_1,TUR,355148,0.741
TUR.35_1,TUR,89787,0.408
TUR.36_1,TUR,312457,0.794
TUR.37_1,TUR,2133363,0.9
TUR.38_1,TUR,239617,0.64
TUR.39_1,TUR,443508,0.662
TUR.40_1,TUR,13985312,0.989
TUR.41_1,TUR,3842842,0.889
TUR.42_1,TUR,1269206,0.809
TUR.43_1,TUR,278651,0.859
TUR.44_1,TUR,252665,0.702
TUR.45_1,TUR,311358,0.45
TUR.46_1,TUR,393018,0.477
TUR.47_1,TUR,1529530,0.833
TUR.48_1,TUR,169492,0.663
TUR.49_1,TUR,273320,0.801
TUR.50_1,TUR,388348,0.56
TUR.51_1,TUR,280971,0.707
TUR.52_1,TUR,2400803,0.938
TUR.53_1,TUR,2436276,0.742
TUR.54_1,TUR,593662,0.608
TUR.55_1,TUR,827515,0.788
TUR.56_1,TUR,1797812,0.752
TUR.57_1,TUR,970343,0.68
TUR.58_1,TUR,1593630,0.871
TUR.59_1,TUR,1122574,0.778
TUR.60_1,TUR,400525,0.63
TUR.61_1,TUR,285591,0.604
TUR.62_1,TUR,372799,0.605
TUR.63_1,TUR,619168,0.756
TUR.64_1,TUR,612052,0.882
TUR.65_1,TUR,302372,0.84
TUR.66_1,TUR,1085090,0.828
TUR.67_1,TUR,1592633,0.796
TUR.68_1,TUR,2331113,0.72
TUR.69_1,TUR,401358,0.783
TUR.70_1,TUR,200224,0.634
TUR.71_1,TUR,650610,0.813
TUR.72_1,TUR,717585,0.72
TUR.73_1,TUR,1240146,0.81
TUR.74_1,TUR,478778,0.684
TUR.75_1,TUR,710125,0.828
TUR.76_1,TUR,66889,0.388
TUR.77_1,TUR,415483,0.708
TUR.78_1,TUR,1493659,0.74
TUR.79_1,TUR,302931,0.924
TUR.80_1,TUR,331840,0.467
TUR.81_1,TUR,706472,0.832
TUV.1_1,TUV,9074,0.986
TUV.2_1,TUV,218,0.0
TUV.3_1,TUV,248,0.0
TUV.4_1,TUV,11,0.0
TUV.5_1,TUV,316,0.0
TUV.6_1,TUV,311,0.0
TUV.7_1,TUV,279,0.0
TUV.8_1,TUV,148,0.0
TUV.9_1,TUV,883,0.0
TWN.1_1,TWN,62912,0.539
TWN.2_1,TWN,2766921,0.975
TWN.3_1,TWN,4629840,0.982
TWN.4_1,TWN,2968792,0.985
TWN.5_1,TWN,1660894,0.925
TWN.6_1,TWN,2540010,0.997
TWN.7_1,TWN,9321879,0.897
TZA.1_1,TZA,2566353,0.63
TZA.2_1,TZA,9101995,0.993
TZA.3_1,TZA,3029632,0.421
TZA.4_1,TZA,3438301,0.556
TZA.5_1,TZA,1250309,0.322
TZA.6_1,TZA,3516357,0.583
TZA.18_1,TZA,284967,0.856
TZA.28_1,TZA,316541,0.907
TZA.7_1,TZA,945696,0.305
TZA.8_1,TZA,3297500,0.858
TZA.9_1,TZA,2308283,0.834
TZA.19_1,TZA,252692,0.871
TZA.29_1,TZA,166875,0.612
TZA.10_1,TZA,1101562,0.26
TZA.11_1,TZA,2379331,0.41
TZA.12_1,TZA,2660756,0.479
TZA.13_1,TZA,2576310,0.68
TZA.30_1,TZA,1083084,0.991
TZA.14_1,TZA,3359030,0.566
TZA.15_1,TZA,1714541,0.403
TZA.16_1,TZA,4168166,0.678
TZA.17_1,TZA,876001,0.212
TZA.20_1,TZA,1659265,0.466
TZA.21_1,TZA,1672908,0.507
TZA.22_1,TZA,1976662,0.43
TZA.23_1,TZA,2255114,0.298
TZA.24_1,TZA,2714924,0.425
TZA.25_1,TZA,2083845,0.247
TZA.31_1,TZA,1720964,0.564
TZA.26_1,TZA,3776455,0.182
TZA.27_1,TZA,3108145,0.565
UGA.1_1,UGA,270231,0.572
UGA.2_1,UGA,1462732,0.525
UGA.3_1,UGA,1685671,0.776
UGA.4_1,UGA,887340,0.928
UGA.5_1,UGA,403605,0.863
UGA.6_1,UGA,1098758,0.834
UGA.7_1,UGA,473713,0.946
UGA.8_1,UGA,1291081,0.461
UGA.9_1,UGA,945451,0.699
UGA.10_1,UGA,1421441,0.928
UGA.11_1,UGA,582359,0.96
UGA.12_1,UGA,643805,0.836
UGA.13_1,UGA,635699,0.918
UGA.14_1,UGA,346238,0.503
UGA.15_1,UGA,80882,0.139
UGA.16_1,UGA,1766716,1.0
UGA.17_1,UGA,1561056,0.869
UGA.18_1,UGA,657765,0.8
UGA.19_1,UGA,317346,0.789
UGA.20_1,UGA,444254,0.886
UGA.21_1,UGA,940950,0.924
UGA.22_1,UGA,642888,0.144
UGA.23_1,UGA,473811,0.788
UGA.24_1,UGA,1477079,0.764
UGA.25_1,UGA,572545,0.577
UGA.26_1,UGA,373258,0.93
UGA.27_1,UGA,417649,0.218
UGA.28_1,UGA,618190,0.659
UGA.29_1,UGA,887803,0.852
UGA.30_1,UGA,1321196,0.768
UGA.31_1,UGA,3751,0.663
UGA.32_1,UGA,21935,0.409
UGA.33_1,UGA,1525539,0.484
UGA.34_1,UGA,907528,0.628
UGA.35_1,UGA,1115192,0.723
UGA.36_1,UGA,993251,0.638
UGA.37_1,UGA,707265,0.929
UGA.38_1,UGA,1559203,0.993
UGA.39_1,UGA,2423355,0.661
UGA.40_1,UGA,350862,0.495
UGA.41_1,UGA,108450,0.487
UGA.42_1,UGA,660596,0.59
UGA.43_1,UGA,1532394,0.619
UGA.44_1,UGA,1587972,0.827
UGA.45_1,UGA,472168,0.657
UGA.46_1,UGA,262355,0.188
UGA.47_1,UGA,918171,0.8
UGA.48_1,UGA,643555,0.756
UGA.49_1,UGA,524258,0.139
UGA.50_1,UGA,1218349,0.969
UGA.51_1,UGA,820107,0.609
UGA.52_1,UGA,380362,0.806
UGA.53_1,UGA,355432,0.487
UGA.54_1,UGA,636254,0.962
UGA.55_1,UGA,911658,0.761
UGA.56_1,UGA,1107783,0.948
UGA.57_1,UGA,3932019,0.985
UGA.58_1,UGA,904274,0.88
?,UKR,366910,0.995
UKR.1_1,UKR,1038737,0.659
UKR.2_1,UKR,860086,0.64
UKR.3_1,UKR,804358,0.563
UKR.4_1,UKR,1716294,0.681
UKR.5_1,UKR,2740732,0.831
UKR.6_1,UKR,3607316,0.863
UKR.7_1,UKR,1221804,0.592
UKR.8_1,UKR,2360516,0.783
UKR.9_1,UKR,896816,0.574
UKR.10_1,UKR,1092623,0.614
UKR.12_1,UKR,1447235,0.613
UKR.11_1,UKR,2285083,0.995
UKR.13_1,UKR,789221,0.68
UKR.14_1,UKR,2210000,0.681
UKR.15_1,UKR,1822938,0.786
UKR.16_1,UKR,997460,0.728
UKR.17_1,UKR,2111021,0.717
UKR.18_1,UKR,1190987,0.658
UKR.19_1,UKR,1031174,0.622
UKR.20_1,UKR,348825,0.878
UKR.21_1,UKR,913399,0.679
UKR.22_1,UKR,916509,0.517
UKR.24_1,UKR,1373484,0.566
UKR.25_1,UKR,919306,0.678
UKR.23_1,UKR,1130528,0.584
UKR.26_1,UKR,1509534,0.781
UKR.27_1,UKR,1054974,0.639
UMI.1_1,UMI,0,0.0
UMI.2_1,UMI,0,0.0
UMI.3_1,UMI,0,0.0
UMI.4_1,UMI,0,0.0
UMI.5_1,UMI,0,0.0
UMI.6_1,UMI,0,0.0
UMI.7_1,UMI,0,0.0
UMI.8_1,UMI,0,0.0
UMI.9_1,UMI,0,0.0
URY.1_2,URY,68834,0.81
URY.2_2,URY,592487,0.829
URY.3_2,URY,84931,0.805
URY.4_2,URY,136757,0.772
URY.5_2,URY,56584,0.742
URY.6_2,URY,26161,0.85
URY.7_2,URY,68171,0.59
URY.8_2,URY,57806,0.651
URY.9_2,URY,232084,0.863
URY.10_2,URY,1262228,0.988
URY.11_2,URY,118710,0.776
URY.12_2,URY,58787,0.769
URY.13_2,URY,109039,0.829
URY.14_2,URY,68110,0.714
URY.15_2,URY,134539,0.836
URY.16_2,URY,124611,0.709
URY.17_2,URY,83409,0.786
URY.18_2,URY,93848,0.751
URY.19_2,URY,48297,0.649
USA.1_1,USA,5170807,0.476
USA.2_1,USA,835291,0.558
USA.3_1,USA,7784426,0.867
USA.4_1,USA,3181612,0.453
USA.5_1,USA,41211072,0.924
USA.6_1,USA,6019803,0.823
USA.7_1,USA,3633571,0.764
USA.8_1,USA,1083096,0.736
USA.9_1,USA,703570,1.0
USA.10_1,USA,22753629,0.868
USA.11_1,USA,11154023,0.671
USA.12_1,USA,1561850,0.847
USA.13_1,USA,1985126,0.64
USA.14_1,USA,12913284,0.825
USA.15_1,USA,6886770,0.634
USA.16_1,USA,3251754,0.549
USA.17_1,USA,3060867,0.666
USA.18_1,USA,4695406,0.503
USA.19_1,USA,4738304,0.639
USA.20_1,USA,1407762,0.286
USA.21_1,USA,6212003,0.805
USA.22_1,USA,7208430,0.818
USA.23_1,USA,10152854,0.649
USA.24_1,USA,6024567,0.656
USA.25_1,USA,3101671,0.383
USA.26_1,USA,6458489,0.624
USA.27_1,USA,1139075,0.464
USA.28_1,USA,2025531,0.687
USA.29_1,USA,3309727,0.938
USA.30_1,USA,1488075,0.447
USA.31_1,USA,9080947,0.899
USA.32_1,USA,2319357,0.68
USA.33_1,USA,19768092,0.832
USA.34_1,USA,11475889,0.553
USA.35_1,USA,786333,0.558
USA.36_1,USA,11909188,0.692
USA.37_1,USA,4211574,0.586
USA.38_1,USA,4552961,0.746
USA.39_1,USA,13198672,0.677
USA.40_1,USA,1089082,0.834
USA.41_1,USA,5618493,0.554
USA.42_1,USA,920260,0.474
USA.43_1,USA,7355027,0.548
USA.44_1,USA,30885128,0.814
USA.45_1,USA,3371110,0.884
USA.46_1,USA,659846,0.275
USA.47_1,USA,8824752,0.708
USA.48_1,USA,7967614,0.777
USA.49_1,USA,1797374,0.31
USA.50_1,USA,5942835,0.601
USA.51_1,USA,621959,0.533
UZB.1_1,UZB,3438786,0.929
UZB.2_1,UZB,2103399,0.89
UZB.3_1,UZB,4136728,0.927
UZB.4_1,UZB,1368624,0.671
UZB.8_1,UZB,3036142,0.908
UZB.9_1,UZB,1385440,0.819
UZB.5_1,UZB,1821604,0.727
UZB.6_1,UZB,3533529,0.793
UZB.10_1,UZB,3763688,0.867
UZB.11_1,UZB,918858,0.699
UZB.12_1,UZB,2831621,0.811
UZB.14_1,UZB,3607000,0.877
UZB.13_1,UZB,2279497,1.0
UZB.7_1,UZB,2056988,0.875
VCT.1_1,VCT,25119,0.755
VCT.2_1,VCT,11448,0.0
VCT.3_1,VCT,13866,0.93
VCT.4_1,VCT,5094,0.0
VCT.5_1,VCT,41200,0.932
VCT.6_1,VCT,6629,0.131
VEN.1_1,VEN,193984,0.749
VEN.2_1,VEN,1615213,0.869
VEN.3_1,VEN,499020,0.811
VEN.4_1,VEN,1554865,0.942
VEN.5_1,VEN,1030593,0.755
VEN.6_1,VEN,1524516,0.873
VEN.7_1,VEN,2478536,0.959
VEN.8_1,VEN,392524,0.755
VEN.9_1,VEN,317799,0.79
VEN.10_1,VEN,2484,0.0
VEN.11_1,VEN,1749301,0.997
VEN.12_1,VEN,984060,0.752
VEN.13_1,VEN,830756,0.774
VEN.14_1,VEN,1893346,0.907
VEN.15_1,VEN,877640,0.838
VEN.16_1,VEN,2863286,0.943
VEN.17_1,VEN,1159492,0.844
VEN.18_1,VEN,603758,0.939
VEN.19_1,VEN,973288,0.802
VEN.20_1,VEN,993226,0.853
VEN.21_1,VEN,1265041,0.894
VEN.22_1,VEN,708632,0.742
VEN.23_1,VEN,384515,0.959
VEN.24_1,VEN,675606,0.881
VEN.25_1,VEN,4317103,0.908
VGB.1_1,VGB,301,0.0
VGB.2_1,VGB,315,0.0
VGB.3_1,VGB,19,0.0
VGB.4_1,VGB,26537,0.748
VGB.5_1,VGB,4479,0.0
VIR.1_1,VIR,46025,0.686
VIR.2_1,VIR,3994,0.0
VIR.3_1,VIR,46990,0.878
VNM.1_1,VNM,2235390,0.932
VNM.7_1,VNM,1430030,0.928
VNM.3_1,VNM,1497919,0.876
VNM.4_1,VNM,285821,0.431
VNM.2_1,VNM,937561,0.793
VNM.5_1,VNM,1128283,0.984
VNM.6_1,VNM,1287508,0.916
VNM.8_1,VNM,1497880,0.895
VNM.9_1,VNM,2873827,0.945
VNM.10_1,VNM,1345767,0.727
VNM.11_1,VNM,1222295,0.811
VNM.13_1,VNM,1285696,0.658
VNM.12_1,VNM,2413806,0.978
VNM.14_1,VNM,483445,0.46
VNM.19_1,VNM,1188985,0.985
VNM.15_1,VNM,2312327,0.785
VNM.16_1,VNM,703356,0.648
VNM.20_1,VNM,508030,0.611
VNM.17_1,VNM,3553635,0.927
VNM.18_1,VNM,1765136,0.898
VNM.21_1,VNM,1748325,0.702
VNM.26_1,VNM,730601,0.446
VNM.28_1,VNM,837927,0.972
VNM.27_1,VNM,7433445,0.989
VNM.29_1,VNM,1222877,0.811
VNM.22_1,VNM,1844778,0.972
VNM.23_1,VNM,1842729,0.981
VNM.24_1,VNM,756813,0.851
VNM.25_1,VNM,11542608,0.996
VNM.30_1,VNM,744848,0.691
VNM.31_1,VNM,1228779,0.983
VNM.32_1,VNM,1214570,0.88
VNM.33_1,VNM,1821377,0.789
VNM.34_1,VNM,611378,0.668
VNM.36_1,VNM,432232,0.475
VNM.37_1,VNM,1564178,0.783
VNM.35_1,VNM,703689,0.527
VNM.38_1,VNM,591196,0.642
VNM.39_1,VNM,1539305,0.799
VNM.40_1,VNM,1931003,0.983
VNM.41_1,VNM,2960589,0.82
VNM.42_1,VNM,967301,0.951
VNM.43_1,VNM,591054,0.819
VNM.44_1,VNM,993893,0.763
VNM.45_1,VNM,897542,0.841
VNM.46_1,VNM,873877,0.809
VNM.47_1,VNM,1450734,0.79
VNM.48_1,VNM,1355008,0.839
VNM.49_1,VNM,1152714,0.843
VNM.50_1,VNM,614026,0.732
VNM.51_1,VNM,1385588,0.823
VNM.52_1,VNM,1095900,0.636
VNM.53_1,VNM,1540495,0.854
VNM.55_1,VNM,1904445,0.978
VNM.56_1,VNM,1094770,0.81
VNM.57_1,VNM,3411924,0.86
VNM.54_1,VNM,1086144,0.89
VNM.58_1,VNM,1758649,0.943
VNM.59_1,VNM,1054548,0.85
VNM.60_1,VNM,706022,0.642
VNM.61_1,VNM,1066516,0.93
VNM.62_1,VNM,1037932,0.963
VNM.63_1,VNM,725663,0.695
VUT.1_1,VUT,46694,0.0
VUT.2_1,VUT,41818,0.0
VUT.3_1,VUT,71350,0.286
VUT.4_1,VUT,131539,0.664
VUT.5_1,VUT,42151,0.0
VUT.6_1,VUT,13480,0.0
WLF.1_1,WLF,2039,0.0
WLF.2_1,WLF,1168,0.0
WLF.3_1,WLF,8094,0.0
WSM.1_1,WSM,27542,0.613
WSM.2_1,WSM,6073,0.676
WSM.3_1,WSM,25775,0.246
WSM.4_1,WSM,16324,0.769
WSM.5_1,WSM,5712,0.0
WSM.6_1,WSM,5903,0.0
WSM.7_1,WSM,10329,0.0
WSM.8_1,WSM,6331,0.0
WSM.9_1,WSM,117334,0.82
WSM.10_1,WSM,1594,0.167
WSM.11_1,WSM,7754,0.0
XAD.1_1,XAD,6197,0.622
XAD.2_1,XAD,17727,0.306
XKO.1_1,XKO,165005,0.634
XKO.2_1,XKO,124158,0.62
XKO.3_1,XKO,199155,0.657
XKO.4_1,XKO,166607,0.615
XKO.5_1,XKO,488016,0.769
XKO.6_1,XKO,327043,0.739
XKO.7_1,XKO,168658,0.772
YEM.1_1,YEM,1297268,0.986
YEM.2_1,YEM,778655,0.748
YEM.3_1,YEM,1025228,0.749
YEM.4_1,YEM,832417,0.792
YEM.5_1,YEM,3998774,0.837
YEM.6_1,YEM,766609,0.761
YEM.7_1,YEM,159748,0.608
YEM.8_1,YEM,870893,0.954
YEM.9_1,YEM,3471086,0.996
YEM.10_1,YEM,1550549,0.823
YEM.11_1,YEM,2328145,0.812
YEM.12_1,YEM,1836783,0.731
YEM.13_1,YEM,2585025,0.912
YEM.14_1,YEM,4043558,0.926
YEM.15_1,YEM,1308385,0.757
YEM.16_1,YEM,419300,0.586
YEM.17_1,YEM,689778,0.916
YEM.18_1,YEM,1178253,0.822
YEM.19_1,YEM,1643571,0.74
YEM.20_1,YEM,828298,0.675
YEM.21_1,YEM,4337000,0.929
ZAF.1_1,ZAF,6763451,0.525
ZAF.2_1,ZAF,2726342,0.867
ZAF.3_1,ZAF,16792646,0.973
ZAF.4_1,ZAF,10996477,0.678
ZAF.5_1,ZAF,5957735,0.651
ZAF.6_1,ZAF,4907576,0.83
ZAF.7_1,ZAF,4149644,0.743
ZAF.8_1,ZAF,1402169,0.7
ZAF.9_1,ZAF,7969086,0.898
ZMB.1_1,ZMB,2269709,0.392
ZMB.2_1,ZMB,2999573,0.821
ZMB.3_1,ZMB,2514553,0.26
ZMB.4_1,ZMB,2072930,0.656
ZMB.5_1,ZMB,4442376,0.891
ZMB.6_1,ZMB,1084954,0.327
ZMB.7_1,ZMB,966454,0.458
ZMB.8_1,ZMB,1836159,0.367
ZMB.9_1,ZMB,2347450,0.296
ZMB.10_1,ZMB,1213205,0.282
ZNC.1_1,ZNC,73254,0.62
ZNC.2_1,ZNC,96128,0.803
ZNC.3_1,ZNC,15531,0.0
ZNC.4_1,ZNC,20387,0.0
ZNC.5_1,ZNC,134969,0.85
ZWE.1_1,ZWE,609872,0.967
ZWE.2_1,ZWE,2225799,0.992
ZWE.3_1,ZWE,2388367,0.222
ZWE.4_1,ZWE,1678752,0.148
ZWE.5_1,ZWE,2083736,0.281
ZWE.6_1,ZWE,2257399,0.261
ZWE.7_1,ZWE,2093331,0.116
ZWE.8_1,ZWE,979419,0.107
ZWE.9_1,ZWE,881911,0.104
ZWE.10_1,ZWE,2170836,0.224
