name,alpha3,totalPopulation,fractionUrban,year,fractionUnderFive
Aruba,ABW,107864,0.955,2030,0.047
Aruba,ABW,100002,0.946,2050,0.048
Aruba,ABW,82911,0.927,2100,0.046
Afghanistan,AFG,50039402,0.841,2030,0.148
Afghanistan,AFG,76885134,0.86,2050,0.113
Afghanistan,AFG,143212960,0.914,2100,0.033
Angola,AGO,45160458,0.766,2030,0.158
Angola,AGO,74295394,0.787,2050,0.127
Angola,AGO,145360064,0.84,2100,0.061
Anguilla,AIA,14977,0.0,2030,0.046
Anguilla,AIA,14552,0.0,2050,0.037
Anguilla,AIA,14031,0.0,2100,0.018
Albania,ALB,2671885,0.698,2030,0.045
Albania,ALB,2240166,0.727,2050,0.035
Albania,ALB,1173526,0.801,2100,0.003
Andorra,AND,85682,0.756,2030,0.035
Andorra,AND,82195,0.75,2050,0.029
Andorra,AND,79039,0.747,2100,0.024
United Arab Emirates,ARE,12190605,0.917,2030,0.057
United Arab Emirates,ARE,15367392,0.931,2050,0.061
United Arab Emirates,ARE,23386172,0.968,2100,0.079
Argentina,ARG,46585022,0.866,2030,0.055
Argentina,ARG,48308944,0.875,2050,0.049
Argentina,ARG,53079951,0.899,2100,0.029
Armenia,ARM,2851291,0.772,2030,0.053
Armenia,ARM,2495207,0.789,2050,0.049
Armenia,ARM,1586631,0.822,2100,0.028
American Samoa,ASM,42958,0.752,2030,0.067
American Samoa,ASM,37545,0.637,2050,0.07
American Samoa,ASM,21396,0.385,2100,0.051
Antigua and Barbuda,ATG,96000,0.762,2030,0.055
Antigua and Barbuda,ATG,95055,0.772,2050,0.044
Antigua and Barbuda,ATG,95783,0.795,2100,0.017
Australia,AUS,28188539,0.816,2030,0.055
Australia,AUS,32506969,0.821,2050,0.052
Australia,AUS,43508614,0.828,2100,0.044
Austria,AUT,9080346,0.595,2030,0.041
Austria,AUT,8724332,0.609,2050,0.041
Austria,AUT,7919288,0.643,2100,0.032
Azerbaijan,AZE,10665380,0.792,2030,0.056
Azerbaijan,AZE,11224923,0.797,2050,0.053
Azerbaijan,AZE,12818495,0.81,2100,0.032
Burundi,BDI,16182016,0.915,2030,0.143
Burundi,BDI,24131720,0.953,2050,0.116
Burundi,BDI,43708209,1.0,2100,0.048
Belgium,BEL,11824141,0.795,2030,0.043
Belgium,BEL,11870906,0.8,2050,0.045
Belgium,BEL,12069871,0.814,2100,0.041
Benin,BEN,16618822,0.761,2030,0.142
Benin,BEN,24433809,0.814,2050,0.116
Benin,BEN,43743643,0.956,2100,0.054
"Bonaire, Sint Eustatius and Saba",BES,33510,0.66,2030,0.048
"Bonaire, Sint Eustatius and Saba",BES,34742,0.665,2050,0.043
"Bonaire, Sint Eustatius and Saba",BES,40662,0.696,2100,0.031
Burkina Faso,BFA,26730324,0.54,2030,0.132
Burkina Faso,BFA,37304383,0.627,2050,0.103
Burkina Faso,BFA,63758166,0.846,2100,0.03
Bangladesh,BGD,186072407,0.981,2030,0.088
Bangladesh,BGD,214709097,0.983,2050,0.063
Bangladesh,BGD,291217141,0.988,2100,0.002
Bulgaria,BGR,6458243,0.618,2030,0.044
Bulgaria,BGR,5402217,0.66,2050,0.045
Bulgaria,BGR,2773869,0.763,2100,0.044
Bahrain,BHR,1765209,0.981,2030,0.06
Bahrain,BHR,2139464,0.987,2050,0.058
Bahrain,BHR,3118246,1.0,2100,0.058
Bahamas,BHS,410266,0.83,2030,0.052
Bahamas,BHS,424265,0.844,2050,0.046
Bahamas,BHS,464951,0.88,2100,0.03
Bosnia and Herzegovina,BIH,3013974,0.526,2030,0.039
Bosnia and Herzegovina,BIH,2455167,0.558,2050,0.036
Bosnia and Herzegovina,BIH,1078842,0.639,2100,0.027
Saint Barthélemy,BLM,12007,0.866,2030,0.031
Saint Barthélemy,BLM,12789,0.937,2050,0.038
Saint Barthélemy,BLM,15350,1.0,2100,0.01
Belarus,BLR,8687632,0.766,2030,0.034
Belarus,BLR,7453546,0.816,2050,0.042
Belarus,BLR,4366122,0.945,2100,0.043
Belize,BLZ,449839,0.599,2030,0.081
Belize,BLZ,516627,0.611,2050,0.058
Belize,BLZ,699167,0.653,2100,0.004
Bermuda,BMU,63868,0.984,2030,0.039
Bermuda,BMU,56937,0.903,2050,0.036
Bermuda,BMU,41205,0.731,2100,0.026
Bolivia (Plurinational State of),BOL,13405564,0.739,2030,0.094
Bolivia (Plurinational State of),BOL,16110162,0.777,2050,0.075
Bolivia (Plurinational State of),BOL,23096529,0.879,2100,0.028
Brazil,BRA,216074411,0.801,2030,0.056
Brazil,BRA,217489300,0.816,2050,0.047
Brazil,BRA,225458193,0.855,2100,0.017
Barbados,BRB,282490,0.863,2030,0.054
Barbados,BRB,264216,0.859,2050,0.047
Barbados,BRB,225290,0.85,2100,0.031
Brunei Darussalam,BRN,482446,0.834,2030,0.06
Brunei Darussalam,BRN,519551,0.843,2050,0.051
Brunei Darussalam,BRN,622736,0.878,2100,0.021
Bhutan,BTN,820694,0.337,2030,0.058
Bhutan,BTN,882340,0.38,2050,0.045
Bhutan,BTN,1049561,0.488,2100,0.014
Botswana,BWA,2765918,0.712,2030,0.105
Botswana,BWA,3437430,0.747,2050,0.079
Botswana,BWA,5170942,0.832,2100,0.009
Central African Republic,CAF,6478246,0.563,2030,0.187
Central African Republic,CAF,10616752,0.606,2050,0.133
Central African Republic,CAF,20856865,0.71,2100,0.043
Canada,CAN,41655589,0.766,2030,0.045
Canada,CAN,45621882,0.78,2050,0.043
Canada,CAN,56356346,0.814,2100,0.037
Switzerland,CHE,9130292,0.776,2030,0.044
Switzerland,CHE,9342586,0.79,2050,0.044
Switzerland,CHE,10040651,0.828,2100,0.038
Chile,CHL,20233183,0.826,2030,0.042
Chile,CHL,20320306,0.837,2050,0.036
Chile,CHL,21073704,0.865,2100,0.013
China,CHN,1398153832,0.838,2030,0.03
China,CHN,1260289093,0.838,2050,0.032
China,CHN,940806556,0.84,2100,0.018
Côte d'Ivoire,CIV,36699009,0.704,2030,0.135
Côte d'Ivoire,CIV,55746985,0.747,2050,0.119
Côte d'Ivoire,CIV,102186686,0.861,2100,0.077
Cameroon,CMR,33777190,0.774,2030,0.142
Cameroon,CMR,51096317,0.821,2050,0.115
Cameroon,CMR,93735957,0.945,2100,0.05
Democratic Republic of the Congo,COD,131532201,0.744,2030,0.171
Democratic Republic of the Congo,COD,218246072,0.77,2050,0.134
Democratic Republic of the Congo,COD,430491718,0.836,2100,0.057
Congo,COG,7282266,0.923,2030,0.136
Congo,COG,11006472,0.93,2050,0.115
Congo,COG,20113981,0.95,2100,0.071
Cook Islands,COK,11496,0.0,2030,0.044
Cook Islands,COK,9337,0.0,2050,0.064
Cook Islands,COK,2069,0.0,2100,0.061
Colombia,COL,55736475,0.829,2030,0.061
Colombia,COL,59385356,0.849,2050,0.046
Colombia,COL,70638789,0.902,2100,0.008
Comoros,COM,964264,0.88,2030,0.123
Comoros,COM,1307558,0.95,2050,0.103
Comoros,COM,2159077,1.0,2100,0.051
Cabo Verde,CPV,538614,0.75,2030,0.057
Cabo Verde,CPV,566134,0.782,2050,0.051
Cabo Verde,CPV,641651,0.879,2100,0.011
Costa Rica,CRI,5251496,0.746,2030,0.047
Costa Rica,CRI,5354150,0.758,2050,0.04
Costa Rica,CRI,5721844,0.791,2100,0.012
Cuba,CUB,10700822,0.83,2030,0.042
Cuba,CUB,9382000,0.856,2050,0.037
Cuba,CUB,6227152,0.918,2100,0.02
Curaçao,CUW,184826,0.947,2030,0.038
Curaçao,CUW,173498,0.948,2050,0.036
Curaçao,CUW,148486,0.95,2100,0.03
Cayman Islands,CYM,82414,0.932,2030,0.052
Cayman Islands,CYM,103958,0.954,2050,0.047
Cayman Islands,CYM,159622,1.0,2100,0.031
Cyprus,CYP,1422318,0.771,2030,0.048
Cyprus,CYP,1508482,0.781,2050,0.041
Cyprus,CYP,1769641,0.82,2100,0.017
Czechia,CZE,10425089,0.607,2030,0.04
Czechia,CZE,9825544,0.621,2050,0.047
Czechia,CZE,8274469,0.653,2100,0.044
Germany,DEU,82780953,0.735,2030,0.041
Germany,DEU,78294613,0.742,2050,0.044
Germany,DEU,66815849,0.758,2100,0.043
Djibouti,DJI,1262678,0.895,2030,0.094
Djibouti,DJI,1530540,0.908,2050,0.076
Djibouti,DJI,2217927,0.937,2100,0.035
Dominica,DMA,64169,0.443,2030,0.051
Dominica,DMA,63192,0.45,2050,0.048
Dominica,DMA,58527,0.477,2100,0.034
Denmark,DNK,6081995,0.658,2030,0.05
Denmark,DNK,6124838,0.665,2050,0.047
Denmark,DNK,6336749,0.687,2100,0.038
Dominican Republic,DOM,11938852,0.862,2030,0.078
Dominican Republic,DOM,12996293,0.878,2050,0.064
Dominican Republic,DOM,15874569,0.916,2100,0.019
Algeria,DZA,50154166,0.821,2030,0.079
Algeria,DZA,59565554,0.855,2050,0.073
Algeria,DZA,83651749,0.944,2100,0.027
Ecuador,ECU,19069719,0.793,2030,0.069
Ecuador,ECU,21337237,0.824,2050,0.054
Ecuador,ECU,27330517,0.901,2100,0.011
Egypt,EGY,127139322,0.978,2030,0.096
Egypt,EGY,161630192,0.985,2050,0.08
Egypt,EGY,248086869,1.0,2100,0.042
Eritrea,ERI,4002672,0.661,2030,0.131
Eritrea,ERI,5696062,0.703,2050,0.101
Eritrea,ERI,9887360,0.822,2100,0.041
Western Sahara,ESH,647480,0.896,2030,0.07
Western Sahara,ESH,777316,0.91,2050,0.062
Western Sahara,ESH,1123418,0.948,2100,0.038
Spain,ESP,47610520,0.798,2030,0.035
Spain,ESP,44928558,0.821,2050,0.037
Spain,ESP,38819543,0.876,2100,0.039
Estonia,EST,1302772,0.66,2030,0.038
Estonia,EST,1174267,0.704,2050,0.043
Estonia,EST,838782,0.802,2100,0.037
Ethiopia,ETH,152855357,0.689,2030,0.135
Ethiopia,ETH,225021874,0.763,2050,0.104
Ethiopia,ETH,404435007,0.952,2100,0.029
Finland,FIN,5592051,0.616,2030,0.04
Finland,FIN,5351645,0.639,2050,0.042
Finland,FIN,4794550,0.691,2100,0.043
Fiji,FJI,953106,0.568,2030,0.083
Fiji,FJI,1000261,0.585,2050,0.07
Fiji,FJI,1130588,0.641,2100,0.034
Falkland Islands (Malvinas),FLK,3422,0.0,2030,0.046
Falkland Islands (Malvinas),FLK,3176,0.0,2050,0.044
Falkland Islands (Malvinas),FLK,2583,0.0,2100,0.031
France,FRA,67107691,0.627,2030,0.048
France,FRA,68219675,0.64,2050,0.051
France,FRA,71272231,0.671,2100,0.052
Faroe Islands,FRO,58206,0.443,2030,0.064
Faroe Islands,FRO,63036,0.442,2050,0.059
Faroe Islands,FRO,76629,0.563,2100,0.049
Micronesia (Fed. States of),FSM,116350,0.306,2030,0.102
Micronesia (Fed. States of),FSM,126408,0.304,2050,0.081
Micronesia (Fed. States of),FSM,151785,0.298,2100,0.029
Gabon,GAB,2866667,0.844,2030,0.119
Gabon,GAB,4084533,0.868,2050,0.103
Gabon,GAB,7082067,0.932,2100,0.056
United Kingdom,GBR,71286992,0.867,2030,0.049
United Kingdom,GBR,75504681,0.875,2050,0.05
United Kingdom,GBR,87086980,0.898,2100,0.047
Georgia,GEO,3790542,0.65,2030,0.053
Georgia,GEO,3664014,0.669,2050,0.056
Georgia,GEO,3371318,0.712,2100,0.046
Guernsey,GGY,64824,0.91,2030,0.041
Guernsey,GGY,62800,0.915,2050,0.041
Guernsey,GGY,59041,0.926,2100,0.041
Ghana,GHA,38222089,0.79,2030,0.116
Ghana,GHA,50553047,0.826,2050,0.096
Ghana,GHA,81494846,0.92,2100,0.048
Gibraltar,GIB,43459,1.0,2030,0.062
Gibraltar,GIB,49798,1.0,2050,0.051
Gibraltar,GIB,68310,1.0,2100,0.037
Guinea,GIN,16807147,0.573,2030,0.138
Guinea,GIN,23404584,0.64,2050,0.106
Guinea,GIN,39986650,0.808,2100,0.028
Guadeloupe,GLP,366343,0.716,2030,0.049
Guadeloupe,GLP,326318,0.719,2050,0.051
Guadeloupe,GLP,230154,0.716,2100,0.052
Gambia,GMB,3130134,0.779,2030,0.128
Gambia,GMB,4301895,0.808,2050,0.096
Gambia,GMB,7254308,0.903,2100,0.016
Guinea-Bissau,GNB,2488934,0.548,2030,0.127
Guinea-Bissau,GNB,3438608,0.564,2050,0.099
Guinea-Bissau,GNB,5815841,0.606,2100,0.032
Equatorial Guinea,GNQ,2170445,0.905,2030,0.129
Equatorial Guinea,GNQ,3143728,0.922,2050,0.106
Equatorial Guinea,GNQ,5559706,0.966,2100,0.056
Greece,GRC,9721984,0.7,2030,0.035
Greece,GRC,8812070,0.729,2050,0.04
Greece,GRC,6553466,0.818,2100,0.043
Grenada,GRD,117466,0.731,2030,0.053
Grenada,GRD,113244,0.728,2050,0.044
Grenada,GRD,104544,0.732,2100,0.014
Greenland,GRL,55050,0.426,2030,0.061
Greenland,GRL,49898,0.351,2050,0.058
Greenland,GRL,37922,0.194,2100,0.034
Guatemala,GTM,20067253,0.765,2030,0.093
Guatemala,GTM,24670857,0.805,2050,0.07
Guatemala,GTM,36528013,0.92,2100,0.009
French Guiana,GUF,341732,0.752,2030,0.11
French Guiana,GUF,471916,0.843,2050,0.091
French Guiana,GUF,790549,1.0,2100,0.06
Guam,GUM,174635,0.855,2030,0.079
Guam,GUM,191458,0.876,2050,0.072
Guam,GUM,235695,0.923,2100,0.045
Guyana,GUY,861038,0.752,2030,0.089
Guyana,GUY,940608,0.785,2050,0.073
Guyana,GUY,1147395,0.874,2100,0.024
"China, Hong Kong SAR",HKG,7252647,0.996,2030,0.025
"China, Hong Kong SAR",HKG,6090619,0.996,2050,0.018
"China, Hong Kong SAR",HKG,3409668,0.996,2100,0.0
Honduras,HND,11885320,0.623,2030,0.097
Honduras,HND,14846778,0.683,2050,0.073
Honduras,HND,22462393,0.834,2100,0.013
Croatia,HRV,3725770,0.557,2030,0.04
Croatia,HRV,3234160,0.599,2050,0.04
Croatia,HRV,2005916,0.7,2100,0.035
Haiti,HTI,12552359,0.835,2030,0.096
Haiti,HTI,14710862,0.856,2050,0.077
Haiti,HTI,20269614,0.904,2100,0.026
Hungary,HUN,9449115,0.629,2030,0.044
Hungary,HUN,8725347,0.64,2050,0.046
Hungary,HUN,6912529,0.664,2100,0.043
Indonesia,IDN,295876648,0.862,2030,0.073
Indonesia,IDN,320712949,0.865,2050,0.062
Indonesia,IDN,388817167,0.874,2100,0.031
Isle of Man,IMN,83590,0.679,2030,0.041
Isle of Man,IMN,77970,0.701,2050,0.041
Isle of Man,IMN,65256,0.749,2100,0.04
India,IND,1525138844,0.847,2030,0.073
India,IND,1679589259,0.864,2050,0.057
India,IND,2100245910,0.908,2100,0.014
Ireland,IRL,5525094,0.564,2030,0.05
Ireland,IRL,5970042,0.579,2050,0.051
Ireland,IRL,7243658,0.621,2100,0.045
Iran (Islamic Republic of),IRN,95486667,0.848,2030,0.056
Iran (Islamic Republic of),IRN,101861993,0.855,2050,0.05
Iran (Islamic Republic of),IRN,120048162,0.87,2100,0.019
Iraq,IRQ,51937208,0.88,2030,0.115
Iraq,IRQ,71928750,0.893,2050,0.092
Iraq,IRQ,121783488,0.925,2100,0.037
Iceland,ISL,414348,0.772,2030,0.053
Iceland,ISL,432993,0.797,2050,0.044
Iceland,ISL,497009,0.864,2100,0.016
Israel,ISR,10175954,0.943,2030,0.085
Israel,ISR,13092722,0.96,2050,0.081
Israel,ISR,20277338,1.0,2100,0.061
Italy,ITA,57946072,0.771,2030,0.033
Italy,ITA,51891098,0.776,2050,0.035
Italy,ITA,37231462,0.791,2100,0.035
Jamaica,JAM,2808954,0.729,2030,0.052
Jamaica,JAM,2454940,0.734,2050,0.038
Jamaica,JAM,1661913,0.746,2100,0.0
Jersey,JEY,104518,0.91,2030,0.041
Jersey,JEY,104766,0.911,2050,0.044
Jersey,JEY,106099,0.915,2100,0.047
Jordan,JOR,12448776,0.941,2030,0.091
Jordan,JOR,16367354,0.951,2050,0.074
Jordan,JOR,26085243,0.978,2100,0.024
Japan,JPN,119584121,0.916,2030,0.032
Japan,JPN,105123167,0.923,2050,0.036
Japan,JPN,69116886,0.941,2100,0.043
Kazakhstan,KAZ,22003193,0.783,2030,0.087
Kazakhstan,KAZ,26544265,0.813,2050,0.085
Kazakhstan,KAZ,37933777,0.887,2100,0.058
Kenya,KEN,63102245,0.79,2030,0.121
Kenya,KEN,83593239,0.845,2050,0.093
Kenya,KEN,135501874,0.99,2100,0.032
Kyrgyzstan,KGZ,7803618,0.779,2030,0.094
Kyrgyzstan,KGZ,9642952,0.82,2050,0.083
Kyrgyzstan,KGZ,14315573,0.921,2100,0.04
Cambodia,KHM,18827388,0.702,2030,0.091
Cambodia,KHM,21931455,0.737,2050,0.075
Cambodia,KHM,30001549,0.828,2100,0.025
Kiribati,KIR,146126,0.659,2030,0.109
Kiribati,KIR,182621,0.699,2050,0.093
Kiribati,KIR,274642,0.78,2100,0.045
Saint Kitts and Nevis,KNA,47134,0.422,2030,0.054
Saint Kitts and Nevis,KNA,44249,0.43,2050,0.046
Saint Kitts and Nevis,KNA,38459,0.446,2100,0.018
Republic of Korea,KOR,51188584,0.907,2030,0.025
Republic of Korea,KOR,45143134,0.923,2050,0.025
Republic of Korea,KOR,31603479,0.962,2100,0.023
Kuwait,KWT,5324198,0.966,2030,0.054
Kuwait,KWT,6367756,0.972,2050,0.055
Kuwait,KWT,9033383,0.985,2100,0.06
Lao People's Democratic Republic,LAO,8357023,0.336,2030,0.092
Lao People's Democratic Republic,LAO,9757286,0.386,2050,0.07
Lao People's Democratic Republic,LAO,13461999,0.513,2100,0.008
Lebanon,LBN,6103808,0.907,2030,0.075
Lebanon,LBN,6999260,0.925,2050,0.063
Lebanon,LBN,9284404,0.974,2100,0.035
Liberia,LBR,6366291,0.591,2030,0.131
Liberia,LBR,8910530,0.613,2050,0.103
Liberia,LBR,15269642,0.659,2100,0.039
Libya,LBY,7885806,0.767,2030,0.075
Libya,LBY,9260606,0.793,2050,0.064
Libya,LBY,12824923,0.861,2100,0.024
Saint Lucia,LCA,181359,0.759,2030,0.052
Saint Lucia,LCA,172080,0.736,2050,0.041
Saint Lucia,LCA,154261,0.689,2100,0.01
Liechtenstein,LIE,41202,0.761,2030,0.046
Liechtenstein,LIE,43013,0.766,2050,0.044
Liechtenstein,LIE,48487,0.777,2100,0.04
Sri Lanka,LKA,23767952,0.859,2030,0.065
Sri Lanka,LKA,24813690,0.871,2050,0.055
Sri Lanka,LKA,27850203,0.905,2100,0.027
Lesotho,LSO,2493818,0.432,2030,0.104
Lesotho,LSO,2993076,0.513,2050,0.085
Lesotho,LSO,4249874,0.73,2100,0.03
Lithuania,LTU,2706358,0.592,2030,0.038
Lithuania,LTU,2258774,0.66,2050,0.037
Lithuania,LTU,1121696,0.808,2100,0.024
Luxembourg,LUX,713667,0.718,2030,0.05
Luxembourg,LUX,791464,0.736,2050,0.044
Luxembourg,LUX,1006930,0.777,2100,0.032
Latvia,LVA,1777620,0.598,2030,0.036
Latvia,LVA,1513810,0.656,2050,0.042
Latvia,LVA,839067,0.802,2100,0.038
"China, Macao SAR",MAC,726723,0.999,2030,0.03
"China, Macao SAR",MAC,668860,0.999,2050,0.025
"China, Macao SAR",MAC,553432,0.999,2100,0.0
Saint Martin (French part),MAF,21066,0.86,2030,0.046
Saint Martin (French part),MAF,18795,0.868,2050,0.075
Saint Martin (French part),MAF,8079,0.878,2100,0.093
Morocco,MAR,39953460,0.783,2030,0.074
Morocco,MAR,43440431,0.792,2050,0.061
Morocco,MAR,53149778,0.812,2100,0.021
Monaco,MCO,37366,1.0,2030,0.05
Monaco,MCO,36757,1.0,2050,0.057
Monaco,MCO,33981,1.0,2100,0.076
Republic of Moldova,MDA,2845242,0.544,2030,0.049
Republic of Moldova,MDA,2351809,0.563,2050,0.056
Republic of Moldova,MDA,1076313,0.616,2100,0.056
Madagascar,MDG,36693183,0.472,2030,0.136
Madagascar,MDG,53185475,0.569,2050,0.109
Madagascar,MDG,94156292,0.81,2100,0.046
Maldives,MDV,539667,0.593,2030,0.046
Maldives,MDV,589962,0.605,2050,0.045
Maldives,MDV,711764,0.648,2100,0.026
Mexico,MEX,136904738,0.779,2030,0.071
Mexico,MEX,148946274,0.795,2050,0.056
Mexico,MEX,182017663,0.835,2100,0.013
Marshall Islands,MHL,31186,0.564,2030,0.089
Marshall Islands,MHL,25195,0.621,2050,0.089
Marshall Islands,MHL,4734,0.822,2100,0.046
North Macedonia,MKD,1762486,0.718,2030,0.043
North Macedonia,MKD,1512688,0.76,2050,0.042
North Macedonia,MKD,905175,0.857,2100,0.026
Mali,MLI,29002865,0.516,2030,0.166
Mali,MLI,46154079,0.593,2050,0.129
Mali,MLI,88294957,0.791,2100,0.053
Malta,MLT,555232,0.962,2030,0.037
Malta,MLT,535722,0.961,2050,0.032
Malta,MLT,509354,0.969,2100,0.014
Myanmar,MMR,56351031,0.694,2030,0.074
Myanmar,MMR,58623232,0.713,2050,0.062
Myanmar,MMR,65724432,0.753,2100,0.027
Montenegro,MNE,612562,0.82,2030,0.052
Montenegro,MNE,533295,0.829,2050,0.048
Montenegro,MNE,334594,0.849,2100,0.03
Mongolia,MNG,3705231,0.714,2030,0.079
Mongolia,MNG,4501493,0.733,2050,0.078
Mongolia,MNG,6475486,0.777,2100,0.044
Northern Mariana Islands,MNP,41785,0.699,2030,0.05
Northern Mariana Islands,MNP,42764,0.7,2050,0.059
Northern Mariana Islands,MNP,42163,0.719,2100,0.047
Mozambique,MOZ,40846755,0.568,2030,0.157
Mozambique,MOZ,63530952,0.684,2050,0.119
Mozambique,MOZ,119546668,0.977,2100,0.036
Mauritania,MRT,6062528,0.624,2030,0.148
Mauritania,MRT,9415598,0.67,2050,0.118
Mauritania,MRT,17659904,0.789,2100,0.051
Montserrat,MSR,4202,0.0,2030,0.041
Montserrat,MSR,3692,0.0,2050,0.048
Montserrat,MSR,2372,0.0,2100,0.041
Martinique,MTQ,327638,0.709,2030,0.045
Martinique,MTQ,282070,0.702,2050,0.048
Martinique,MTQ,166003,0.674,2100,0.052
Mauritius,MUS,1250432,0.906,2030,0.043
Mauritius,MUS,1107197,0.894,2050,0.034
Mauritius,MUS,776478,0.863,2100,0.008
Malawi,MWI,25160287,0.758,2030,0.136
Malawi,MWI,37361683,0.876,2050,0.104
Malawi,MWI,67703372,1.0,2100,0.033
Malaysia,MYS,37961719,0.837,2030,0.059
Malaysia,MYS,44289772,0.859,2050,0.052
Malaysia,MYS,60722274,0.914,2100,0.03
Mayotte,MYT,390534,0.941,2030,0.148
Mayotte,MYT,645426,0.965,2050,0.122
Mayotte,MYT,1267113,1.0,2100,0.067
Namibia,NAM,3389958,0.459,2030,0.114
Namibia,NAM,4512300,0.513,2050,0.094
Namibia,NAM,7343384,0.659,2100,0.023
New Caledonia,NCL,307577,0.66,2030,0.065
New Caledonia,NCL,340580,0.689,2050,0.056
New Caledonia,NCL,429172,0.753,2100,0.028
Niger,NER,32518075,0.536,2030,0.167
Niger,NER,52513876,0.607,2050,0.123
Niger,NER,101895826,0.786,2100,0.03
Nigeria,NGA,262380970,0.827,2030,0.137
Nigeria,NGA,359185556,0.856,2050,0.106
Nigeria,NGA,602190608,0.931,2100,0.033
Nicaragua,NIC,7441603,0.652,2030,0.086
Nicaragua,NIC,8756430,0.673,2050,0.066
Nicaragua,NIC,12204098,0.725,2100,0.011
Niue,NIU,1834,0.0,2030,0.077
Niue,NIU,1966,0.0,2050,0.07
Niue,NIU,2267,0.0,2100,0.07
Netherlands,NLD,18757217,0.853,2030,0.049
Netherlands,NLD,18958475,0.857,2050,0.044
Netherlands,NLD,20010319,0.874,2100,0.034
Norway,NOR,5729094,0.661,2030,0.047
Norway,NOR,5899829,0.683,2050,0.045
Norway,NOR,6423183,0.738,2100,0.037
Nepal,NPL,30509996,0.742,2030,0.085
Nepal,NPL,34642027,0.779,2050,0.063
Nepal,NPL,44757050,0.872,2100,0.002
Nauru,NRU,12521,0.923,2030,0.11
Nauru,NRU,15758,0.941,2050,0.101
Nauru,NRU,23373,0.979,2100,0.061
New Zealand,NZL,5407349,0.763,2030,0.054
New Zealand,NZL,5755288,0.773,2050,0.05
New Zealand,NZL,6729464,0.793,2100,0.037
Oman,OMN,6112706,0.82,2030,0.079
Oman,OMN,7827002,0.846,2050,0.07
Oman,OMN,12401414,0.929,2100,0.052
Pakistan,PAK,276883255,0.9,2030,0.119
Pakistan,PAK,371863793,0.925,2050,0.098
Pakistan,PAK,606143430,0.993,2100,0.044
Panama,PAN,4833858,0.696,2030,0.074
Panama,PAN,5630680,0.724,2050,0.06
Panama,PAN,7719441,0.795,2100,0.023
Peru,PER,36193880,0.749,2030,0.072
Peru,PER,40583876,0.777,2050,0.057
Peru,PER,52350814,0.85,2100,0.015
Philippines,PHL,121408895,0.856,2030,0.075
Philippines,PHL,134373439,0.868,2050,0.062
Philippines,PHL,168888871,0.899,2100,0.024
Palau,PLW,17376,0.393,2030,0.051
Palau,PLW,15518,0.417,2050,0.052
Palau,PLW,11143,0.466,2100,0.046
Papua New Guinea,PNG,11671424,0.494,2030,0.107
Papua New Guinea,PNG,14906590,0.558,2050,0.088
Papua New Guinea,PNG,23146605,0.715,2100,0.037
Poland,POL,37198543,0.605,2030,0.037
Poland,POL,32814096,0.628,2050,0.037
Poland,POL,22087256,0.679,2100,0.024
Puerto Rico,PRI,3140742,0.808,2030,0.03
Puerto Rico,PRI,2503994,0.769,2050,0.022
Puerto Rico,PRI,1010623,0.683,2100,0.006
Dem. People's Republic of Korea,PRK,26784904,0.863,2030,0.059
Dem. People's Republic of Korea,PRK,25787127,0.869,2050,0.051
Dem. People's Republic of Korea,PRK,23998684,0.878,2100,0.027
Portugal,PRT,10317927,0.716,2030,0.042
Portugal,PRT,9770270,0.73,2050,0.043
Portugal,PRT,8466662,0.767,2100,0.048
Paraguay,PRY,7407618,0.617,2030,0.088
Paraguay,PRY,8640464,0.665,2050,0.071
Paraguay,PRY,11854127,0.782,2100,0.023
State of Palestine,PSE,6122314,0.952,2030,0.116
State of Palestine,PSE,8451891,0.969,2050,0.091
State of Palestine,PSE,14200095,1.0,2100,0.018
French Polynesia,PYF,285546,0.65,2030,0.049
French Polynesia,PYF,284750,0.658,2050,0.04
French Polynesia,PYF,287758,0.697,2100,0.016
Qatar,QAT,3333610,0.942,2030,0.053
Qatar,QAT,4164460,0.95,2050,0.062
Qatar,QAT,6256838,0.981,2100,0.085
Réunion,REU,900869,0.884,2030,0.061
Réunion,REU,941413,0.902,2050,0.058
Réunion,REU,1055462,0.941,2100,0.043
Romania,ROU,18359507,0.554,2030,0.046
Romania,ROU,16027266,0.579,2050,0.047
Romania,ROU,10248347,0.638,2100,0.041
Russian Federation,RUS,141889410,0.797,2030,0.043
Russian Federation,RUS,136132775,0.812,2050,0.053
Russian Federation,RUS,120722027,0.852,2100,0.062
Rwanda,RWA,16154705,0.955,2030,0.125
Rwanda,RWA,22707910,0.977,2050,0.1
Rwanda,RWA,39010258,1.0,2100,0.04
Saudi Arabia,SAU,37443752,0.855,2030,0.079
Saudi Arabia,SAU,47693910,0.878,2050,0.066
Saudi Arabia,SAU,73799129,0.941,2100,0.045
Sudan,SDN,58571616,0.751,2030,0.141
Sudan,SDN,85206383,0.774,2050,0.111
Sudan,SDN,152175436,0.83,2100,0.036
Senegal,SEN,21163192,0.732,2030,0.13
Senegal,SEN,30364954,0.778,2050,0.102
Senegal,SEN,53263889,0.9,2100,0.044
Singapore,SGP,6031377,0.999,2030,0.042
Singapore,SGP,6081692,0.999,2050,0.026
Singapore,SGP,6433077,0.999,2100,0.0
Saint Helena,SHN,4928,0.0,2030,0.036
Saint Helena,SHN,3968,0.0,2050,0.045
Saint Helena,SHN,1524,0.0,2100,0.058
Solomon Islands,SLB,938348,0.25,2030,0.121
Solomon Islands,SLB,1309110,0.325,2050,0.097
Solomon Islands,SLB,2246699,0.498,2100,0.043
Sierra Leone,SLE,9694858,0.584,2030,0.124
Sierra Leone,SLE,12948325,0.619,2050,0.095
Sierra Leone,SLE,21176007,0.705,2100,0.022
El Salvador,SLV,6486206,0.769,2030,0.072
El Salvador,SLV,6663346,0.78,2050,0.054
El Salvador,SLV,7222642,0.807,2100,0.008
San Marino,SMR,33742,0.81,2030,0.031
San Marino,SMR,33696,0.81,2050,0.038
San Marino,SMR,33858,0.813,2100,0.046
Somalia,SOM,22915044,0.828,2030,0.172
Somalia,SOM,37206512,0.858,2050,0.132
Somalia,SOM,72458897,0.923,2100,0.045
Saint Pierre and Miquelon,SPM,5288,0.0,2030,0.028
Saint Pierre and Miquelon,SPM,4258,0.0,2050,0.034
Saint Pierre and Miquelon,SPM,1640,0.0,2100,0.039
Serbia,SRB,6461212,0.665,2030,0.043
Serbia,SRB,5532870,0.699,2050,0.042
Serbia,SRB,3218504,0.782,2100,0.035
South Sudan,SSD,13457454,0.666,2030,0.13
South Sudan,SSD,18341974,0.741,2050,0.1
South Sudan,SSD,30625710,0.917,2100,0.05
Sao Tome and Principe,STP,264564,0.875,2030,0.128
Sao Tome and Principe,STP,365115,0.906,2050,0.102
Sao Tome and Principe,STP,615231,1.0,2100,0.047
Suriname,SUR,665652,0.745,2030,0.079
Suriname,SUR,733904,0.787,2050,0.064
Suriname,SUR,917851,0.892,2100,0.027
Slovakia,SVK,5401392,0.538,2030,0.043
Slovakia,SVK,4936488,0.547,2050,0.044
Slovakia,SVK,3839351,0.566,2100,0.032
Slovenia,SVN,2098956,0.509,2030,0.04
Slovenia,SVN,1981553,0.52,2050,0.045
Slovenia,SVN,1705165,0.545,2100,0.046
Sweden,SWE,10841810,0.701,2030,0.045
Sweden,SWE,11309630,0.719,2050,0.048
Sweden,SWE,12583137,0.767,2100,0.042
Eswatini,SWZ,1320918,0.26,2030,0.103
Eswatini,SWZ,1505331,0.312,2050,0.081
Eswatini,SWZ,1994768,0.445,2100,0.018
Sint Maarten (Dutch part),SXM,46330,0.975,2030,0.046
Sint Maarten (Dutch part),SXM,51016,0.985,2050,0.043
Sint Maarten (Dutch part),SXM,64614,1.0,2100,0.045
Seychelles,SYC,140399,0.843,2030,0.064
Seychelles,SYC,141746,0.848,2050,0.054
Seychelles,SYC,156212,0.922,2100,0.028
Syrian Arab Republic,SYR,29395540,0.837,2030,0.111
Syrian Arab Republic,SYR,37793372,0.862,2050,0.07
Syrian Arab Republic,SYR,61341331,0.945,2100,0.017
Turks and Caicos Islands,TCA,48258,0.842,2030,0.05
Turks and Caicos Islands,TCA,50988,0.859,2050,0.043
Turks and Caicos Islands,TCA,58911,0.929,2100,0.02
Chad,TCD,24207479,0.531,2030,0.176
Chad,TCD,38857686,0.559,2050,0.136
Chad,TCD,74784114,0.63,2100,0.063
Togo,TGO,10792997,0.753,2030,0.135
Togo,TGO,15584778,0.809,2050,0.115
Togo,TGO,27371383,0.957,2100,0.068
Thailand,THA,71215022,0.639,2030,0.039
Thailand,THA,66382735,0.689,2050,0.036
Thailand,THA,55525988,0.82,2100,0.023
Tajikistan,TJK,11733068,0.856,2030,0.108
Tajikistan,TJK,15574642,0.897,2050,0.091
Tajikistan,TJK,25157153,1.0,2100,0.031
Tokelau,TKL,2985,0.0,2030,0.099
Tokelau,TKL,3821,0.0,2050,0.069
Tokelau,TKL,6167,0.0,2100,0.03
Turkmenistan,TKM,8135729,0.795,2030,0.086
Turkmenistan,TKM,9639708,0.821,2050,0.077
Turkmenistan,TKM,13614339,0.895,2100,0.028
Timor-Leste,TLS,1519804,0.522,2030,0.099
Timor-Leste,TLS,1889249,0.586,2050,0.074
Timor-Leste,TLS,2826463,0.737,2100,0.004
Tonga,TON,102072,0.615,2030,0.106
Tonga,TON,105195,0.619,2050,0.094
Tonga,TON,109268,0.638,2100,0.056
Trinidad and Tobago,TTO,1512322,0.88,2030,0.049
Trinidad and Tobago,TTO,1399800,0.879,2050,0.043
Trinidad and Tobago,TTO,1163139,0.884,2100,0.02
Tunisia,TUN,12628142,0.717,2030,0.059
Tunisia,TUN,13145141,0.721,2050,0.057
Tunisia,TUN,14666696,0.733,2100,0.03
Türkiye,TUR,89027542,0.832,2030,0.057
Türkiye,TUR,91258061,0.847,2050,0.048
Türkiye,TUR,98029766,0.885,2100,0.016
Tuvalu,TUV,9047,0.772,2030,0.094
Tuvalu,TUV,9780,0.785,2050,0.097
Tuvalu,TUV,10655,0.848,2100,0.07
"China, Taiwan Province of China",TWN,22589950,0.948,2030,0.026
"China, Taiwan Province of China",TWN,19434600,0.951,2050,0.027
"China, Taiwan Province of China",TWN,11951550,0.959,2100,0.018
United Republic of Tanzania,TZA,80913124,0.636,2030,0.151
United Republic of Tanzania,TZA,129621102,0.793,2050,0.124
United Republic of Tanzania,TZA,248633355,1.0,2100,0.062
Uganda,UGA,58312940,0.816,2030,0.146
Uganda,UGA,85431202,0.904,2050,0.106
Uganda,UGA,153453113,1.0,2100,0.009
Ukraine,UKR,38353852,0.771,2030,0.031
Ukraine,UKR,31990132,0.8,2050,0.032
Ukraine,UKR,17550403,0.897,2100,0.029
Uruguay,URY,3372887,0.866,2030,0.048
Uruguay,URY,3254354,0.877,2050,0.043
Uruguay,URY,2985194,0.9,2100,0.026
United States of America,USA,355649881,0.749,2030,0.053
United States of America,USA,380846910,0.769,2050,0.051
United States of America,USA,447001106,0.82,2100,0.047
Uzbekistan,UZB,40248241,0.883,2030,0.108
Uzbekistan,UZB,52210755,0.913,2050,0.094
Uzbekistan,UZB,82428178,0.995,2100,0.052
Holy See,VAT,527,1.0,2030,0.035
Holy See,VAT,714,1.0,2050,0.041
Holy See,VAT,1150,1.0,2100,0.078
Saint Vincent and the Grenadines,VCT,96856,0.649,2030,0.056
Saint Vincent and the Grenadines,VCT,88942,0.665,2050,0.054
Saint Vincent and the Grenadines,VCT,67497,0.71,2100,0.039
Venezuela (Bolivarian Republic of),VEN,29151810,0.89,2030,0.074
Venezuela (Bolivarian Republic of),VEN,31094883,0.9,2050,0.061
Venezuela (Bolivarian Republic of),VEN,36179835,0.927,2100,0.033
British Virgin Islands,VGB,40592,0.661,2030,0.04
British Virgin Islands,VGB,40340,0.675,2050,0.034
British Virgin Islands,VGB,41116,0.735,2100,0.021
United States Virgin Islands,VIR,80852,0.735,2030,0.054
United States Virgin Islands,VIR,71226,0.633,2050,0.053
United States Virgin Islands,VIR,45821,0.414,2100,0.048
Viet Nam,VNM,104254902,0.88,2030,0.061
Viet Nam,VNM,110008908,0.894,2050,0.054
Viet Nam,VNM,126249730,0.932,2100,0.024
Vanuatu,VUT,372428,0.304,2030,0.123
Vanuatu,VUT,534388,0.361,2050,0.106
Vanuatu,VUT,934365,0.486,2100,0.058
Wallis and Futuna Islands,WLF,10859,0.0,2030,0.042
Wallis and Futuna Islands,WLF,10148,0.0,2050,0.047
Wallis and Futuna Islands,WLF,8131,0.0,2100,0.046
Samoa,WSM,225971,0.582,2030,0.114
Samoa,WSM,272726,0.673,2050,0.11
Samoa,WSM,381958,0.866,2100,0.078
Kosovo (under UNSC res. 1244),XKX,1661293,0.724,2030,0.055
Kosovo (under UNSC res. 1244),XKX,1643619,0.731,2050,0.042
Kosovo (under UNSC res. 1244),XKX,1586613,0.752,2100,0.006
Yemen,YEM,47667662,0.858,2030,0.143
Yemen,YEM,70976403,0.892,2050,0.109
Yemen,YEM,129349739,0.98,2100,0.024
South Africa,ZAF,68161359,0.802,2030,0.084
South Africa,ZAF,79177328,0.833,2050,0.072
South Africa,ZAF,107723038,0.909,2100,0.036
Zambia,ZMB,25024901,0.568,2030,0.141
Zambia,ZMB,38083385,0.655,2050,0.111
Zambia,ZMB,70495547,0.866,2100,0.043
Zimbabwe,ZWE,18610348,0.362,2030,0.133
Zimbabwe,ZWE,25866385,0.465,2050,0.108
Zimbabwe,ZWE,43771116,0.705,2100,0.052
