alpha-3,context,bucketLatrine,compostingToilet,flushOpen,flushPit,flushSeptic,flushSewer,flushUnknown,hangingToilet,openDefecation,other,pitNoSlab,pitSlab,onsiteDumpedLand,emptyFrequency,pitAdditive,urine,twinPits
AFG,Rural,0.0,0.0,0.003,0.007,0.019,0.017,0.0,0.0,0.149,0.006,0.222,0.577,0.1,3,0,0,0
AFG,Urban,0.0,0.0,0.01,0.023,0.226,0.1,0.0,0.0,0.002,0.001,0.152,0.486,0.1,3,0,0,0
AGO,Rural,0.002,0.0,0.0759,0.0,0.2707,0.023,0.0,0.0,0.6274,0.001,0.0,0.0,0.1,3,0,0,0
AGO,Urban,0.004,0.0,0.04,0.0,0.756,0.117,0.0,0.0,0.078,0.005,0.0,0.0,0.1,3,0,0,0
ALB,Rural,0.0,0.005,0.038,0.361,0.097,0.478,0.009,0.0,0.0,0.002,0.007,0.003,0.1,3,0,0,0
ALB,Urban,0.0,0.002,0.009,0.0561,0.014,0.9119,0.005,0.0,0.0,0.0,0.001,0.001,0.1,3,0,0,0
AND,Rural,0.0,0.0,0.0,0.0,0.0,1.0,0.0,0.0,0.0,0.0,0.0,0.0,0.1,3,0,0,0
AND,Urban,0.0,0.0,0.0,0.0,0.0,1.0,0.0,0.0,0.0,0.0,0.0,0.0,0.1,3,0,0,0
ARE,Rural,0.0,0.0,0.001,0.0,0.028,0.859,0.106,0.0,0.0,0.0,0.0,0.006,0.1,3,0,0,0
ARE,Urban,0.0,0.0,0.002,0.002,0.01,0.9439,0.038,0.0,0.0,0.0,0.0,0.004,0.1,3,0,0,0
ARG,Rural,0.0,0.0,0.0,0.381,0.375,0.045,0.0,0.0,0.077,0.0,0.122,0.0,0.1,3,0,0,0
ARG,Urban,0.0,0.0,0.0,0.187,0.254,0.538,0.0,0.0,0.021,0.0,0.0,0.0,0.1,3,0,0,0
ARM,Rural,0.0,0.0,0.0,0.0,0.0,0.286,0.0,0.0,0.0,0.714,0.0,0.0,0.1,3,0,0,0
ARM,Urban,0.0,0.0,0.0,0.0,0.0,0.981,0.0,0.0,0.0,0.019,0.0,0.0,0.1,3,0,0,0
ATG,Rural,0.0,0.0,0.0,0.1059,0.8531,0.001,0.0,0.0,0.003,0.001,0.0,0.036,0.1,3,0,0,0
ATG,Urban,0.0,0.0,0.0,0.132,0.725,0.02,0.0,0.0,0.011,0.01,0.0,0.102,0.1,3,0,0,0
AUS,Rural,0.0,0.0,0.0,0.0,0.0,0.0,0.0,0.0,0.0,0.0,0.0,1.0,0.1,3,0,0,0
AUS,Urban,0.0,0.0,0.0,0.0,0.0,0.0,0.0,0.0,0.0,0.0,0.0,1.0,0.1,3,0,0,0
AUT,Rural,0.0,0.0,0.0,0.0,0.0,0.997,0.0,0.0,0.0,0.003,0.0,0.0,0.1,3,0,0,0
AUT,Urban,0.0,0.0,0.0,0.0,0.0,0.985,0.0,0.0,0.0,0.015,0.0,0.0,0.1,3,0,0,0
AZE,Rural,0.0,0.0,0.0,0.0,0.0,0.967,0.0,0.0,0.0,0.033,0.0,0.0,0.1,3,0,0,0
AZE,Urban,0.0,0.0,0.0,0.0,0.0,0.998,0.0,0.0,0.0,0.002,0.0,0.0,0.1,3,0,0,0
BDI,Rural,0.0,0.002,0.0,0.0,0.004,0.0,0.0,0.001,0.024,0.0,0.486,0.483,0.1,3,0,0,0
BDI,Urban,0.0,0.001,0.0,0.017,0.2753,0.032,0.001,0.001,0.005,0.0,0.1832,0.4845,0.1,3,0,0,0
BEL,Rural,0.0,0.0,0.0,0.0,0.0,0.0,0.0,0.0,0.0,0.0,0.0,1.0,0.1,3,0,0,0
BEL,Urban,0.0,0.0,0.0,0.0,0.0,0.0,0.0,0.0,0.0,0.0,0.0,1.0,0.1,3,0,0,0
BEN,Rural,0.0,0.0,0.0,0.0,0.0,0.0,0.0,0.0,0.5864,0.4136,0.0,0.0,0.1,3,0,0,0
BEN,Urban,0.0,0.0,0.0,0.0,0.0,0.0,0.0,0.0,0.308,0.692,0.0,0.0,0.1,3,0,0,0
BFA,Rural,0.0,0.004,0.001,0.001,0.0,0.001,0.0,0.004,0.499,0.0,0.094,0.396,0.1,3,0,0,0
BFA,Urban,0.0,0.0,0.0,0.023,0.0661,0.013,0.002,0.001,0.0671,0.0,0.024,0.8036,0.1,3,0,0,0
BGD,Rural,0.0,0.0,0.017,0.204,0.229,0.008,0.0,0.007,0.001,0.013,0.044,0.477,0.1,3,0,0,0
BGD,Urban,0.0,0.0,0.043,0.1311,0.3664,0.2933,0.0,0.001,0.0,0.004,0.011,0.1502,0.1,3,0,0,0
BGR,Rural,0.0,0.0,0.0,0.0,0.0,0.576,0.0,0.0,0.0,0.424,0.0,0.0,0.1,3,0,0,0
BGR,Urban,0.0,0.0,0.0,0.0,0.0,0.96,0.0,0.0,0.0,0.04,0.0,0.0,0.1,3,0,0,0
BHS,Rural,0.0,0.0,0.0,0.0,0.0,0.459,0.0,0.0,0.0,0.541,0.0,0.0,0.1,3,0,0,0
BHS,Urban,0.0,0.0,0.0,0.0,0.0,0.712,0.0,0.0,0.0,0.288,0.0,0.0,0.1,3,0,0,0
BIH,Rural,0.0,0.0,0.054,0.003,0.58,0.299,0.002,0.0,0.0,0.001,0.018,0.043,0.1,3,0,0,0
BIH,Urban,0.0,0.0,0.005,0.0,0.153,0.833,0.0,0.0,0.0,0.002,0.001,0.006,0.1,3,0,0,0
BLR,Rural,0.0,0.0,0.0,0.0,0.0,0.836,0.0,0.0,0.0,0.164,0.0,0.0,0.1,3,0,0,0
BLR,Urban,0.0,0.0,0.0,0.0,0.0,0.99,0.0,0.0,0.0,0.01,0.0,0.0,0.1,3,0,0,0
BLZ,Rural,0.0,0.0,0.0,0.0,0.0,0.0,0.0,0.0,0.0,0.289,0.0,0.711,0.1,3,0,0,0
BLZ,Urban,0.0,0.0,0.0,0.0,0.0,0.0,0.0,0.0,0.0,0.06,0.0,0.94,0.1,3,0,0,0
BOL,Rural,0.0,0.032,0.0,0.025,0.066,0.087,0.0,0.0,0.305,0.0,0.213,0.272,0.1,3,0,0,0
BOL,Urban,0.0,0.002,0.001,0.02,0.1528,0.6883,0.001,0.0,0.01,0.0,0.021,0.1039,0.1,3,0,0,0
BRA,Rural,0.0,0.0,0.0279,0.0,0.0,0.0938,0.0,0.0,0.0489,0.0878,0.0319,0.7096,0.1,3,0,0,0
BRA,Urban,0.0,0.0,0.014,0.0,0.0,0.75,0.0,0.0,0.001,0.005,0.01,0.22,0.1,3,0,0,0
BRB,Rural,0.0,0.0,0.0,0.8472,0.0639,0.008,0.003,0.0,0.005,0.005,0.0,0.0679,0.1,3,0,0,0
BRB,Urban,0.0,0.0,0.0,0.7655,0.1172,0.0701,0.011,0.0,0.002,0.001,0.0,0.0331,0.1,3,0,0,0
BRN,Rural,0.0,0.0,0.0,0.0,0.956,0.0,0.0,0.0,0.009,0.0,0.0,0.035,0.1,3,0,0,0
BRN,Urban,0.0,0.0,0.0,0.0,0.952,0.0,0.0,0.0,0.031,0.0,0.0,0.017,0.1,3,0,0,0
BTN,Rural,0.013,0.0271,0.004,0.1683,0.2204,0.0802,0.001,0.0561,0.022,0.0,0.1723,0.2355,0.1,3,0,0,0
BTN,Urban,0.007,0.001,0.003,0.076,0.434,0.41,0.002,0.005,0.003,0.0,0.027,0.032,0.1,3,0,0,0
BWA,Rural,0.0,0.0,0.0,0.0,0.0,0.0,0.0,0.0,0.162,0.838,0.0,0.0,0.1,3,0,0,0
BWA,Urban,0.0,0.0,0.0,0.0,0.0,0.0,0.0,0.0,0.038,0.962,0.0,0.0,0.1,3,0,0,0
CAF,Rural,0.0,0.066,0.0,0.002,0.0,0.0,0.0,0.044,0.391,0.002,0.443,0.052,0.1,3,0,0,0
CAF,Urban,0.0,0.0731,0.003,0.009,0.007,0.004,0.0,0.031,0.0611,0.001,0.5105,0.3003,0.1,3,0,0,0
CAN,Rural,0.0,0.0,0.0,0.0,0.3441,0.6559,0.0,0.0,0.0,0.0,0.0,0.0,0.1,3,0,0,0
CAN,Urban,0.0,0.0,0.0,0.0,0.0651,0.9349,0.0,0.0,0.0,0.0,0.0,0.0,0.1,3,0,0,0
CHE,Rural,0.0,0.0,0.0,0.0,0.02,0.97,0.0,0.0,0.0,0.01,0.0,0.0,0.1,3,0,0,0
CHE,Urban,0.0,0.0,0.0,0.0,0.0,1.0,0.0,0.0,0.0,0.0,0.0,0.0,0.1,3,0,0,0
CHN,Rural,0.009,0.04,0.0,0.011,0.0649,0.2887,0.0,0.0,0.009,0.006,0.3227,0.2488,0.1,3,0,0,0
CHN,Urban,0.004,0.007,0.0,0.001,0.0329,0.7914,0.0,0.0,0.001,0.007,0.0778,0.0778,0.1,3,0,0,0
CIV,Rural,0.014,0.01,0.0,0.008,0.038,0.005,0.001,0.011,0.4304,0.02,0.1491,0.3133,0.1,3,0,0,0
CIV,Urban,0.002,0.001,0.008,0.028,0.2793,0.1271,0.007,0.001,0.018,0.001,0.0771,0.4505,0.1,3,0,0,0
CMR,Rural,0.0,0.0,0.0,0.0,0.0,0.0,0.0,0.0,0.062,0.938,0.0,0.0,0.1,3,0,0,0
CMR,Urban,0.0,0.0,0.0,0.0,0.0,0.0,0.0,0.0,0.056,0.944,0.0,0.0,0.1,3,0,0,0
COD,Rural,0.001,0.001,0.002,0.001,0.001,0.001,0.001,0.031,0.177,0.007,0.619,0.158,0.1,3,0,0,0
COD,Urban,0.001,0.007,0.011,0.038,0.1898,0.02,0.004,0.025,0.038,0.003,0.3866,0.2767,0.1,3,0,0,0
COG,Rural,0.001,0.002,0.0,0.001,0.005,0.0,0.0,0.018,0.2342,0.004,0.5886,0.1461,0.1,3,0,0,0
COG,Urban,0.005,0.0261,0.002,0.0281,0.2375,0.0,0.001,0.003,0.017,0.001,0.2094,0.4699,0.1,3,0,0,0
COL,Rural,0.0,0.0,0.0503,0.0322,0.6201,0.1367,0.0,0.0,0.1427,0.0,0.0,0.0181,0.1,3,0,0,0
COL,Urban,0.0,0.0,0.018,0.001,0.0509,0.9221,0.0,0.0,0.007,0.0,0.0,0.001,0.1,3,0,0,0
COM,Rural,0.001,0.015,0.005,0.01,0.0309,0.0349,0.006,0.0539,0.006,0.0,0.6188,0.2186,0.1,3,0,0,0
COM,Urban,0.0,0.014,0.004,0.039,0.079,0.074,0.002,0.031,0.004,0.0,0.431,0.322,0.1,3,0,0,0
CPV,Rural,0.0,0.0,0.0,0.0,0.0,0.0,0.0,0.0,0.167,0.833,0.0,0.0,0.1,3,0,0,0
CPV,Urban,0.0,0.0,0.0,0.0,0.0,0.0,0.0,0.0,0.058,0.942,0.0,0.0,0.1,3,0,0,0
CRI,Rural,0.0,0.0,0.0,0.019,0.897,0.051,0.0,0.0,0.005,0.0,0.0,0.028,0.1,3,0,0,0
CRI,Urban,0.0,0.0,0.0,0.018,0.66,0.313,0.0,0.0,0.002,0.001,0.0,0.006,0.1,3,0,0,0
CUB,Rural,0.0,0.0,0.0,0.0,0.0,0.0,0.0,0.0,0.0,0.01,0.0,0.99,0.1,3,0,0,0
CUB,Urban,0.0,0.0,0.0,0.0,0.0,0.0,0.0,0.0,0.0,0.002,0.0,0.998,0.1,3,0,0,0
CYP,Rural,0.0,0.0,0.0,0.0,0.829,0.169,0.0,0.0,0.0,0.002,0.0,0.0,0.1,3,0,0,0
CYP,Urban,0.0,0.0,0.0,0.0,0.27,0.73,0.0,0.0,0.0,0.0,0.0,0.0,0.1,3,0,0,0
CZE,Rural,0.0,0.0,0.0,0.0,0.0,0.991,0.0,0.0,0.0,0.009,0.0,0.0,0.1,3,0,0,0
CZE,Urban,0.0,0.0,0.0,0.0,0.0,0.996,0.0,0.0,0.0,0.004,0.0,0.0,0.1,3,0,0,0
DEU,Rural,0.0,0.0,0.0,0.0,0.0,1.0,0.0,0.0,0.0,0.0,0.0,0.0,0.1,3,0,0,0
DEU,Urban,0.0,0.0,0.0,0.0,0.0,1.0,0.0,0.0,0.0,0.0,0.0,0.0,0.1,3,0,0,0
DJI,Rural,0.0,0.0,0.0,0.0,0.0,0.0,0.0,0.0,0.5908,0.0,0.1605,0.2487,0.1,3,0,0,0
DJI,Urban,0.0,0.0,0.0,0.0,0.0,0.0,0.0,0.0,0.0131,0.0,0.195,0.7919,0.1,3,0,0,0
DMA,Rural,0.0,0.0,0.0,0.0,0.3566,0.033,0.0,0.0,0.1439,0.013,0.0,0.4535,0.1,3,0,0,0
DMA,Urban,0.0,0.0,0.0,0.0,0.4505,0.2438,0.0,0.0,0.1768,0.028,0.0,0.1009,0.1,3,0,0,0
DNK,Rural,0.0,0.0,0.0,0.0,0.0,0.999,0.0,0.0,0.0,0.001,0.0,0.0,0.1,3,0,0,0
DNK,Urban,0.0,0.0,0.0,0.0,0.0,0.991,0.0,0.0,0.0,0.009,0.0,0.0,0.1,3,0,0,0
DOM,Rural,0.0,0.0,0.001,0.0,0.614,0.029,0.006,0.0,0.054,0.0,0.034,0.262,0.1,3,0,0,0
DOM,Urban,0.0,0.0,0.004,0.0,0.6527,0.2415,0.0379,0.0,0.01,0.0,0.007,0.0469,0.1,3,0,0,0
DZA,Rural,0.0,0.0,0.0811,0.012,0.165,0.5705,0.0793,0.0,0.0129,0.0,0.0129,0.0664,0.1,3,0,0,0
DZA,Urban,0.0,0.0,0.007,0.0,0.0159,0.9682,0.007,0.0,0.0,0.0,0.0,0.002,0.1,3,0,0,0
ECU,Rural,0.0,0.0,0.0,0.098,0.55,0.234,0.0,0.0,0.083,0.035,0.0,0.0,0.1,3,0,0,0
ECU,Urban,0.0,0.0,0.0,0.015,0.158,0.818,0.0,0.0,0.008,0.001,0.0,0.0,0.1,3,0,0,0
EGY,Rural,0.0,0.0,0.011,0.0,0.3273,0.5435,0.001,0.0,0.007,0.1101,0.0,0.0,0.1,3,0,0,0
EGY,Urban,0.0,0.0,0.002,0.0,0.052,0.916,0.0,0.0,0.001,0.029,0.0,0.0,0.1,3,0,0,0
ERI,Rural,0.0,0.0,0.0,0.006,0.011,0.0,0.0,0.0,0.902,0.026,0.0,0.055,0.1,3,0,0,0
ERI,Urban,0.0,0.0,0.0,0.021,0.117,0.101,0.0,0.0,0.342,0.316,0.0,0.103,0.1,3,0,0,0
ESP,Rural,0.0,0.0,0.0,0.0,0.0,0.999,0.0,0.0,0.0,0.001,0.0,0.0,0.1,3,0,0,0
ESP,Urban,0.0,0.0,0.0,0.0,0.0,0.999,0.0,0.0,0.0,0.001,0.0,0.0,0.1,3,0,0,0
EST,Rural,0.0,0.0,0.0,0.0,0.466,0.479,0.0,0.0,0.0,0.055,0.0,0.0,0.1,3,0,0,0
EST,Urban,0.0,0.0,0.0,0.0,0.0282,0.9718,0.0,0.0,0.0,0.0,0.0,0.0,0.1,3,0,0,0
ETH,Rural,0.0,0.0,0.0,0.0,0.0,0.0,0.0,0.0,0.417,0.583,0.0,0.0,0.1,3,0,0,0
ETH,Urban,0.0,0.0,0.0,0.0,0.0,0.0,0.0,0.0,0.198,0.802,0.0,0.0,0.1,3,0,0,0
FIN,Rural,0.0,0.0,0.0,0.0,0.0,0.992,0.0,0.0,0.0,0.008,0.0,0.0,0.1,3,0,0,0
FIN,Urban,0.0,0.0,0.0,0.0,0.0,0.997,0.0,0.0,0.0,0.003,0.0,0.0,0.1,3,0,0,0
FJI,Rural,0.002,0.0,0.004,0.135,0.692,0.05,0.0,0.0,0.004,0.002,0.025,0.086,0.1,3,0,0,0
FJI,Urban,0.002,0.0,0.0,0.039,0.5936,0.3514,0.0,0.0,0.001,0.003,0.003,0.007,0.1,3,0,0,0
FLK,Rural,0.0,0.0,0.0,0.0,0.0,1.0,0.0,0.0,0.0,0.0,0.0,0.0,0.1,3,0,0,0
FLK,Urban,0.0,0.0,0.0,0.0,0.0,1.0,0.0,0.0,0.0,0.0,0.0,0.0,0.1,3,0,0,0
FRA,Rural,0.0,0.0,0.0,0.0,0.0,0.995,0.0,0.0,0.0,0.005,0.0,0.0,0.1,3,0,0,0
FRA,Urban,0.0,0.0,0.0,0.0,0.0,0.996,0.0,0.0,0.0,0.004,0.0,0.0,0.1,3,0,0,0
GAB,Rural,0.0,0.0,0.0,0.0,0.0,0.0,0.0,0.0,0.025,0.975,0.0,0.0,0.1,3,0,0,0
GAB,Urban,0.0,0.0,0.0,0.0,0.0,0.0,0.0,0.0,0.028,0.972,0.0,0.0,0.1,3,0,0,0
GBR,Rural,0.0,0.0,0.0,0.0,0.0,0.993,0.0,0.0,0.0,0.007,0.0,0.0,0.1,3,0,0,0
GBR,Urban,0.0,0.0,0.0,0.0,0.0,0.996,0.0,0.0,0.0,0.004,0.0,0.0,0.1,3,0,0,0
GEO,Rural,0.0,0.0,0.1752,0.0,0.0,0.0851,0.0,0.0,0.0,0.0,0.0,0.7397,0.1,3,0,0,0
GEO,Urban,0.0,0.0,0.024,0.0,0.0,0.91,0.0,0.0,0.0,0.0,0.0,0.066,0.1,3,0,0,0
GHA,Rural,0.0,0.003,0.0,0.0,0.0899,0.001,0.1708,0.0,0.3616,0.003,0.022,0.3487,0.1,3,0,0,0
GHA,Urban,0.0,0.002,0.0,0.0,0.3504,0.01,0.2382,0.0,0.1091,0.003,0.005,0.2823,0.1,3,0,0,0
GIN,Rural,0.001,0.001,0.0,0.004,0.013,0.0,0.001,0.003,0.149,0.0,0.511,0.317,0.1,3,0,0,0
GIN,Urban,0.0,0.0,0.004,0.059,0.234,0.01,0.002,0.0,0.002,0.0,0.04,0.649,0.1,3,0,0,0
GLP,Rural,0.0,0.0,0.0,0.3788,0.3116,0.1032,0.0,0.0,0.0,0.0,0.0,0.2064,0.1,3,0,0,0
GLP,Urban,0.0,0.0,0.0,0.166,0.427,0.357,0.0,0.0,0.0,0.006,0.0,0.044,0.1,3,0,0,0
GMB,Rural,0.0,0.0,0.0,0.0,0.0,0.0,0.0,0.0,0.005,0.995,0.0,0.0,0.1,3,0,0,0
GMB,Urban,0.0,0.0,0.0,0.0,0.0,0.0,0.0,0.0,0.003,0.997,0.0,0.0,0.1,3,0,0,0
GNB,Rural,0.0,0.001,0.007,0.005,0.027,0.0,0.0,0.001,0.1622,0.001,0.0,0.7958,0.1,3,0,0,0
GNB,Urban,0.0,0.002,0.003,0.097,0.315,0.028,0.004,0.001,0.005,0.0,0.0,0.545,0.1,3,0,0,0
GRC,Rural,0.0,0.0,0.0,0.0,0.565,0.435,0.0,0.0,0.0,0.0,0.0,0.0,0.1,3,0,0,0
GRC,Urban,0.0,0.0,0.0,0.0,0.097,0.903,0.0,0.0,0.0,0.0,0.0,0.0,0.1,3,0,0,0
GRD,Rural,0.0,0.0,0.0,0.0,0.552,0.033,0.0,0.0,0.006,0.011,0.0,0.398,0.1,3,0,0,0
GRD,Urban,0.0,0.0,0.0,0.0,0.376,0.507,0.0,0.0,0.017,0.008,0.0,0.092,0.1,3,0,0,0
GTM,Rural,0.0,0.0,0.0,0.101,0.173,0.2,0.0,0.0,0.041,0.0,0.0,0.485,0.1,3,0,0,0
GTM,Urban,0.0,0.0,0.0,0.063,0.078,0.771,0.0,0.0,0.006,0.0,0.0,0.082,0.1,3,0,0,0
GUF,Rural,0.0,0.0,0.0,0.102,0.24,0.114,0.0,0.0,0.0,0.002,0.0,0.542,0.1,3,0,0,0
GUF,Urban,0.0,0.0,0.0,0.044,0.426,0.411,0.0,0.0,0.0,0.016,0.0,0.103,0.1,3,0,0,0
GUY,Rural,0.0,0.0,0.001,0.014,0.704,0.026,0.0,0.001,0.004,0.0,0.014,0.236,0.1,3,0,0,0
GUY,Urban,0.001,0.0,0.004,0.016,0.7525,0.0752,0.001,0.001,0.003,0.001,0.009,0.1363,0.1,3,0,0,0
HND,Rural,0.0,0.0,0.007,0.415,0.359,0.039,0.004,0.0,0.1,0.005,0.0,0.071,0.1,3,0,0,0
HND,Urban,0.0,0.0,0.016,0.0739,0.2238,0.6214,0.003,0.0,0.019,0.007,0.0,0.036,0.1,3,0,0,0
HRV,Rural,0.0,0.0,0.0,0.0,0.0,0.972,0.0,0.0,0.0,0.028,0.0,0.0,0.1,3,0,0,0
HRV,Urban,0.0,0.0,0.0,0.0,0.0,0.991,0.0,0.0,0.0,0.009,0.0,0.0,0.1,3,0,0,0
HTI,Rural,0.0,0.0,0.0,0.002,0.028,0.0,0.0,0.012,0.3584,0.003,0.2372,0.3594,0.1,3,0,0,0
HTI,Urban,0.0,0.0,0.001,0.023,0.2455,0.006,0.001,0.01,0.0932,0.004,0.0982,0.518,0.1,3,0,0,0
HUN,Rural,0.0,0.0,0.0,0.0,0.0,0.585,0.0,0.0,0.0,0.415,0.0,0.0,0.1,3,0,0,0
HUN,Urban,0.0,0.0,0.0,0.0,0.0,0.891,0.0,0.0,0.0,0.109,0.0,0.0,0.1,3,0,0,0
IDN,Rural,0.0,0.0,0.0,0.0,0.7333,0.003,0.0,0.0,0.0719,0.002,0.0,0.1898,0.1,3,0,0,0
IDN,Urban,0.0,0.0,0.0,0.0,0.8681,0.011,0.0,0.0,0.0769,0.003,0.0,0.041,0.1,3,0,0,0
IND,Rural,0.0,0.064,0.006,0.151,0.402,0.028,0.001,0.0,0.255,0.002,0.014,0.077,0.1,3,0,0,0
IND,Urban,0.0,0.011,0.014,0.072,0.533,0.253,0.003,0.0,0.061,0.005,0.005,0.043,0.1,3,0,0,0
IRL,Rural,0.0,0.0,0.0,0.0,0.673,0.207,0.0,0.0,0.0,0.032,0.0,0.088,0.1,3,0,0,0
IRL,Urban,0.0,0.0,0.0,0.0,0.021,0.917,0.0,0.0,0.0,0.056,0.0,0.006,0.1,3,0,0,0
IRN,Rural,0.0,0.0,0.0,0.0,0.005,0.0539,0.0,0.0,0.029,0.012,0.0,0.9001,0.1,3,0,0,0
IRN,Urban,0.0,0.0,0.0,0.0,0.005,0.39,0.0,0.0,0.004,0.007,0.0,0.594,0.1,3,0,0,0
IRQ,Rural,0.0,0.0,0.0,0.0,0.7573,0.0302,0.0086,0.0,0.0032,0.0022,0.0324,0.1661,0.1,3,0,0,0
IRQ,Urban,0.0,0.0,0.0,0.0,0.5752,0.3982,0.002,0.0,0.0,0.001,0.002,0.0215,0.1,3,0,0,0
ISL,Rural,0.0,0.0,0.0,0.0,0.0,1.0,0.0,0.0,0.0,0.0,0.0,0.0,0.1,3,0,0,0
ISL,Urban,0.0,0.0,0.0,0.0,0.0,1.0,0.0,0.0,0.0,0.0,0.0,0.0,0.1,3,0,0,0
ITA,Rural,0.0,0.0,0.0,0.0,0.0079,0.9841,0.0,0.0,0.0,0.0079,0.0,0.0,0.1,3,0,0,0
ITA,Urban,0.0,0.0,0.0,0.0,0.007,0.9861,0.0,0.0,0.0,0.007,0.0,0.0,0.1,3,0,0,0
JAM,Rural,0.0,0.0,0.0,0.0551,0.6126,0.0541,0.0,0.0,0.002,0.005,0.0,0.2713,0.1,3,0,0,0
JAM,Urban,0.0,0.0,0.0,0.068,0.514,0.284,0.0,0.0,0.001,0.011,0.0,0.122,0.1,3,0,0,0
JOR,Rural,0.0,0.0,0.002,0.0,0.6406,0.2773,0.0,0.0,0.0,0.0,0.0,0.0801,0.1,3,0,0,0
JOR,Urban,0.0,0.0,0.0,0.0,0.2272,0.7317,0.0,0.0,0.0,0.0,0.0,0.041,0.1,3,0,0,0
JPN,Rural,0.0,0.0,0.0,0.0,0.0,0.0,0.0,0.0,0.0,0.0,0.0,1.0,0.1,3,0,0,0
JPN,Urban,0.0,0.0,0.0,0.0,0.0,0.0,0.0,0.0,0.0,0.0,0.0,1.0,0.1,3,0,0,0
KAZ,Rural,0.0,0.0,0.0,0.01,0.0911,0.043,0.0,0.0,0.0,0.0,0.0,0.8559,0.1,3,0,0,0
KAZ,Urban,0.0,0.0,0.0,0.003,0.0911,0.6827,0.0,0.0,0.0,0.001,0.0,0.2222,0.1,3,0,0,0
KEN,Rural,0.0,0.016,0.006,0.021,0.021,0.003,0.0,0.001,0.103,0.001,0.401,0.427,0.1,3,0,0,0
KEN,Urban,0.0,0.009,0.008,0.044,0.16,0.192,0.012,0.0,0.003,0.001,0.167,0.404,0.1,3,0,0,0
KGZ,Rural,0.0,0.0,0.0,0.1041,0.005,0.01,0.0,0.0,0.0,0.0,0.001,0.8799,0.1,3,0,0,0
KGZ,Urban,0.0,0.0,0.0,0.061,0.023,0.477,0.001,0.0,0.0,0.0,0.0,0.438,0.1,3,0,0,0
KHM,Rural,0.0,0.001,0.009,0.033,0.787,0.025,0.0,0.002,0.138,0.001,0.001,0.003,0.1,3,0,0,0
KHM,Urban,0.0,0.0,0.006,0.012,0.5754,0.3706,0.001,0.006,0.029,0.0,0.0,0.0,0.1,3,0,0,0
KIR,Rural,0.011,0.006,0.026,0.1269,0.2957,0.008,0.017,0.0,0.4875,0.0,0.014,0.008,0.1,3,0,0,0
KIR,Urban,0.0649,0.005,0.0,0.0789,0.4635,0.0719,0.002,0.0,0.3057,0.0,0.008,0.0,0.1,3,0,0,0
KNA,Rural,0.0,0.0,0.0,0.0,0.0,0.0,0.0,0.0,0.0,0.0,0.0,1.0,0.1,3,0,0,0
KNA,Urban,0.0,0.0,0.0,0.0,0.0,0.0,0.0,0.0,0.0,0.0,0.0,1.0,0.1,3,0,0,0
KOR,Rural,0.0,0.0,0.0,0.0,0.0,0.015,0.0,0.0,0.0,0.965,0.0,0.02,0.1,3,0,0,0
KOR,Urban,0.0,0.0,0.0,0.0,0.0,0.649,0.0,0.0,0.0,0.241,0.0,0.11,0.1,3,0,0,0
LAO,Rural,0.0,0.001,0.015,0.5704,0.0549,0.009,0.009,0.0,0.3257,0.006,0.004,0.005,0.1,3,0,0,0
LAO,Urban,0.0,0.0,0.013,0.6987,0.2232,0.013,0.005,0.0,0.042,0.003,0.0,0.002,0.1,3,0,0,0
LBR,Rural,0.002,0.006,0.006,0.046,0.0631,0.002,0.001,0.021,0.6076,0.001,0.1431,0.1011,0.1,3,0,0,0
LBR,Urban,0.006,0.003,0.015,0.1029,0.4346,0.014,0.002,0.0599,0.1568,0.002,0.0939,0.1099,0.1,3,0,0,0
LBY,Rural,0.0,0.0,0.0,0.0,0.139,0.549,0.269,0.0,0.0,0.043,0.0,0.0,0.1,3,0,0,0
LBY,Urban,0.0,0.0,0.0,0.0,0.068,0.542,0.358,0.0,0.0,0.032,0.0,0.0,0.1,3,0,0,0
LCA,Rural,0.001,0.0,0.0,0.004,0.71,0.038,0.002,0.0,0.009,0.0,0.001,0.235,0.1,3,0,0,0
LCA,Urban,0.011,0.0,0.0,0.0,0.738,0.11,0.002,0.0,0.052,0.003,0.0,0.084,0.1,3,0,0,0
LKA,Rural,0.0,0.0,0.0015,0.4376,0.0434,0.0045,0.0,0.0,0.002,0.03455,0.001,0.47545,0.1,3,0,0,0
LKA,Urban,0.0,0.0,0.00835,0.34185,0.11395,0.03485,0.0,0.0,0.0005,0.02605,0.0,0.47445,0.1,3,0,0,0
LSO,Rural,0.0,0.0,0.0,0.0,0.0,0.0,0.0,0.0,0.201,0.799,0.0,0.0,0.1,3,0,0,0
LSO,Urban,0.0,0.0,0.0,0.0,0.0,0.0,0.0,0.0,0.066,0.934,0.0,0.0,0.1,3,0,0,0
LTU,Rural,0.0,0.0,0.0,0.0,0.0,0.77,0.0,0.0,0.0,0.23,0.0,0.0,0.1,3,0,0,0
LTU,Urban,0.0,0.0,0.0,0.0,0.0,0.973,0.0,0.0,0.0,0.027,0.0,0.0,0.1,3,0,0,0
LUX,Rural,0.0,0.0,0.0,0.0,0.0,1.0,0.0,0.0,0.0,0.0,0.0,0.0,0.1,3,0,0,0
LUX,Urban,0.0,0.0,0.0,0.0,0.0,1.0,0.0,0.0,0.0,0.0,0.0,0.0,0.1,3,0,0,0
LVA,Rural,0.0,0.0,0.0,0.0,0.0,0.833,0.0,0.0,0.0,0.167,0.0,0.0,0.1,3,0,0,0
LVA,Urban,0.0,0.0,0.0,0.0,0.0,0.969,0.0,0.0,0.0,0.031,0.0,0.0,0.1,3,0,0,0
MAR,Rural,0.0,0.0,0.0,0.0,0.0,0.0,0.0,0.0,0.0,1.0,0.0,0.0,0.1,3,0,0,0
MAR,Urban,0.0,0.0,0.0,0.0,0.0,0.0,0.0,0.0,0.001,0.999,0.0,0.0,0.1,3,0,0,0
MDA,Rural,0.0,0.0,0.0,0.0,0.608,0.029,0.0,0.0,0.0,0.363,0.0,0.0,0.1,3,0,0,0
MDA,Urban,0.0,0.0,0.0,0.0,0.178,0.786,0.0,0.0,0.0,0.036,0.0,0.0,0.1,3,0,0,0
MDG,Rural,0.0,0.0,0.001,0.002,0.014,0.003,0.0,0.002,0.384,0.0,0.344,0.25,0.1,3,0,0,0
MDG,Urban,0.01,0.001,0.003,0.018,0.2012,0.026,0.003,0.004,0.1321,0.004,0.2823,0.3153,0.1,3,0,0,0
MDV,Rural,0.0,0.0,0.0,0.0,0.49,0.51,0.0,0.0,0.0,0.0,0.0,0.0,0.1,3,0,0,0
MDV,Urban,0.0,0.0,0.0,0.0,0.0,1.0,0.0,0.0,0.0,0.0,0.0,0.0,0.1,3,0,0,0
MEX,Rural,0.0,0.0,0.016,0.0,0.5281,0.4068,0.0,0.0,0.021,0.002,0.0,0.0261,0.1,3,0,0,0
MEX,Urban,0.0,0.0,0.007,0.0,0.076,0.909,0.0,0.0,0.002,0.002,0.0,0.004,0.1,3,0,0,0
MHL,Rural,0.0689,0.005,0.028,0.02,0.6444,0.029,0.023,0.0,0.1728,0.0,0.009,0.0,0.1,3,0,0,0
MHL,Urban,0.031,0.0,0.0,0.003,0.151,0.753,0.001,0.0,0.059,0.0,0.0,0.002,0.1,3,0,0,0
MKD,Rural,0.0,0.0,0.054,0.017,0.309,0.529,0.011,0.0,0.001,0.002,0.018,0.059,0.1,3,0,0,0
MKD,Urban,0.0,0.0,0.0,0.0,0.007,0.988,0.0,0.0,0.0,0.002,0.0,0.003,0.1,3,0,0,0
MLI,Rural,0.0,0.009,0.0,0.001,0.002,0.0,0.0,0.0251,0.1122,0.0,0.4519,0.3988,0.1,3,0,0,0
MLI,Urban,0.0,0.001,0.006,0.0849,0.1149,0.0509,0.003,0.02,0.008,0.0,0.0589,0.6523,0.1,3,0,0,0
MLT,Rural,0.0,0.0,0.0,0.0,0.0,1.0,0.0,0.0,0.0,0.0,0.0,0.0,0.1,3,0,0,0
MLT,Urban,0.0,0.0,0.0,0.0,0.0,1.0,0.0,0.0,0.0,0.0,0.0,0.0,0.1,3,0,0,0
MMR,Rural,0.0,0.0,0.011,0.6577,0.1577,0.003,0.001,0.01,0.0659,0.002,0.021,0.0709,0.1,3,0,0,0
MMR,Urban,0.0,0.0,0.005,0.4204,0.4364,0.0831,0.001,0.003,0.006,0.002,0.004,0.039,0.1,3,0,0,0
MNE,Rural,0.0,0.0,0.0679,0.014,0.6843,0.2098,0.002,0.0,0.002,0.0,0.003,0.017,0.1,3,0,0,0
MNE,Urban,0.0,0.0,0.004,0.005,0.3784,0.5976,0.004,0.0,0.0,0.004,0.0,0.007,0.1,3,0,0,0
MNG,Rural,0.0,0.003,0.0,0.001,0.005,0.0409,0.005,0.0,0.0729,0.001,0.0868,0.7844,0.1,3,0,0,0
MNG,Urban,0.0,0.006,0.0,0.002,0.017,0.3874,0.014,0.0,0.001,0.002,0.006,0.5646,0.1,3,0,0,0
MNP,Rural,0.0,0.0,0.0,0.0,0.621,0.379,0.0,0.0,0.0,0.0,0.0,0.0,0.1,3,0,0,0
MNP,Urban,0.0,0.0,0.0,0.0,0.423,0.536,0.0,0.0,0.0,0.041,0.0,0.0,0.1,3,0,0,0
MOZ,Rural,0.0,0.0,0.0,0.0,0.0,0.0,0.016,0.0,0.393,0.0,0.0,0.591,0.1,3,0,0,0
MOZ,Urban,0.0,0.0,0.0,0.0,0.0,0.0,0.273,0.0,0.119,0.0,0.0,0.608,0.1,3,0,0,0
MRT,Rural,0.0,0.017,0.016,0.135,0.109,0.016,0.002,0.005,0.588,0.002,0.039,0.071,0.1,3,0,0,0
MRT,Urban,0.0,0.014,0.0529,0.3516,0.2298,0.1079,0.002,0.007,0.0609,0.002,0.022,0.1499,0.1,3,0,0,0
MSR,Rural,0.0,0.0,0.0,0.0,0.0,0.0,0.0,0.0,0.0,0.0,0.0,1.0,0.1,3,0,0,0
MSR,Urban,0.0,0.0,0.0,0.0,0.0,0.1667,0.0,0.0,0.0,0.0,0.0,0.8333,0.1,3,0,0,0
MTQ,Rural,0.0,0.0,0.0,0.102,0.24,0.114,0.0,0.0,0.0,0.002,0.0,0.542,0.1,3,0,0,0
MTQ,Urban,0.0,0.0,0.0,0.044,0.426,0.411,0.0,0.0,0.0,0.016,0.0,0.103,0.1,3,0,0,0
MUS,Rural,0.0,0.0,0.0,0.0,0.0,0.0,0.0,0.0,0.002,0.998,0.0,0.0,0.1,3,0,0,0
MUS,Urban,0.0,0.0,0.0,0.0,0.0,0.0,0.0,0.0,0.003,0.997,0.0,0.0,0.1,3,0,0,0
MWI,Rural,0.0,0.002,0.0,0.001,0.005,0.003,0.0,0.003,0.0769,0.006,0.1349,0.7682,0.1,3,0,0,0
MWI,Urban,0.0,0.005,0.0,0.003,0.1063,0.005,0.0,0.001,0.013,0.001,0.0642,0.8014,0.1,3,0,0,0
MYS,Rural,0.0,0.0,0.0,0.0,0.0,0.0,0.989,0.0,0.0,0.011,0.0,0.0,0.1,3,0,0,0
MYS,Urban,0.0,0.0,0.0,0.0,0.0,0.0,0.999,0.0,0.0,0.001,0.0,0.0,0.1,3,0,0,0
NAM,Rural,0.0,0.0,0.0,0.0,0.0,0.0,0.0,0.0,0.552,0.448,0.0,0.0,0.1,3,0,0,0
NAM,Urban,0.0,0.0,0.0,0.0,0.0,0.0,0.0,0.0,0.146,0.854,0.0,0.0,0.1,3,0,0,0
NER,Rural,0.0,0.001,0.002,0.01,0.003,0.002,0.0,0.045,0.754,0.009,0.126,0.048,0.1,3,0,0,0
NER,Urban,0.0,0.001,0.011,0.1508,0.0939,0.047,0.004,0.013,0.0829,0.007,0.1269,0.4625,0.1,3,0,0,0
NGA,Rural,0.004,0.016,0.008,0.0762,0.0872,0.0311,0.004,0.008,0.3066,0.0281,0.1844,0.2465,0.1,3,0,0,0
NGA,Urban,0.004,0.026,0.012,0.1339,0.3616,0.0869,0.009,0.01,0.0759,0.01,0.0779,0.1928,0.1,3,0,0,0
NIC,Rural,0.0,0.0,0.0,0.0,0.023,0.003,0.0,0.0,0.176,0.0,0.0,0.798,0.1,3,0,0,0
NIC,Urban,0.0,0.0,0.002,0.0,0.106,0.353,0.0,0.0,0.014,0.0,0.0,0.525,0.1,3,0,0,0
NLD,Rural,0.0,0.0,0.0,0.0,0.0,1.0,0.0,0.0,0.0,0.0,0.0,0.0,0.1,3,0,0,0
NLD,Urban,0.0,0.0,0.0,0.0,0.0,1.0,0.0,0.0,0.0,0.0,0.0,0.0,0.1,3,0,0,0
NOR,Rural,0.0,0.0,0.0,0.0,0.0,1.0,0.0,0.0,0.0,0.0,0.0,0.0,0.1,3,0,0,0
NOR,Urban,0.0,0.0,0.0,0.0,0.0,1.0,0.0,0.0,0.0,0.0,0.0,0.0,0.1,3,0,0,0
NPL,Rural,0.0,0.014,0.007,0.3347,0.4915,0.025,0.002,0.0,0.0669,0.002,0.004,0.0529,0.1,3,0,0,0
NPL,Urban,0.0,0.014,0.006,0.2042,0.5506,0.1441,0.002,0.0,0.042,0.003,0.001,0.033,0.1,3,0,0,0
NZL,Rural,0.0,0.0,0.0,0.0,0.0,0.0,0.0,0.0,0.0,0.0,0.0,1.0,0.1,3,0,0,0
NZL,Urban,0.0,0.0,0.0,0.0,0.0,0.0,0.0,0.0,0.0,0.0,0.0,1.0,0.1,3,0,0,0
OMN,Rural,0.0,0.0,0.0,0.0,0.954,0.027,0.0,0.0,0.0,0.019,0.0,0.0,0.1,3,0,0,0
OMN,Urban,0.0,0.0,0.0,0.0,0.6344,0.3636,0.0,0.0,0.0,0.002,0.0,0.0,0.1,3,0,0,0
PAK,Rural,0.01,0.0,0.0569,0.1489,0.3646,0.1469,0.007,0.0,0.2078,0.006,0.02,0.032,0.1,3,0,0,0
PAK,Urban,0.001,0.0,0.0531,0.0421,0.2285,0.6343,0.005,0.0,0.024,0.002,0.003,0.007,0.1,3,0,0,0
PAN,Rural,0.0,0.0,0.0,0.0,0.476,0.0699,0.0,0.0,0.1018,0.023,0.0,0.3293,0.1,3,0,0,0
PAN,Urban,0.0,0.0,0.0,0.0,0.4681,0.4192,0.0,0.0,0.021,0.012,0.0,0.0798,0.1,3,0,0,0
PER,Rural,0.0,0.0,0.012,0.0,0.1848,0.2288,0.0,0.0,0.1329,0.0659,0.2488,0.1269,0.1,3,0,0,0
PER,Urban,0.0,0.0,0.009,0.0,0.014,0.872,0.0,0.0,0.011,0.025,0.061,0.008,0.1,3,0,0,0
PHL,Rural,0.001,0.002,0.013,0.1786,0.6387,0.0499,0.003,0.008,0.0559,0.006,0.004,0.0399,0.1,3,0,0,0
PHL,Urban,0.001,0.001,0.01,0.056,0.782,0.118,0.002,0.002,0.016,0.002,0.001,0.009,0.1,3,0,0,0
PLW,Rural,0.0,0.0,0.0,0.0,0.0,0.6446,0.2032,0.0,0.0,0.004,0.0,0.1481,0.1,3,0,0,0
PLW,Urban,0.0,0.0,0.0,0.0,0.0,0.887,0.087,0.0,0.0,0.003,0.0,0.023,0.1,3,0,0,0
PNG,Rural,0.0,0.001,0.0,0.002,0.025,0.044,0.0,0.004,0.033,0.0,0.392,0.499,0.1,3,0,0,0
PNG,Urban,0.0,0.0,0.0,0.002,0.098,0.456,0.0,0.0,0.002,0.0,0.097,0.345,0.1,3,0,0,0
POL,Rural,0.0,0.0,0.0,0.0,0.0,0.422,0.0,0.0,0.0,0.578,0.0,0.0,0.1,3,0,0,0
POL,Urban,0.0,0.0,0.0,0.0,0.0,0.905,0.0,0.0,0.0,0.095,0.0,0.0,0.1,3,0,0,0
PRK,Rural,0.0,0.0,0.001,0.039,0.1449,0.0949,0.0,0.0,0.0,0.0,0.2757,0.4446,0.1,3,0,0,0
PRK,Urban,0.0,0.0,0.001,0.019,0.0639,0.6713,0.0,0.0,0.0,0.0,0.0829,0.1618,0.1,3,0,0,0
PRT,Rural,0.0,0.0,0.0,0.0,0.27,0.73,0.0,0.0,0.0,0.0,0.0,0.0,0.1,3,0,0,0
PRT,Urban,0.0,0.0,0.0,0.0,0.071,0.929,0.0,0.0,0.0,0.0,0.0,0.0,0.1,3,0,0,0
PRY,Rural,0.0,0.0,0.001,0.302,0.422,0.005,0.0,0.0,0.009,0.0,0.0,0.261,0.1,3,0,0,0
PRY,Urban,0.0,0.0,0.009,0.2262,0.6106,0.1221,0.0,0.0,0.004,0.0,0.0,0.028,0.1,3,0,0,0
PSE,Rural,0.0,0.0,0.0,0.625,0.216,0.153,0.0,0.0,0.004,0.002,0.0,0.0,0.1,3,0,0,0
PSE,Urban,0.0,0.0,0.0,0.275,0.122,0.602,0.0,0.0,0.001,0.0,0.0,0.0,0.1,3,0,0,0
REU,Rural,0.0,0.0,0.0,0.0792,0.8226,0.016,0.0,0.0,0.0,0.009,0.0,0.0731,0.1,3,0,0,0
REU,Urban,0.0,0.0,0.0,0.045,0.525,0.404,0.0,0.0,0.0,0.006,0.0,0.02,0.1,3,0,0,0
ROU,Rural,0.0,0.0,0.0,0.0,0.0,0.41,0.0,0.0,0.0,0.59,0.0,0.0,0.1,3,0,0,0
ROU,Urban,0.0,0.0,0.0,0.0,0.0,0.874,0.0,0.0,0.0,0.126,0.0,0.0,0.1,3,0,0,0
RUS,Rural,0.0,0.0,0.0,0.0,0.0,0.217,0.0,0.0,0.0,0.783,0.0,0.0,0.1,3,0,0,0
RUS,Urban,0.0,0.0,0.0,0.0,0.0,0.905,0.0,0.0,0.0,0.095,0.0,0.0,0.1,3,0,0,0
RWA,Rural,0.0,0.001,0.011,0.005,0.003,0.005,0.001,0.0,0.029,0.0,0.263,0.682,0.1,3,0,0,0
RWA,Urban,0.0,0.001,0.0359,0.021,0.0469,0.0599,0.002,0.0,0.01,0.0,0.0768,0.7465,0.1,3,0,0,0
SAU,Rural,0.0,0.0,0.002,0.022,0.5005,0.4555,0.001,0.0,0.0,0.002,0.0,0.017,0.1,3,0,0,0
SAU,Urban,0.0,0.0,0.002,0.007,0.2172,0.7738,0.0,0.0,0.0,0.0,0.0,0.0,0.1,3,0,0,0
SDN,Rural,0.0,0.0,0.0,0.0,0.0,0.0,0.0,0.0,0.202,0.798,0.0,0.0,0.1,3,0,0,0
SDN,Urban,0.0,0.0,0.0,0.0,0.0,0.0,0.0,0.0,0.077,0.923,0.0,0.0,0.1,3,0,0,0
SEN,Rural,0.0,0.008,0.008,0.139,0.245,0.015,0.001,0.016,0.137,0.005,0.26,0.166,0.1,3,0,0,0
SEN,Urban,0.001,0.007,0.001,0.049,0.629,0.168,0.0,0.008,0.009,0.0,0.049,0.079,0.1,3,0,0,0
SLB,Rural,0.0,0.024,0.004,0.027,0.0731,0.018,0.011,0.006,0.6236,0.001,0.0,0.2122,0.1,3,0,0,0
SLB,Urban,0.0,0.005,0.014,0.0739,0.4496,0.1409,0.025,0.003,0.1179,0.002,0.0,0.1688,0.1,3,0,0,0
SLE,Rural,0.001,0.001,0.003,0.034,0.025,0.0,0.0,0.029,0.354,0.025,0.19,0.338,0.1,3,0,0,0
SLE,Urban,0.004,0.0,0.005,0.1011,0.1532,0.029,0.001,0.048,0.037,0.018,0.0561,0.5475,0.1,3,0,0,0
SLV,Rural,0.0,0.131,0.0,0.0,0.274,0.016,0.0,0.0,0.029,0.0,0.0,0.55,0.1,3,0,0,0
SLV,Urban,0.0,0.025,0.0,0.0,0.235,0.553,0.0,0.0,0.002,0.0,0.0,0.185,0.1,3,0,0,0
SOM,Rural,0.011,0.0,0.009,0.1249,0.022,0.027,0.007,0.002,0.4396,0.019,0.1568,0.1818,0.1,3,0,0,0
SOM,Urban,0.0259,0.0,0.007,0.2076,0.0569,0.0808,0.005,0.006,0.0309,0.004,0.1846,0.3912,0.1,3,0,0,0
SRB,Rural,0.0,0.0,0.026,0.005,0.7243,0.1818,0.001,0.0,0.0,0.0,0.001,0.0609,0.1,3,0,0,0
SRB,Urban,0.0,0.0,0.002,0.0,0.1231,0.8689,0.0,0.0,0.001,0.0,0.0,0.005,0.1,3,0,0,0
SSD,Rural,0.0,0.008,0.0,0.0,0.0,0.0,0.0,0.0,0.8006,0.006,0.1202,0.0651,0.1,3,0,0,0
SSD,Urban,0.0,0.0161,0.0,0.0,0.0,0.0,0.0,0.0,0.5403,0.0323,0.1774,0.2339,0.1,3,0,0,0
STP,Rural,0.001,0.0,0.018,0.009,0.049,0.1279,0.001,0.0,0.5105,0.008,0.012,0.2637,0.1,3,0,0,0
STP,Urban,0.002,0.0,0.025,0.006,0.082,0.184,0.001,0.0,0.427,0.005,0.015,0.253,0.1,3,0,0,0
SUR,Rural,0.004,0.005,0.008,0.0561,0.5936,0.018,0.014,0.0,0.0751,0.017,0.0651,0.1441,0.1,3,0,0,0
SUR,Urban,0.0,0.001,0.002,0.014,0.9208,0.0251,0.005,0.0,0.001,0.001,0.008,0.022,0.1,3,0,0,0
SVK,Rural,0.0,0.0,0.0,0.0,0.0,0.974,0.0,0.0,0.0,0.026,0.0,0.0,0.1,3,0,0,0
SVK,Urban,0.0,0.0,0.0,0.0,0.0,0.998,0.0,0.0,0.0,0.002,0.0,0.0,0.1,3,0,0,0
SVN,Rural,0.0,0.0,0.0,0.0,0.0,0.0,0.0,0.0,0.0,0.003,0.0,0.997,0.1,3,0,0,0
SVN,Urban,0.0,0.0,0.0,0.0,0.0,0.0,0.0,0.0,0.0,0.001,0.0,0.999,0.1,3,0,0,0
SWE,Rural,0.0,0.0,0.0,0.0,0.2408,0.7473,0.0,0.0,0.0,0.012,0.0,0.0,0.1,3,0,0,0
SWE,Urban,0.0,0.0,0.0,0.0,0.093,0.901,0.0,0.0,0.0,0.006,0.0,0.0,0.1,3,0,0,0
SWZ,Rural,0.0,0.0,0.0,0.0,0.0,0.0,0.0,0.0,0.029,0.971,0.0,0.0,0.1,3,0,0,0
SWZ,Urban,0.0,0.0,0.0,0.0,0.0,0.0,0.0,0.0,0.025,0.975,0.0,0.0,0.1,3,0,0,0
SYR,Rural,0.0,0.0,0.012,0.0,0.1878,0.7982,0.0,0.0,0.0,0.002,0.0,0.0,0.1,3,0,0,0
SYR,Urban,0.0,0.0,0.0,0.0,0.007,0.993,0.0,0.0,0.0,0.0,0.0,0.0,0.1,3,0,0,0
TCA,Rural,0.004,0.0,0.0,0.027,0.8501,0.0,0.002,0.0,0.002,0.003,0.014,0.0979,0.1,3,0,0,0
TCA,Urban,0.009,0.0,0.0,0.026,0.91,0.0,0.034,0.0,0.0,0.0,0.003,0.018,0.1,3,0,0,0
TCD,Rural,0.014,0.02,0.026,0.001,0.001,0.003,0.003,0.038,0.7708,0.007,0.0741,0.042,0.1,3,0,0,0
TCD,Urban,0.009,0.0329,0.0209,0.016,0.0189,0.0169,0.002,0.0768,0.1705,0.008,0.1645,0.4636,0.1,3,0,0,0
TGO,Rural,0.0,0.0,0.0,0.0,0.0,0.0,0.0,0.0,0.496,0.504,0.0,0.0,0.1,3,0,0,0
TGO,Urban,0.0,0.0,0.0,0.0,0.0,0.0,0.0,0.0,0.151,0.849,0.0,0.0,0.1,3,0,0,0
THA,Rural,0.0,0.0,0.0,0.0,0.0,0.0,0.293,0.0,0.001,0.0,0.0,0.706,0.1,3,0,0,0
THA,Urban,0.0,0.0,0.0,0.0,0.0,0.0,0.412,0.0,0.001,0.0,0.0,0.587,0.1,3,0,0,0
TJK,Rural,0.005,0.002,0.0,0.02,0.002,0.005,0.0,0.001,0.0,0.0,0.004,0.961,0.1,3,0,0,0
TJK,Urban,0.0,0.002,0.001,0.044,0.003,0.5035,0.0,0.0,0.0,0.0,0.001,0.4454,0.1,3,0,0,0
TKM,Rural,0.0,0.0,0.006,0.026,0.009,0.0,0.001,0.0,0.0,0.0,0.0,0.958,0.1,3,0,0,0
TKM,Urban,0.0,0.0,0.005,0.04,0.038,0.521,0.0,0.0,0.0,0.0,0.0,0.396,0.1,3,0,0,0
TLS,Rural,0.0,0.0,0.0,0.0,0.3257,0.0,0.1199,0.0,0.1439,0.014,0.1199,0.2767,0.1,3,0,0,0
TLS,Urban,0.0,0.0,0.0,0.0,0.432,0.0,0.076,0.0,0.044,0.007,0.086,0.355,0.1,3,0,0,0
TON,Rural,0.0,0.012,0.009,0.0,0.9229,0.0,0.0,0.0,0.002,0.002,0.004,0.048,0.1,3,0,0,0
TON,Urban,0.0,0.001,0.003,0.0,0.994,0.0,0.0,0.0,0.001,0.0,0.0,0.001,0.1,3,0,0,0
TTO,Rural,0.0,0.0,0.0,0.0,0.833,0.028,0.0,0.0,0.0,0.001,0.004,0.134,0.1,3,0,0,0
TTO,Urban,0.0,0.0,0.001,0.0,0.611,0.318,0.007,0.0,0.001,0.002,0.012,0.048,0.1,3,0,0,0
TUN,Rural,0.0,0.0,0.0,0.0,0.0,0.0,0.0,0.0,0.012,0.988,0.0,0.0,0.1,3,0,0,0
TUN,Urban,0.0,0.0,0.0,0.0,0.0,0.0,0.0,0.0,0.002,0.998,0.0,0.0,0.1,3,0,0,0
TUR,Rural,0.0,0.0,0.0,0.0,0.0,0.572,0.0,0.0,0.004,0.009,0.028,0.387,0.1,3,0,0,0
TUR,Urban,0.0,0.0,0.0,0.0,0.0,0.971,0.0,0.0,0.001,0.001,0.002,0.025,0.1,3,0,0,0
TUV,Rural,0.045,0.0,0.0,0.048,0.873,0.001,0.0,0.0,0.024,0.004,0.002,0.003,0.1,3,0,0,0
TUV,Urban,0.017,0.013,0.005,0.02,0.924,0.002,0.0,0.0,0.017,0.0,0.002,0.0,0.1,3,0,0,0
TZA,Rural,0.0,0.0,0.0,0.0,0.0,0.0,0.0,0.0,0.032,0.968,0.0,0.0,0.1,3,0,0,0
TZA,Urban,0.0,0.0,0.0,0.0,0.0,0.0,0.0,0.0,0.002,0.998,0.0,0.0,0.1,3,0,0,0
UGA,Rural,0.0,0.011,0.0,0.004,0.002,0.002,0.001,0.005,0.0669,0.001,0.6284,0.2787,0.1,3,0,0,0
UGA,Urban,0.0,0.003,0.006,0.011,0.0661,0.0361,0.003,0.0301,0.007,0.0,0.2886,0.5491,0.1,3,0,0,0
UKR,Rural,0.0,0.0,0.0,0.0,0.0,0.642,0.0,0.0,0.0,0.358,0.0,0.0,0.1,3,0,0,0
UKR,Urban,0.0,0.0,0.0,0.0,0.0,0.953,0.0,0.0,0.0,0.047,0.0,0.0,0.1,3,0,0,0
URY,Rural,0.0,0.0,0.011,0.0,0.8749,0.007,0.0,0.0,0.007,0.01,0.0,0.0901,0.1,3,0,0,0
URY,Urban,0.0,0.0,0.001,0.0,0.3157,0.6444,0.0,0.0,0.003,0.005,0.0,0.031,0.1,3,0,0,0
USA,Rural,0.0,0.0,0.0,0.0,0.5676,0.4174,0.0,0.0,0.0,0.015,0.0,0.0,0.1,3,0,0,0
USA,Urban,0.0,0.0,0.0,0.0,0.045,0.954,0.0,0.0,0.0,0.001,0.0,0.0,0.1,3,0,0,0
UZB,Rural,0.0,0.0,0.013,0.092,0.004,0.018,0.002,0.001,0.0,0.001,0.067,0.802,0.1,3,0,0,0
UZB,Urban,0.0,0.0,0.014,0.0709,0.004,0.3287,0.002,0.0,0.0,0.002,0.029,0.5495,0.1,3,0,0,0
VCT,Rural,0.0,0.0,0.0,0.0,0.602,0.021,0.0,0.0,0.048,0.006,0.0,0.323,0.1,3,0,0,0
VCT,Urban,0.0,0.0,0.0,0.0,0.769,0.034,0.0,0.0,0.016,0.008,0.0,0.173,0.1,3,0,0,0
VEN,Rural,0.0,0.0,0.0,0.0,0.526,0.097,0.044,0.0,0.282,0.0,0.0,0.051,0.1,3,0,0,0
VEN,Urban,0.0,0.0,0.0,0.0,0.1792,0.7768,0.008,0.0,0.027,0.0,0.0,0.009,0.1,3,0,0,0
VNM,Rural,0.003,0.022,0.007,0.0579,0.7313,0.03,0.001,0.045,0.038,0.004,0.011,0.05,0.1,3,0,0,0
VNM,Urban,0.001,0.001,0.003,0.035,0.8639,0.0741,0.002,0.01,0.004,0.003,0.001,0.002,0.1,3,0,0,0
VUT,Rural,0.0,0.044,0.0,0.029,0.0759,0.0,0.023,0.0,0.0,0.001,0.2488,0.5784,0.1,3,0,0,0
VUT,Urban,0.0,0.005,0.0,0.114,0.718,0.0,0.008,0.0,0.0,0.0,0.035,0.12,0.1,3,0,0,0
WSM,Rural,0.0,0.0,0.0,0.034,0.844,0.072,0.006,0.0,0.001,0.008,0.013,0.022,0.1,3,0,0,0
WSM,Urban,0.0,0.0,0.0,0.007,0.8968,0.0852,0.002,0.0,0.0,0.001,0.003,0.005,0.1,3,0,0,0
YEM,Rural,0.0,0.0,0.0,0.0,0.0,0.0,0.0,0.0,0.131,0.634,0.0,0.235,0.1,3,0,0,0
YEM,Urban,0.0,0.0,0.0,0.0,0.0,0.0,0.0,0.0,0.016,0.255,0.0,0.729,0.1,3,0,0,0
ZAF,Rural,0.003,0.001,0.0,0.0,0.0671,0.049,0.0,0.0,0.014,0.003,0.0,0.8629,0.1,3,0,0,0
ZAF,Urban,0.01,0.0,0.0,0.0,0.02,0.853,0.0,0.0,0.003,0.002,0.0,0.112,0.1,3,0,0,0
ZWE,Rural,0.0,0.001,0.002,0.002,0.04,0.011,0.0,0.0,0.3133,0.001,0.1321,0.4975,0.1,3,0,0,0
ZWE,Urban,0.0,0.001,0.001,0.007,0.0951,0.8458,0.001,0.0,0.007,0.0,0.007,0.035,0.1,3,0,0,0
