region;flushSewer;flushSeptic;flushPit;flushOpen;flushUnknown;pitSlab;pitNoSlab;bucketLatrine;hangingToilet;openDefecation;containerBased;compostingToilet;other;coverBury;sewageTreated;fecalSludgeTreated;isWatertight;hasLeach;onsiteDumpedLand;emptyFrequency;pitAdditive;urine;twinPits;warning
AFG;0.1;0.226;0.023;0.01;0.0;0.48600000000000004;0.152;0.0;0.0;0.002;;0.0;0.001;;;;;;0.1;3;0;0;0;
AGO;0.117;0.756;0.0;0.04;0.0;0.0;0.0;0.004;0.0;0.078;;0.0;0.005;;;;;;0.1;3;0;0;0;
AIA;0.0;0.0;0.0;0.0;0.0;0.009;0.0;0.0;0.0;0.008;;0.0;0.006;;;;;;0.1;3;0;0;0;Does not add up to 100%
ALB;0.911;0.014;0.056;0.009;0.005;0.001;0.001;0.0;0.0;0.0;;0.002;0.0;0.06393538846359326;0.394652557811068;0.03787261563023762;0.03787261563023762;0.03787261563023762;0.1;3;0;0;0;
AND;1.0;0.0;0.0;0.0;0.0;0.0;0.0;0.0;0.0;0.0;;0.0;0.0;0.0;1.0;0.0;0.0;0.0;0.1;3;0;0;0;
ARE;0.0;0.0;0.0;0.0;0.0;0.0;0.0;0.0;0.0;0.0;;0.0;0.0;0.024617521165799978;0.9353176033848;0.024617521165799978;0.024617521165799978;0.024617521165799978;0.1;3;0;0;0;
ARG;0.651;0.081;0.256;0.001;0.005;0.001;0.001;0.0;0.0;0.001;;0.0;0.002;0.11502993044977179;0.30492882728070553;0.04215368344444709;0.04215368344444709;0.04215368344444709;0.1;3;0;0;0;
ARM;0.981;0.0;0.0;0.0;0.0;0.0;0.0;0.0;0.0;0.0;;0.0;0.019;0.0;0.0;0.0;0.0;0.0;0.1;3;0;0;0;
ATG;0.02;0.725;0.132;0.0;0.0;0.10200000000000001;0.0;0.0;0.0;0.011;;0.0;0.01;;;;;;0.1;3;0;0;0;
AUS;0.0;0.0;0.0;0.0;0.0;1.0;0.0;0.0;0.0;0.0;;0.0;0.0;;;;;;0.1;3;0;0;0;
AUT;0.985;0.0;0.0;0.0;0.0;0.0;0.0;0.0;0.0;0.0;;0.0;0.015;0.007942595114306741;0.9836484899069879;0.007942595114306741;0.007942595114306741;0.007942595114306741;0.1;3;0;0;0;
AZE;0.998;0.0;0.0;0.0;0.0;0.0;0.0;0.0;0.0;0.0;;0.0;0.002;0.04456848881621131;0.5438812907680587;0.041357731670705944;0.041357731670705944;0.041357731670705944;0.1;3;0;0;0;
BDI;0.032;0.275;0.017;0.0;0.001;0.484;0.183;0.0;0.001;0.005;;0.001;0.0;;;;;;0.1;3;0;0;0;
BEL;0.0;0.0;0.0;0.0;0.0;1.0;0.0;0.0;0.0;0.0;;0.0;0.0;;;;;;0.1;3;0;0;0;
BEN;0.0;0.0;0.0;0.0;0.0;0.0;0.0;0.0;0.0;0.308;;0.0;0.692;0.03182842558098749;0.004530388706811158;0.0;0.0;0.0;0.1;3;0;0;0;
BFA;0.013;0.066;0.023;0.0;0.002;0.8019999999999999;0.024;0.0;0.001;0.067;;0.0;0.0;0.1186885421878399;0.0024939456970879182;0.0;0.0;0.0;0.1;3;0;0;0;
BGD;0.0;0.0;0.0;0.0;0.0;0.305;0.0;0.0;0.063;0.004;;0.0;0.0;0.20380245620671592;0.08374833372445847;0.0;0.0;0.0;0.1;3;0;0;0;Does not add up to 100%
BGR;0.96;0.0;0.0;0.0;0.0;0.0;0.0;0.0;0.0;0.0;;0.0;0.04;0.009880143083266705;0.7521524108667053;0.009731194881643075;0.009731194881643075;0.009731194881643075;0.1;3;0;0;0;
BHS;0.712;0.0;0.0;0.0;0.0;0.0;0.0;0.0;0.0;0.0;;0.0;0.288;;;;;;0.1;3;0;0;0;
BIH;0.833;0.153;0.0;0.005;0.0;0.006;0.001;0.0;0.0;0.0;;0.0;0.002;0.03909560010791088;0.5028183171675341;0.03909560010791088;0.03909560010791088;0.03909560010791088;0.1;3;0;0;0;
BLM;0.059;0.854;0.082;0.0;0.0;0.004;0.0;0.0;0.0;0.0;;0.0;0.0;;;;;;0.1;3;0;0;0;
BLR;0.99;0.0;0.0;0.0;0.0;0.0;0.0;0.0;0.0;0.0;;0.0;0.01;0.04083544038963602;0.7231840476713054;0.05095243285768784;0.05095243285768784;0.05095243285768784;0.1;3;0;0;0;
BLZ;0.0;0.0;0.0;0.0;0.0;0.94;0.0;0.0;0.0;0.0;;0.0;0.06;;;;;;0.1;3;0;0;0;
BMU;0.0;0.0;0.0;0.0;0.0;0.999;0.0;0.0;0.0;0.0;;0.0;0.001;;0.015;;;;0.1;3;0;0;0;
BOL;0.689;0.153;0.02;0.001;0.001;0.104;0.021;0.0;0.0;0.01;;0.002;0.0;;;;;;0.1;3;0;0;0;
BRA;0.75;0.0;0.0;0.014;0.0;0.22;0.01;0.0;0.0;0.001;;0.0;0.005;0.04913145799513302;0.438086103283567;0.02706799998247203;0.02706799998247203;0.02706799998247203;0.1;3;0;0;0;
BRN;0.0;0.0;0.0;0.0;0.0;0.0;0.0;0.0;0.0;0.0;;0.0;0.0;;;;;;0.1;3;0;0;0;
BTN;0.0;0.0;0.0;0.0;0.0;0.0;0.0;0.0;0.0;0.0;;0.0;0.0;0.2439350841941985;0.1656208939586502;0.0;0.0;0.0;0.1;3;0;0;0;
BWA;0.0;0.0;0.0;0.0;0.0;0.0;0.0;0.0;0.0;0.038;;0.0;0.962;;0.009296520220970762;;;;0.1;3;0;0;0;
CAF;0.004;0.007;0.009;0.003;0.0;0.3;0.51;0.0;0.031;0.061;;0.073;0.001;0.2336284776638741;0.0006307478821171531;0.0;0.0;0.0;0.1;3;0;0;0;
CAN;0.919;0.064;0.0;0.0;0.0;0.0;0.0;0.0;0.0;0.0;;0.0;0.0;0.0029387560844254717;0.7576214968443239;0.07959720987718256;0.07959720987718256;0.07959720987718256;0.1;3;0;0;0;
CHE;0.0;0.0;0.0;0.0;0.0;0.0;0.0;0.0;0.0;0.0;;0.0;0.0;0.0;0.9989989989989989;0.0;0.0;0.0;0.1;3;0;0;0;
CHL;0.971;0.017;0.003;0.0;0.0;0.006;0.0;0.0;0.0;0.003;;0.0;0.0;0.003788878702881959;0.9848444851884721;0.003788878702881959;0.003788878702881959;0.003788878702881959;0.1;3;0;0;0;
CHN;0.0;0.0;0.0;0.0;0.032;0.101;0.0;0.0;0.0;0.005;;0.0;0.003;0.02706859055504415;0.7687129872367943;0.05134249723152272;0.05134249723152272;0.05134249723152272;0.1;3;0;0;0;Does not add up to 100%
CIV;0.127;0.279;0.028;0.008;0.007;0.45;0.077;0.002;0.001;0.018;;0.001;0.001;0.1688981841240391;0.03179335118511545;0.0;0.0;0.0;0.1;3;0;0;0;
CMR;0.0;0.0;0.0;0.0;0.0;0.0;0.0;0.0;0.0;0.056;;0.0;0.944;;;;;;0.1;3;0;0;0;
COL;0.923;0.051;0.001;0.018;0.0;0.001;0.0;0.0;0.0;0.007;;0.0;0.0;0.01984052312895419;0.14525396330303442;0.003205806087252846;0.003205806087252846;0.003205806087252846;0.1;3;0;0;0;
COM;0.074;0.079;0.039;0.004;0.002;0.322;0.431;0.0;0.031;0.004;;0.014;0.0;;;;;;0.1;3;0;0;0;
CPV;0.2125;0.2255;0.0135;0.0;0.0;0.001;0.0;0.0;0.0;0.075;;0.0;0.4725;;;;;;0.1;3;0;0;0;
CRI;0.313;0.66;0.018;0.0;0.0;0.006;0.0;0.0;0.0;0.002;;0.0;0.001;0.18403442485781552;0.047060231651917445;0.0;0.0;0.0;0.1;3;0;0;0;
CUB;0.0;0.0;0.0;0.0;0.0;0.998;0.0;0.0;0.0;0.0;;0.0;0.002;0.1369964802850919;0.189306496385828;0.04426091702563336;0.04426091702563336;0.04426091702563336;0.1;3;0;0;0;
CYM;0.156;0.646;0.136;0.0;0.0;0.001;0.0;0.0;0.0;0.0;;0.0;0.062;;0.1270130395984389;;;;0.1;3;0;0;0;
CYP;0.73;0.27;0.0;0.0;0.0;0.0;0.0;0.0;0.0;0.0;;0.0;0.0;0.08625699584677873;0.6891642857142858;0.08625699584677873;0.08625699584677873;0.08625699584677873;0.1;3;0;0;0;
CZE;0.996;0.0;0.0;0.0;0.0;0.0;0.0;0.0;0.0;0.0;;0.0;0.004;;;;;;0.1;3;0;0;0;
DEU;0.999;0.001;0.0;0.0;0.0;0.0;0.0;0.0;0.0;0.0;;0.0;0.001;0.0007447023208879849;0.9832362926110573;0.0007396461579320821;0.0007396461579320821;0.0007396461579320821;0.1;3;0;0;0;
DJI;0.066;0.145;0.015;0.012;0.0;0.46499999999999997;0.27;0.0;0.0;0.016;;0.0;0.011;0.4176687901378303;0.02984680142408869;0.0;0.0;0.0;0.1;3;0;0;0;
DNK;0.991;0.0;0.0;0.0;0.0;0.0;0.0;0.0;0.0;0.0;;0.0;0.009;;;;;;0.1;3;0;0;0;
DOM;0.242;0.654;0.0;0.004;0.038;0.047;0.007;0.0;0.0;0.01;;0.0;0.0;0.3128606560989866;0.1098562994517393;0.0;0.0;0.0;0.1;3;0;0;0;
DZA;0.974;0.016;0.0;0.007;0.007;0.002;0.0;0.0;0.0;0.0;;0.0;0.0;0.0034572641340423938;0.641579194288115;0.000699081733327845;0.000699081733327845;0.000699081733327845;0.1;3;0;0;0;
ECU;0.818;0.158;0.015;0.0;0.0;0.0;0.0;0.0;0.0;0.008;;0.0;0.001;0.08160497038397513;0.2238961568607478;0.003893105643815622;0.003893105643815622;0.003893105643815622;0.1;3;0;0;0;
EGY;0.9035;0.026;0.0;0.001;0.0545;0.0;0.0;0.0;0.0;0.001;;0.0;0.0145;0.001861071716608649;0.7231634013120118;0.001359279291751604;0.001359279291751604;0.001359279291751604;0.1;3;0;0;0;
ERI;0.101;0.117;0.021;0.0;0.0;0.10300000000000001;0.0;0.0;0.0;0.342;;0.0;0.316;;;;;;0.1;3;0;0;0;
ESP;0.999;0.0;0.0;0.0;0.0;0.0;0.0;0.0;0.0;0.0;;0.0;0.001;;;;;;0.1;3;0;0;0;
EST;0.966;0.028;0.0;0.0;0.0;0.0;0.0;0.0;0.0;0.0;;0.0;0.0;0.003017529052012842;0.9712727340657449;0.003017529052012842;0.003017529052012842;0.003017529052012842;0.1;3;0;0;0;
ETH;0.0;0.0;0.0;0.0;0.0;0.0;0.0;0.0;0.0;0.198;;0.0;0.802;0.16915852245301072;0.005277467786293493;0.0;0.0;0.0;0.1;3;0;0;0;
FIN;0.0;0.0;0.0;0.0;0.0;0.0;0.0;0.0;0.0;0.0;;0.0;0.0;;;;;;0.1;3;0;0;0;
FLK;1.0;0.0;0.0;0.0;0.0;0.0;0.0;0.0;0.0;0.0;;0.0;0.0;;;;;;0.1;3;0;0;0;
FRA;0.996;0.0;0.0;0.0;0.0;0.0;0.0;0.0;0.0;0.0;;0.0;0.004;;;;;;0.1;3;0;0;0;
GAB;0.0;0.0;0.0;0.0;0.0;0.0;0.0;0.0;0.0;0.028;;0.0;0.972;;;;;;0.1;3;0;0;0;
GBR;0.996;0.0;0.0;0.0;0.0;0.0;0.0;0.0;0.0;0.0;;0.0;0.004;0.00040299022066206;0.9887520060180541;0.00040299022066206;0.00040299022066206;0.00040299022066206;0.1;3;0;0;0;
GEO;0.91;0.0;0.0;0.024;0.0;0.066;0.0;0.0;0.0;0.0;;0.0;0.0;0.0;0.1414170588633716;0.0;0.0;0.0;0.1;3;0;0;0;
GHA;0.0145;0.1865;0.023;0.0015;0.001;0.2095;0.033;0.0;0.0;0.1185;;0.002;0.4105;0.132423622980222;0.008033754039767802;0.0;0.0;0.0;0.1;3;0;0;0;
GIB;1.0;0.0;0.0;0.0;0.0;0.0;0.0;0.0;0.0;0.0;;0.0;0.0;;;;;;0.1;3;0;0;0;
GIN;0.01;0.234;0.059;0.004;0.002;0.649;0.04;0.0;0.0;0.002;;0.0;0.0;;;;;;0.1;3;0;0;0;
GLP;0.0;0.0;0.0;0.0;0.0;0.0;0.0;0.0;0.0;0.0;;0.0;0.0;;;;;;0.1;3;0;0;0;
GMB;0.0;0.0;0.0;0.0;0.0;0.0;0.0;0.0;0.0;0.003;;0.0;0.997;0.3029439118033574;0.00733285653245466;0.0;0.0;0.0;0.1;3;0;0;0;
GNB;0.028;0.315;0.097;0.003;0.004;0.5449999999999999;0.0;0.0;0.001;0.005;;0.002;0.0;0.206746106516772;0.005928894755142613;0.0;0.0;0.0;0.1;3;0;0;0;
GRC;0.903;0.097;0.0;0.0;0.0;0.0;0.0;0.0;0.0;0.0;;0.0;0.0;0.009294564964761512;0.9549197251271253;0.009294564964761512;0.009294564964761512;0.009294564964761512;0.1;3;0;0;0;
GRD;0.507;0.376;0.0;0.0;0.0;0.092;0.0;0.0;0.0;0.017;;0.0;0.008;;;;;;0.1;3;0;0;0;
GTM;0.771;0.078;0.063;0.0;0.0;0.082;0.0;0.0;0.0;0.006;;0.0;0.0;;;;;;0.1;3;0;0;0;
GUF;0.0;0.0;0.0;0.0;0.0;0.0;0.0;0.0;0.0;0.0;;0.0;0.0;;;;;;0.1;3;0;0;0;
GUY;0.075;0.751;0.016;0.004;0.001;0.136;0.009;0.001;0.001;0.003;;0.0;0.001;0.3074797267250796;0.03363829018011426;0.0;0.0;0.0;0.1;3;0;0;0;
HKG;0.938;0.0;0.0;0.0;0.0;0.0;0.0;0.0;0.0;0.0;;0.0;0.0;0.01521578520151323;0.9346101694915254;0.01521578520151323;0.01521578520151323;0.01521578520151323;0.1;3;0;0;0;
HND;0.622;0.224;0.074;0.016;0.003;0.036;0.0;0.0;0.0;0.019;;0.0;0.007;0.171685959183388;0.2319721144320373;0.000950799790786837;0.000950799790786837;0.000950799790786837;0.1;3;0;0;0;
HRV;0.991;0.0;0.0;0.0;0.0;0.0;0.0;0.0;0.0;0.0;;0.0;0.009;;;;;;0.1;3;0;0;0;
HTI;0.0;0.0;0.0;0.0;0.0;0.738;0.049;0.0;0.0;0.108;;0.0;0.0;;;;;;0.1;3;0;0;0;Does not add up to 100%
HUN;0.0;0.0;0.0;0.0;0.0;0.0;0.0;0.0;0.0;0.0;;0.0;0.0;0.02035603408994569;0.864762443106687;0.02035603408994569;0.02035603408994569;0.02035603408994569;0.1;3;0;0;0;
IDN;0.0;0.814;0.0;0.0;0.0;0.086;0.0;0.0;0.0;0.049;;0.0;0.0;;;;;;0.1;3;0;0;0;
IND;0.253;0.533;0.072;0.014;0.003;0.043;0.005;0.0;0.0;0.061;;0.011;0.005;0.2825454793113569;0.125791293878839;0.01904144487928861;0.01904144487928861;0.01904144487928861;0.1;3;0;0;0;
IRL;0.917;0.021;0.0;0.0;0.0;0.006;0.0;0.0;0.0;0.0;;0.0;0.056;0.008727371471159422;0.8310126362894611;0.008727371471159422;0.008727371471159422;0.008727371471159422;0.1;3;0;0;0;
IRN;0.39;0.005;0.0;0.0;0.0;0.594;0.0;0.0;0.0;0.004;;0.0;0.007;0.2266428175824182;0.3086895848615376;0.2266428175824182;0.2266428175824182;0.2266428175824182;0.1;3;0;0;0;
IRQ;0.212;0.0;0.0;0.0;0.0;0.784;0.0;0.0;0.0;0.001;;0.0;0.003;0.19670348303811871;0.35008334028209165;0.0;0.0;0.0;0.1;3;0;0;0;
ISL;0.0;0.0;0.0;0.0;0.0;0.0;0.0;0.0;0.0;0.0;;0.0;0.0;;;;;;0.1;3;0;0;0;
ISR;0.0;0.0;0.0;0.0;0.0;1.0;0.0;0.0;0.0;0.0;;0.0;0.0;0.00125;0.9619767763641373;0.001215818978588676;0.001215818978588676;0.001215818978588676;0.1;3;0;0;0;
ITA;0.993;0.007;0.0;0.0;0.0;0.0;0.0;0.0;0.0;0.0;;0.0;0.007;0.005004447609051927;0.7842181343688555;0.004870999145198496;0.004870999145198496;0.004870999145198496;0.1;3;0;0;0;
JAM;0.284;0.514;0.068;0.0;0.0;0.122;0.0;0.0;0.0;0.001;;0.0;0.011;;0.12089759952134439;;;;0.1;3;0;0;0;
JOR;0.0;0.0;0.0;0.0;0.0;0.0;0.0;0.0;0.0;0.0;;0.0;0.0;0.07199151850507661;0.7000728191112912;0.07199151850507661;0.07199151850507661;0.07199151850507661;0.1;3;0;0;0;
JPN;0.0;0.0;0.0;0.0;0.0;0.0;0.0;0.0;0.0;0.0;;0.0;0.0;;;;;;0.1;3;0;0;0;
KAZ;0.682;0.091;0.003;0.0;0.0;0.222;0.0;0.0;0.0;0.0;;0.0;0.001;0.1546608649307208;0.5496431809368854;0.1382926196899594;0.1382926196899594;0.1382926196899594;0.1;3;0;0;0;
KEN;0.2155;0.14900000000000002;0.0545;0.023;0.008;0.372;0.14950000000000002;0.005;0.0;0.010499999999999999;;0.0125;0.0005;0.2293106521882912;0.05002701893429963;0.0;0.0;0.0;0.1;3;0;0;0;
KGZ;0.477;0.023;0.061;0.0;0.001;0.438;0.0;0.0;0.0;0.0;;0.0;0.0;0.46268538866637887;0.39987756718016293;0.0;0.0;0.0;0.1;3;0;0;0;
KHM;0.359;0.591;0.0;0.008;0.0;0.0;0.0;0.0;0.003;0.04;;0.0;0.0;0.2360855180200375;0.21093754556741331;0.0;0.0;0.0;0.1;3;0;0;0;
KIR;0.064;0.538;0.036;0.015;0.0;0.008;0.004;0.0;0.0;0.257;;0.0;0.002;0.2144192075493426;0.03153723609478983;0.0;0.0;0.0;0.1;3;0;0;0;
KOR;0.901;0.0;0.0;0.0;0.0;0.0;0.0;0.0;0.0;0.0;;0.0;0.0;;;;;;0.1;3;0;0;0;
KWT;0.0;0.0;0.0;0.0;0.0;0.0;0.0;0.0;0.0;0.0;;0.0;0.0;0.0;0.9999863092389457;0.0;0.0;0.0;0.1;3;0;0;0;
LBN;1.0;0.0;0.0;0.0;0.0;0.0;0.0;0.0;0.0;0.0;;0.0;0.0;;;;;;0.1;3;0;0;0;
LBR;0.007;0.2175;0.0515;0.0075;0.001;0.055;0.047;0.003;0.03;0.106;;0.0015;0.4735;;;;;;0.1;3;0;0;0;
LBY;0.542;0.068;0.0;0.0;0.358;0.0;0.0;0.0;0.0;0.0;;0.0;0.032;;;;;;0.1;3;0;0;0;
LCA;0.11;0.738;0.0;0.0;0.002;0.084;0.0;0.011;0.0;0.052;;0.0;0.003;;;;;;0.1;3;0;0;0;
LKA;0.0;0.0;0.0;0.0;0.0;0.947;0.0;0.0;0.0;0.0;;0.0;0.052;;;;;;0.1;3;0;0;0;
LSO;0.0;0.0;0.0;0.0;0.0;0.0;0.0;0.0;0.0;0.066;;0.0;0.934;0.38550727462820567;0.008923154293339605;0.0;0.0;0.0;0.1;3;0;0;0;
LTU;0.973;0.0;0.0;0.0;0.0;0.0;0.0;0.0;0.0;0.0;;0.0;0.027;0.0;0.9750754504191579;0.0;0.0;0.0;0.1;3;0;0;0;
LUX;1.0;0.0;0.0;0.0;0.0;0.0;0.0;0.0;0.0;0.0;;0.0;0.0;1.8699232851999e-05;0.9644294544994235;1.8552811641824e-05;1.8552811641824e-05;1.8552811641824e-05;0.1;3;0;0;0;
LVA;0.969;0.0;0.0;0.0;0.0;0.0;0.0;0.0;0.0;0.0;;0.0;0.031;;;;;;0.1;3;0;0;0;
MAC;0.929;0.0;0.0;0.0;0.0;0.0;0.0;0.0;0.0;0.007;;0.0;0.064;0.0;0.6812210975427252;0.0;0.0;0.0;0.1;3;0;0;0;
MAF;0.595;0.4;0.003;0.0;0.0;0.002;0.0;0.0;0.0;0.0;;0.0;0.0;;;;;;0.1;3;0;0;0;
MAR;0.4475;0.0155;0.0;0.0;0.0;0.0355;0.0;0.0;0.0;0.0015;;0.0;0.5;0.01220095665109576;0.32687975024578747;0.005195936628079343;0.005195936628079343;0.005195936628079343;0.1;3;0;0;0;
MCO;0.0;0.0;0.0;0.0;0.0;1.0;0.0;0.0;0.0;0.0;;0.0;0.0;0.0;1.0;0.0;0.0;0.0;0.1;3;0;0;0;
MDA;0.786;0.178;0.0;0.0;0.0;0.0;0.0;0.0;0.0;0.0;;0.0;0.036;0.08621249720741618;0.6765161300244397;0.08364152692398155;0.08364152692398155;0.08364152692398155;0.1;3;0;0;0;
MDG;0.026;0.201;0.018;0.003;0.003;0.315;0.282;0.01;0.004;0.132;;0.001;0.004;0.1583954278530916;0.004813292607600985;0.0;0.0;0.0;0.1;3;0;0;0;
MDV;0.5;0.0;0.0;0.0;0.0;0.0;0.0;0.0;0.0;0.0;;0.0;0.0;;;;;;0.1;3;0;0;0;Does not add up to 100%
MEX;0.909;0.076;0.0;0.007;0.0;0.004;0.0;0.0;0.0;0.002;;0.0;0.002;0.019479477060078562;0.617371104477226;0.01400990315464542;0.01400990315464542;0.01400990315464542;0.1;3;0;0;0;
MHL;0.753;0.151;0.003;0.0;0.001;0.002;0.0;0.031;0.0;0.059;;0.0;0.0;;;;;;0.1;3;0;0;0;
MKD;0.988;0.007;0.0;0.0;0.0;0.003;0.0;0.0;0.0;0.0;;0.0;0.002;0.0;0.08187056176251618;0.0;0.0;0.0;0.1;3;0;0;0;
MLI;0.0;0.0;0.0;0.0;0.0;0.0;0.0;0.0;0.0;0.06;;0.0;0.94;0.06195085035759051;0.01307942167965026;0.0;0.0;0.0;0.1;3;0;0;0;
MLT;0.0;0.0;0.0;0.0;0.0;0.0;0.0;0.0;0.0;0.0;;0.0;0.0;;;;;;0.1;3;0;0;0;
MMR;0.0;0.0;0.871;0.0;0.052;0.038;0.0;0.01;0.0;0.026;;0.0;0.003;0.5180681496444653;0.00881062922263969;0.0;0.0;0.0;0.1;3;0;0;0;
MNE;0.597;0.378;0.005;0.004;0.004;0.007;0.0;0.0;0.0;0.0;;0.0;0.004;0.1506355570598328;0.447393527028354;0.04298246819917726;0.04298246819917726;0.04298246819917726;0.1;3;0;0;0;
MNG;0.408;0.006;0.002;0.0;0.001;0.5650000000000001;0.008;0.0;0.0;0.002;;0.003;0.004;0.42800709002447057;0.2749763878418028;0.0;0.0;0.0;0.1;3;0;0;0;
MNP;0.0;0.0;0.0;0.0;0.0;0.0;0.0;0.0;0.0;0.0;;0.0;0.0;;;;;;0.1;3;0;0;0;
MOZ;0.0;0.0;0.0;0.0;0.273;0.6080000000000001;0.0;0.0;0.0;0.119;;0.0;0.0;;;;;;0.1;3;0;0;0;
MRT;0.053;0.0;0.288;0.0;0.021;0.403;0.116;0.0;0.0;0.11;;0.0;0.008;;;;;;0.1;3;0;0;0;
MTQ;0.0;0.0;0.0;0.0;0.0;0.0;0.0;0.0;0.0;0.0;;0.0;0.0;;;;;;0.1;3;0;0;0;
MUS;0.0;0.0;0.0;0.0;0.0;0.0;0.0;0.0;0.0;0.003;;0.0;0.997;;0.3399220897589394;;;;0.1;3;0;0;0;
MWI;0.0105;0.1005;0.005;0.001;0.0;0.672;0.1875;0.0;0.0005;0.0155;;0.005;0.0005;0.3954445823220771;0.01617291767849881;0.0;0.0;0.0;0.1;3;0;0;0;
MYS;0.0;0.0;0.0;0.0;0.999;0.0;0.0;0.0;0.0;0.0;;0.0;0.001;;;;;;0.1;3;0;0;0;
NAM;0.0;0.0;0.0;0.0;0.0;0.0;0.0;0.0;0.0;0.146;;0.0;0.854;;;;;;0.1;3;0;0;0;
NER;0.0;0.0;0.0;0.0;0.0;0.0;0.0;0.0;0.0;0.098;;0.0;0.902;0.19329359981458988;0.01277694355135674;0.0;0.0;0.0;0.1;3;0;0;0;
NGA;0.09033333333333333;0.375;0.12333333333333334;0.007;0.004333333333333333;0.24033333333333332;0.07766666666666666;0.0023333333333333335;0.006666666666666667;0.05933333333333333;;0.009333333333333332;0.004;0.3258574975263667;0.040088303766428045;0.0;0.0;0.0;0.1;3;0;0;0;
NIC;0.353;0.106;0.0;0.002;0.0;0.525;0.0;0.0;0.0;0.014;;0.0;0.0;;;;;;0.1;3;0;0;0;
NLD;0.0;0.0;0.0;0.0;0.0;0.0;0.0;0.0;0.0;0.0;;0.0;0.0;0.0;0.975;0.0;0.0;0.0;0.1;3;0;0;0;
NOR;0.0;0.0;0.0;0.0;0.0;0.0;0.0;0.0;0.0;0.0;;0.0;0.0;;;;;;0.1;3;0;0;0;
NPL;0.144;0.55;0.204;0.006;0.002;0.033;0.001;0.0;0.0;0.042;;0.014;0.003;0.3809446689048553;0.06474847894936421;0.0;0.0;0.0;0.1;3;0;0;0;
NZL;0.0;0.0;0.0;0.0;0.0;1.0;0.0;0.0;0.0;0.0;;0.0;0.0;;;;;;0.1;3;0;0;0;
OMN;0.896;0.067;0.0;0.0;0.0;0.012;0.0;0.0;0.0;0.022;;0.0;0.003;;0.24331793712404;;;;0.1;3;0;0;0;
PAK;0.611;0.138;0.047;0.171;0.0;0.015;0.0;0.0;0.002;0.01;;0.0;0.003;0.13961569031339902;;;;;0.1;3;0;0;0;
PAN;0.0;0.0;0.0;0.0;0.0;0.145;0.0;0.0;0.0;0.004;;0.0;0.0;0.1282896509767617;0.2922910176634741;0.07921581061350585;0.07921581061350585;0.07921581061350585;0.1;3;0;0;0;Does not add up to 100%
PER;0.8566666666666666;0.02033333333333333;0.0;0.006999999999999999;0.0;0.04633333333333334;0.037;0.0;0.0;0.011999999999999999;;0.0;0.020333333333333335;0.021588195055689693;0.5767152604972706;0.01796494447820639;0.01796494447820639;0.01796494447820639;0.1;3;0;0;0;
PHL;0.118;0.782;0.056;0.01;0.002;0.009000000000000001;0.001;0.001;0.002;0.016;;0.001;0.002;0.5179399421093369;0.043894597478503924;0.0;0.0;0.0;0.1;3;0;0;0;
PLW;0.887;0.0;0.0;0.0;0.087;0.023;0.0;0.0;0.0;0.0;;0.0;0.003;;;;;;0.1;3;0;0;0;
PNG;0.456;0.098;0.002;0.0;0.0;0.34500000000000003;0.097;0.0;0.0;0.002;;0.0;0.0;0.074462587331989;0.166943679111261;0.041996899255241804;0.041996899255241804;0.041996899255241804;0.1;3;0;0;0;
POL;0.905;0.0;0.0;0.0;0.0;0.0;0.0;0.0;0.0;0.0;;0.0;0.095;;;;;;0.1;3;0;0;0;
PRT;0.929;0.071;0.0;0.0;0.0;0.0;0.0;0.0;0.0;0.0;;0.0;0.0;0.02860940397897133;0.9259437155308455;0.004307783865284411;0.004307783865284411;0.004307783865284411;0.1;3;0;0;0;
PRY;0.122;0.61;0.226;0.009;0.0;0.028000000000000004;0.0;0.0;0.0;0.004;;0.0;0.0;0.4700865369211266;0.05944432217223038;0.0;0.0;0.0;0.1;3;0;0;0;
PSE;0.602;0.122;0.275;0.0;0.0;0.0;0.0;0.0;0.0;0.001;;0.0;0.0;0.20086053007801902;0.4754887682223843;0.07013847694591528;0.07013847694591528;0.07013847694591528;0.1;3;0;0;0;
REU;0.0;0.0;0.0;0.0;0.0;0.0;0.0;0.0;0.0;0.0;;0.0;0.0;;;;;;0.1;3;0;0;0;
ROU;0.874;0.0;0.0;0.0;0.0;0.0;0.0;0.0;0.0;0.0;;0.0;0.126;;;;;;0.1;3;0;0;0;
RUS;0.905;0.0;0.0;0.0;0.0;0.0;0.0;0.0;0.0;0.0;;0.0;0.095;0.01792366527382167;0.6123522259344373;0.01210221812406349;0.01210221812406349;0.01210221812406349;0.1;3;0;0;0;
RWA;0.06;0.047;0.021;0.036;0.002;0.748;0.077;0.0;0.0;0.01;;0.001;0.0;;;;;;0.1;3;0;0;0;
SDN;0.0;0.0;0.0;0.0;0.0;0.0;0.0;0.0;0.0;0.077;;0.0;0.923;;;;;;0.1;3;0;0;0;
SEN;0.084;0.3145;0.0245;0.0005;0.0;0.0395;0.0245;0.0005;0.004;0.0115;;0.0035;0.493;0.08399428266203791;0.05519508177219416;0.0;0.0;0.0;0.1;3;0;0;0;
SGP;1.0;0.0;0.0;0.0;0.0;0.0;0.0;0.0;0.0;0.0;;0.0;0.0;0.0;1.0;0.0;0.0;0.0;0.1;3;0;0;0;
SLE;0.0;0.0;0.0;0.0;0.0;0.0;0.0;0.0;0.0;0.028;;0.0;0.972;0.2213651444920745;0.0038842852581918103;0.0;0.0;0.0;0.1;3;0;0;0;
SLV;0.553;0.235;0.0;0.0;0.0;0.185;0.0;0.0;0.0;0.002;;0.025;0.0;0.14390955036977882;0.0235627887747657;0.00647673865590005;0.00647673865590005;0.00647673865590005;0.1;3;0;0;0;
SOM;0.054;0.057;0.188;0.01;0.021;0.486;0.155;0.003;0.0;0.017;;0.0;0.009000000000000001;0.4142966833545669;0.03085542396322948;0.0;0.0;0.0;0.1;3;0;0;0;
SRB;0.868;0.123;0.0;0.002;0.0;0.005;0.0;0.0;0.0;0.001;;0.0;0.0;0.044111439412272906;0.1373632389008293;0.04235220541294289;0.04235220541294289;0.04235220541294289;0.1;3;0;0;0;
STP;0.184;0.082;0.006;0.025;0.001;0.253;0.015;0.002;0.0;0.427;;0.0;0.005;0.2746234404385748;0.07352267727432672;0.0;0.0;0.0;0.1;3;0;0;0;
SVK;0.998;0.0;0.0;0.0;0.0;0.0;0.0;0.0;0.0;0.0;;0.0;0.002;0.052163698103861546;0.781726794138147;0.050901594634853685;0.050901594634853685;0.050901594634853685;0.1;3;0;0;0;
SVN;0.0;0.0;0.0;0.0;0.0;0.999;0.0;0.0;0.0;0.0;;0.0;0.001;;;;;;0.1;3;0;0;0;
SWE;0.901;0.093;0.0;0.0;0.0;0.0;0.0;0.0;0.0;0.0;;0.0;0.006;0.0038317793585387733;0.8970917840254815;0.05951474934985725;0.05951474934985725;0.05951474934985725;0.1;3;0;0;0;
SWZ;0.0;0.0;0.0;0.0;0.0;0.0;0.0;0.0;0.0;0.016;;0.0;0.984;;0.1422210589630226;;;;0.1;3;0;0;0;
SXM;0.1;0.425;0.0;0.0;0.462;0.0;0.0;0.0;0.0;0.002;;0.0;0.011;;;;;;0.1;3;0;0;0;
SYR;0.993;0.007;0.0;0.0;0.0;0.0;0.0;0.0;0.0;0.0;;0.0;0.0;;;;;;0.1;3;0;0;0;
TCA;0.0;0.91;0.026;0.0;0.034;0.018000000000000002;0.003;0.009;0.0;0.0;;0.0;0.0;0.33324490774919097;0.0;0.0;0.0;0.0;0.1;3;0;0;0;
TCD;0.017;0.027;0.017;0.001;0.0;0.331;0.396;0.003;0.059;0.138;;0.01;0.001;0.3146735753935921;0.005538710317587581;0.0;0.0;0.0;0.1;3;0;0;0;
TGO;0.0;0.0;0.0;0.0;0.0;0.0;0.0;0.0;0.0;0.151;;0.0;0.849;0.07065100313958159;0.000629250754682613;0.0;0.0;0.0;0.1;3;0;0;0;
THA;0.0;0.0;0.0;0.0;0.412;0.587;0.0;0.0;0.0;0.001;;0.0;0.0;0.2013381527055415;0.09820617879943372;0.0;0.0;0.0;0.1;3;0;0;0;
TKM;0.521;0.038;0.04;0.005;0.0;0.39599999999999996;0.0;0.0;0.0;0.0;;0.0;0.0;;;;;;0.1;3;0;0;0;
TLS;0.0;0.432;0.0;0.0;0.076;0.355;0.086;0.0;0.0;0.044;;0.0;0.007;;;;;;0.1;3;0;0;0;
TTO;0.318;0.611;0.0;0.001;0.007;0.047999999999999994;0.012;0.0;0.0;0.001;;0.0;0.002;;;;;;0.1;3;0;0;0;
TUN;0.0;0.0;0.0;0.0;0.0;0.0;0.0;0.0;0.0;0.002;;0.0;0.998;0.07581693870734718;0.8012972078019617;0.011449972964834082;0.011449972964834082;0.011449972964834082;0.1;3;0;0;0;
TUR;0.97;0.0;0.0;0.0;0.0;0.025;0.002;0.0;0.0;0.001;;0.0;0.001;0.011309243397573282;0.7587336398415989;0.009583233551151043;0.009583233551151043;0.009583233551151043;0.1;3;0;0;0;
TUV;0.002;0.924;0.02;0.005;0.0;0.0;0.002;0.017;0.0;0.017;;0.013;0.0;0.3469526211223098;0.0;0.0;0.0;0.0;0.1;3;0;0;0;
TZA;0.0;0.0;0.0;0.0;0.0;0.0;0.0;0.0;0.0;0.002;;0.0;0.998;0.3384206913452521;0.00508098201478614;0.0;0.0;0.0;0.1;3;0;0;0;
UGA;0.036;0.066;0.011;0.006;0.003;0.548;0.288;0.0;0.03;0.007;;0.003;0.0;0.21805399226363067;0.005607422817670986;0.0;0.0;0.0;0.1;3;0;0;0;
UKR;0.953;0.0;0.0;0.0;0.0;0.0;0.0;0.0;0.0;0.0;;0.0;0.047;0.134108967730771;0.46701536078528144;0.08799811077705806;0.08799811077705806;0.08799811077705806;0.1;3;0;0;0;
URY;0.645;0.316;0.0;0.001;0.0;0.031;0.0;0.0;0.0;0.003;;0.0;0.005;;;;;;0.1;3;0;0;0;
USA;0.953;0.045;0.0;0.0;0.0;0.0;0.0;0.0;0.0;0.0;;0.0;0.001;0.022016536367109093;0.9283299182723368;0.02172613462547458;0.02172613462547458;0.02172613462547458;0.1;3;0;0;0;
UZB;0.329;0.004;0.071;0.014;0.002;0.55;0.029;0.0;0.0;0.0;;0.0;0.002;0.43170981650543216;0.20205793991747079;0.0;0.0;0.0;0.1;3;0;0;0;
VCT;0.034;0.769;0.0;0.0;0.0;0.17300000000000001;0.0;0.0;0.0;0.016;;0.0;0.008;;;;;;0.1;3;0;0;0;
VEN;0.776;0.179;0.0;0.0;0.008;0.009;0.0;0.0;0.0;0.027;;0.0;0.0;;;;;;0.1;3;0;0;0;
VNM;0.074;0.863;0.035;0.003;0.002;0.002;0.001;0.001;0.01;0.004;;0.001;0.003;0.3816559817407464;0.02667236922644324;0.0;0.0;0.0;0.1;3;0;0;0;
VUT;0.0;0.718;0.114;0.0;0.008;0.12;0.035;0.0;0.0;0.0;;0.005;0.0;0.0838795352579672;0.0;0.21452606902808133;0.21452606902808133;0.21452606902808133;0.1;3;0;0;0;
WSM;0.0;0.956;0.0;0.0;0.034;0.005;0.005;0.0;0.0;0.0;;0.0;0.0;0.3673729758545292;0.0;0.0;0.0;0.0;0.1;3;0;0;0;
YEM;0.0;0.0;0.0;0.0;0.0;0.729;0.0;0.0;0.0;0.016;;0.0;0.255;0.0332972111541679;0.5434454662505802;0.02778479207543776;0.02778479207543776;0.02778479207543776;0.1;3;0;0;0;
ZAF;0.853;0.02;0.0;0.0;0.0;0.112;0.0;0.01;0.0;0.003;;0.0;0.002;0.02378316688634978;0.684513130834805;0.02295309495082349;0.02295309495082349;0.02295309495082349;0.1;3;0;0;0;
ZMB;0.172;0.144;0.039;0.007;0.005;0.43;0.192;0.0;0.0;0.01;;0.0;0.001;;;;;;0.1;3;0;0;0;
ZWE;0.0;0.0;0.0;0.0;0.0;0.0;0.0;0.0;0.0;0.009;;0.0;0.991;0.04847340805559787;0.294893300372857;0.004039044457537767;0.004039044457537767;0.004039044457537767;0.1;3;0;0;0;
