alpha3,bucketLatrine_urb,compostingToilet_urb,flushOpen_urb,flushPit_urb,flushSeptic_urb,flushSewer_urb,flushUnknown_urb,hangingToilet_urb,openDefecation_urb,other_urb,pitNoSlab_urb,pitSlab_urb,containerBased_urb,onsiteDumpedland_urb,emptyFrequency_urb,pitAdditive_urb,urine_urb,twinPits_urb,coverBury_urb,fecalSludgeTreated_urb,sewageTreated_urb,isWatertight_urb,hasLeach_urb,bucketLatrine_rur,compostingToilet_rur,flushOpen_rur,flushPit_rur,flushSeptic_rur,flushSewer_rur,flushUnknown_rur,hangingToilet_rur,openDefecation_rur,other_rur,pitNoSlab_rur,pitSlab_rur,containerBased_rur,onsiteDumpedland_rur,emptyFrequency_rur,pitAdditive_rur,urine_rur,twinPits_rur,coverBury_rur,fecalSludgeTreated_rur,sewageTreated_rur,isWatertight_rur,hasLeach_rur
ABW,0.000,0.000,0.000,0.000,0.000,0.000,0.000,0.000,0.007,0.002,0.000,0.991,,0.100,3,0,0,0,0.000,0.000,,0.000,0.000,0.000,0.000,0.000,0.000,0.000,0.000,0.000,0.000,0.007,0.002,0.000,0.991,,0.100,3,0,0,0,0.000,0.000,,0.000,0.000
AFG,0.000,0.000,0.010,0.023,0.226,0.100,0.000,0.000,0.002,0.001,0.152,0.486,,0.100,3,0,0,0,0.000,0.000,,0.000,0.000,0.000,0.000,0.003,0.007,0.019,0.017,0.000,0.000,0.149,0.006,0.222,0.577,,0.100,3,0,0,0,0.000,0.000,,0.000,0.000
AGO,0.004,0.000,0.040,0.000,0.756,0.117,0.000,0.000,0.078,0.005,0.000,0.000,,0.100,3,0,0,0,0.000,0.000,,0.000,0.000,0.002,0.000,0.076,0.000,0.271,0.023,0.000,0.000,0.627,0.001,0.000,0.000,,0.100,3,0,0,0,0.000,0.000,,0.000,0.000
AIA,0.000,0.000,0.000,0.000,0.940,0.012,0.000,0.000,0.000,0.014,0.000,0.034,,0.100,3,0,0,0,0.000,0.000,,0.000,0.000,0.000,0.000,0.000,0.000,0.940,0.012,0.000,0.000,0.000,0.014,0.000,0.034,,0.100,3,0,0,0,0.000,0.000,,0.000,0.000
ALB,0.000,0.002,0.009,0.056,0.014,0.912,0.005,0.000,0.000,0.000,0.001,0.001,,0.100,3,0,0,0,0.064,0.038,0.395,0.038,0.038,0.000,0.005,0.038,0.361,0.097,0.478,0.009,0.000,0.000,0.002,0.007,0.003,,0.100,3,0,0,0,0.172,0.102,0.104,0.102,0.102
AND,0.000,0.000,0.000,0.000,0.000,1.000,0.000,0.000,0.000,0.000,0.000,0.000,,0.100,3,0,0,0,0.000,0.000,1.000,0.000,0.000,0.000,0.000,0.000,0.000,0.000,1.000,0.000,0.000,0.000,0.000,0.000,0.000,,0.100,3,0,0,0,0.000,0.000,1.000,0.000,0.000
ARE,0.000,0.000,0.002,0.002,0.010,0.944,0.038,0.000,0.000,0.000,0.000,0.004,,0.100,3,0,0,0,0.025,0.025,0.935,0.025,0.025,0.000,0.000,0.001,0.000,0.028,0.859,0.106,0.000,0.000,0.000,0.000,0.006,,0.100,3,0,0,0,0.063,0.063,0.859,0.063,0.063
ARG,0.000,0.000,0.001,0.256,0.081,0.652,0.005,0.000,0.001,0.002,0.001,0.001,,0.100,3,0,0,0,0.115,0.042,0.305,0.042,0.042,0.000,0.000,0.000,0.381,0.375,0.045,0.000,0.000,0.077,0.000,0.122,0.000,,0.100,3,0,0,0,0.000,0.000,,0.000,0.000
ARM,0.000,0.000,0.000,0.000,0.000,0.981,0.000,0.000,0.000,0.019,0.000,0.000,,0.100,3,0,0,0,0.000,0.000,0.000,0.000,0.000,0.000,0.000,0.000,0.000,0.000,0.286,0.000,0.000,0.000,0.714,0.000,0.000,,0.100,3,0,0,0,0.108,0.000,0.000,0.000,0.000
ASM,0.000,0.000,0.000,0.000,0.442,0.521,0.000,0.000,0.000,0.037,0.000,0.000,,0.100,3,0,0,0,0.000,0.000,,0.000,0.000,0.000,0.000,0.000,0.000,0.442,0.521,0.000,0.000,0.000,0.037,0.000,0.000,,0.100,3,0,0,0,0.000,0.000,,0.000,0.000
ATG,0.000,0.000,0.000,0.132,0.725,0.020,0.000,0.000,0.011,0.010,0.000,0.102,,0.100,3,0,0,0,0.000,0.000,,0.000,0.000,0.000,0.000,0.000,0.106,0.853,0.001,0.000,0.000,0.003,0.001,0.000,0.036,,0.100,3,0,0,0,0.000,0.000,,0.000,0.000
AUS,0.000,0.000,0.000,0.000,0.000,0.000,0.000,0.000,0.000,0.000,0.000,1.000,,0.100,3,0,0,0,0.000,0.000,,0.000,0.000,0.000,0.000,0.000,0.000,0.000,0.000,0.000,0.000,0.000,0.000,0.000,1.000,,0.100,3,0,0,0,0.000,0.000,,0.000,0.000
AUT,0.000,0.000,0.000,0.000,0.000,0.985,0.000,0.000,0.000,0.015,0.000,0.000,,0.100,3,0,0,0,0.008,0.008,0.984,0.008,0.008,0.000,0.000,0.000,0.000,0.000,0.997,0.000,0.000,0.000,0.003,0.000,0.000,,0.100,3,0,0,0,0.141,0.008,0.843,0.008,0.008
AZE,0.000,0.000,0.000,0.000,0.000,0.998,0.000,0.000,0.000,0.002,0.000,0.000,,0.100,3,0,0,0,0.045,0.041,0.544,0.041,0.041,0.000,0.000,0.000,0.000,0.000,0.967,0.000,0.000,0.000,0.033,0.000,0.000,,0.100,3,0,0,0,0.000,0.000,,0.000,0.000
BDI,0.000,0.001,0.000,0.017,0.275,0.032,0.001,0.001,0.005,0.000,0.183,0.484,,0.100,3,0,0,0,0.000,0.000,,0.000,0.000,0.000,0.002,0.000,0.000,0.004,0.000,0.000,0.001,0.024,0.000,0.486,0.483,,0.100,3,0,0,0,0.000,0.000,,0.000,0.000
BEL,0.000,0.000,0.000,0.000,0.000,0.000,0.000,0.000,0.000,0.000,0.000,1.000,,0.100,3,0,0,0,0.000,0.000,,0.000,0.000,0.000,0.000,0.000,0.000,0.000,0.000,0.000,0.000,0.000,0.000,0.000,1.000,,0.100,3,0,0,0,0.000,0.000,,0.000,0.000
BEN,0.000,0.000,0.000,0.000,0.000,0.000,0.000,0.000,0.308,0.692,0.000,0.000,,0.100,3,0,0,0,0.032,0.000,0.005,0.000,0.000,0.000,0.000,0.000,0.000,0.000,0.000,0.000,0.000,0.586,0.414,0.000,0.000,,0.100,3,0,0,0,0.017,0.000,0.001,0.000,0.000
BES,0.000,0.000,0.000,0.975,0.000,0.004,0.000,0.000,0.000,0.020,0.000,0.001,,0.100,3,0,0,0,0.000,0.000,,0.000,0.000,0.000,0.000,0.000,0.975,0.000,0.004,0.000,0.000,0.000,0.020,0.000,0.001,,0.100,3,0,0,0,0.000,0.000,,0.000,0.000
BFA,0.000,0.000,0.000,0.023,0.066,0.013,0.002,0.001,0.067,0.000,0.024,0.804,,0.100,3,0,0,0,0.119,0.000,0.002,0.000,0.000,0.000,0.004,0.001,0.001,0.000,0.001,0.000,0.004,0.499,0.000,0.094,0.396,,0.100,3,0,0,0,0.086,0.000,0.000,0.000,0.000
BGD,0.000,0.000,0.043,0.131,0.366,0.293,0.000,0.001,0.000,0.004,0.011,0.150,,0.100,3,0,0,0,0.204,0.000,0.084,0.000,0.000,0.000,0.000,0.017,0.204,0.229,0.008,0.000,0.007,0.001,0.013,0.044,0.477,,0.100,3,0,0,0,0.322,0.000,0.003,0.000,0.000
BGR,0.000,0.000,0.000,0.000,0.000,0.960,0.000,0.000,0.000,0.040,0.000,0.000,,0.100,3,0,0,0,0.010,0.010,0.752,0.010,0.010,0.000,0.000,0.000,0.000,0.000,0.576,0.000,0.000,0.000,0.424,0.000,0.000,,0.100,3,0,0,0,0.089,0.087,0.439,0.087,0.087
BHR,0.000,0.000,0.000,0.000,0.233,0.767,0.000,0.000,0.000,0.000,0.000,0.000,,0.100,3,0,0,0,0.000,0.000,,0.000,0.000,0.000,0.000,0.000,0.000,0.233,0.767,0.000,0.000,0.000,0.000,0.000,0.000,,0.100,3,0,0,0,0.000,0.000,,0.000,0.000
BHS,0.000,0.000,0.000,0.000,0.000,0.712,0.000,0.000,0.000,0.288,0.000,0.000,,0.100,3,0,0,0,0.000,0.000,,0.000,0.000,0.000,0.000,0.000,0.000,0.000,0.459,0.000,0.000,0.000,0.541,0.000,0.000,,0.100,3,0,0,0,0.000,0.000,,0.000,0.000
BIH,0.000,0.000,0.005,0.000,0.153,0.833,0.000,0.000,0.000,0.002,0.001,0.006,,0.100,3,0,0,0,0.039,0.039,0.503,0.039,0.039,0.000,0.000,0.054,0.003,0.580,0.299,0.002,0.000,0.000,0.001,0.018,0.043,,0.100,3,0,0,0,0.000,0.000,,0.000,0.000
BLM,0.000,0.000,0.000,0.082,0.855,0.059,0.000,0.000,0.000,0.000,0.000,0.004,,0.100,3,0,0,0,0.000,0.000,,0.000,0.000,0.000,0.000,0.000,0.082,0.855,0.059,0.000,0.000,0.000,0.000,0.000,0.004,,0.100,3,0,0,0,0.000,0.000,,0.000,0.000
BLR,0.000,0.000,0.000,0.000,0.000,0.990,0.000,0.000,0.000,0.010,0.000,0.000,,0.100,3,0,0,0,0.041,0.051,0.723,0.051,0.051,0.000,0.000,0.000,0.000,0.000,0.836,0.000,0.000,0.000,0.164,0.000,0.000,,0.100,3,0,0,0,0.271,0.000,0.215,0.000,0.000
BLZ,0.000,0.000,0.000,0.000,0.000,0.000,0.000,0.000,0.000,0.060,0.000,0.940,,0.100,3,0,0,0,0.000,0.000,,0.000,0.000,0.000,0.000,0.000,0.000,0.000,0.000,0.000,0.000,0.000,0.289,0.000,0.711,,0.100,3,0,0,0,0.000,0.000,,0.000,0.000
BMU,0.000,0.000,0.000,0.000,0.000,0.000,0.000,0.000,0.000,0.001,0.000,0.999,,0.100,3,0,0,0,0.000,0.000,0.015,0.000,0.000,0.000,0.000,0.000,0.000,0.000,0.000,0.000,0.000,0.000,0.001,0.000,0.999,,0.100,3,0,0,0,0.000,0.000,,0.000,0.000
BOL,0.000,0.002,0.001,0.020,0.153,0.688,0.001,0.000,0.010,0.000,0.021,0.104,,0.100,3,0,0,0,0.000,0.000,,0.000,0.000,0.000,0.032,0.000,0.025,0.066,0.087,0.000,0.000,0.305,0.000,0.213,0.272,,0.100,3,0,0,0,0.000,0.000,,0.000,0.000
BRA,0.000,0.000,0.014,0.000,0.000,0.750,0.000,0.000,0.001,0.005,0.010,0.220,,0.100,3,0,0,0,0.049,0.027,0.438,0.027,0.027,0.000,0.000,0.028,0.000,0.000,0.094,0.000,0.000,0.049,0.088,0.032,0.710,,0.100,3,0,0,0,0.069,0.038,0.048,0.038,0.038
BRB,0.000,0.000,0.000,0.766,0.117,0.070,0.011,0.000,0.002,0.001,0.000,0.033,,0.100,3,0,0,0,0.000,0.000,,0.000,0.000,0.000,0.000,0.000,0.847,0.064,0.008,0.003,0.000,0.005,0.005,0.000,0.068,,0.100,3,0,0,0,0.000,0.000,,0.000,0.000
BRN,0.000,0.000,0.000,0.000,0.952,0.000,0.000,0.000,0.031,0.000,0.000,0.017,,0.100,3,0,0,0,0.000,0.000,,0.000,0.000,0.000,0.000,0.000,0.000,0.956,0.000,0.000,0.000,0.009,0.000,0.000,0.035,,0.100,3,0,0,0,0.000,0.000,,0.000,0.000
BTN,0.007,0.001,0.003,0.076,0.434,0.410,0.002,0.005,0.003,0.000,0.027,0.032,,0.100,3,0,0,0,0.244,0.000,0.166,0.000,0.000,0.013,0.027,0.004,0.168,0.220,0.080,0.001,0.056,0.022,0.000,0.172,0.235,,0.100,3,0,0,0,0.552,0.000,0.027,0.000,0.000
CAF,0.000,0.073,0.003,0.009,0.007,0.004,0.000,0.031,0.061,0.001,0.511,0.300,,0.100,3,0,0,0,0.234,0.000,0.001,0.000,0.000,0.000,0.066,0.000,0.002,0.000,0.000,0.000,0.044,0.391,0.002,0.443,0.052,,0.100,3,0,0,0,0.057,0.000,0.000,0.000,0.000
CAN,0.000,0.000,0.000,0.000,0.065,0.935,0.000,0.000,0.000,0.000,0.000,0.000,,0.100,3,0,0,0,0.003,0.080,0.758,0.080,0.080,0.000,0.000,0.000,0.000,0.344,0.656,0.000,0.000,0.000,0.000,0.000,0.000,,0.100,3,0,0,0,0.017,0.278,0.540,0.278,0.278
CHE,0.000,0.000,0.000,0.000,0.000,1.000,0.000,0.000,0.000,0.000,0.000,0.000,,0.100,3,0,0,0,0.000,0.000,0.999,0.000,0.000,0.000,0.000,0.000,0.000,0.020,0.970,0.000,0.000,0.000,0.010,0.000,0.000,,0.100,3,0,0,0,0.008,0.008,0.980,0.008,0.008
CHL,0.000,0.000,0.000,0.003,0.017,0.971,0.000,0.000,0.003,0.000,0.000,0.006,,0.100,3,0,0,0,0.004,0.004,0.985,0.004,0.004,0.000,0.000,0.002,0.155,0.553,0.170,0.000,0.000,0.018,0.001,0.000,0.101,,0.100,3,0,0,0,0.032,0.032,0.201,0.032,0.032
CHN,0.004,0.007,0.000,0.001,0.033,0.791,0.000,0.000,0.001,0.007,0.078,0.078,,0.100,3,0,0,0,0.027,0.051,0.769,0.051,0.051,0.009,0.040,0.000,0.011,0.065,0.289,0.000,0.000,0.009,0.006,0.323,0.249,,0.100,3,0,0,0,0.071,0.000,0.297,0.000,0.000
CIV,0.002,0.001,0.008,0.028,0.279,0.127,0.007,0.001,0.018,0.001,0.077,0.450,,0.100,3,0,0,0,0.169,0.000,0.032,0.000,0.000,0.014,0.010,0.000,0.008,0.038,0.005,0.001,0.011,0.430,0.020,0.149,0.313,,0.100,3,0,0,0,0.138,0.000,0.003,0.000,0.000
CMR,0.000,0.000,0.000,0.000,0.000,0.000,0.000,0.000,0.056,0.944,0.000,0.000,,0.100,3,0,0,0,0.000,0.000,,0.000,0.000,0.000,0.000,0.000,0.000,0.000,0.000,0.000,0.000,0.062,0.938,0.000,0.000,,0.100,3,0,0,0,0.000,0.000,,0.000,0.000
COD,0.001,0.007,0.011,0.038,0.190,0.020,0.004,0.025,0.038,0.003,0.387,0.277,,0.100,3,0,0,0,0.150,0.000,0.001,0.000,0.000,0.000,0.000,0.000,0.000,0.000,0.000,0.000,0.000,0.166,0.826,0.000,0.007,,0.100,3,0,0,0,0.111,0.000,0.000,0.000,0.000
COG,0.005,0.026,0.002,0.028,0.237,0.000,0.001,0.003,0.017,0.001,0.209,0.470,,0.100,3,0,0,0,0.000,0.000,,0.000,0.000,0.001,0.002,0.000,0.001,0.005,0.000,0.000,0.018,0.234,0.004,0.589,0.146,,0.100,3,0,0,0,0.000,0.000,,0.000,0.000
COL,0.000,0.000,0.018,0.001,0.051,0.922,0.000,0.000,0.007,0.000,0.000,0.001,,0.100,3,0,0,0,0.020,0.003,0.145,0.003,0.003,0.000,0.000,0.050,0.032,0.620,0.137,0.000,0.000,0.143,0.000,0.000,0.018,,0.100,3,0,0,0,0.053,0.009,0.021,0.009,0.009
COM,0.000,0.014,0.004,0.039,0.079,0.074,0.002,0.031,0.004,0.000,0.431,0.322,,0.100,3,0,0,0,0.000,0.000,,0.000,0.000,0.001,0.015,0.005,0.010,0.031,0.035,0.006,0.054,0.006,0.000,0.619,0.219,,0.100,3,0,0,0,0.000,0.000,,0.000,0.000
CPV,0.000,0.000,0.000,0.000,0.000,0.000,0.000,0.000,0.058,0.942,0.000,0.000,,0.100,3,0,0,0,0.000,0.000,,0.000,0.000,0.000,0.000,0.000,0.000,0.000,0.000,0.000,0.000,0.167,0.833,0.000,0.000,,0.100,3,0,0,0,0.000,0.000,,0.000,0.000
CRI,0.000,0.000,0.000,0.018,0.660,0.313,0.000,0.000,0.002,0.001,0.000,0.006,,0.100,3,0,0,0,0.184,0.000,0.047,0.000,0.000,0.000,0.000,0.000,0.019,0.897,0.051,0.000,0.000,0.005,0.000,0.000,0.028,,0.100,3,0,0,0,0.347,0.000,0.009,0.000,0.000
CUB,0.000,0.000,0.000,0.000,0.000,0.000,0.000,0.000,0.000,0.002,0.000,0.998,,0.100,3,0,0,0,0.137,0.044,0.189,0.044,0.044,0.000,0.000,0.000,0.000,0.000,0.000,0.000,0.000,0.000,0.010,0.000,0.990,,0.100,3,0,0,0,0.484,0.000,0.076,0.000,0.000
CUW,0.000,0.000,0.000,0.000,0.802,0.186,0.000,0.000,0.004,0.008,0.000,0.000,,0.100,3,0,0,0,0.000,0.000,,0.000,0.000,0.000,0.000,0.000,0.000,0.802,0.186,0.000,0.000,0.004,0.008,0.000,0.000,,0.100,3,0,0,0,0.000,0.000,,0.000,0.000
CYM,0.000,0.000,0.000,0.136,0.645,0.156,0.000,0.000,0.000,0.062,0.000,0.001,,0.100,3,0,0,0,0.000,0.000,0.127,0.000,0.000,0.000,0.000,0.000,0.136,0.645,0.156,0.000,0.000,0.000,0.062,0.000,0.001,,0.100,3,0,0,0,0.000,0.000,,0.000,0.000
CYP,0.000,0.000,0.000,0.000,0.270,0.730,0.000,0.000,0.000,0.000,0.000,0.000,,0.100,3,0,0,0,0.086,0.086,0.689,0.086,0.086,0.000,0.000,0.000,0.000,0.829,0.169,0.000,0.000,0.000,0.002,0.000,0.000,,0.100,3,0,0,0,0.135,0.135,0.115,0.135,0.135
CZE,0.000,0.000,0.000,0.000,0.000,0.996,0.000,0.000,0.000,0.004,0.000,0.000,,0.100,3,0,0,0,0.000,0.000,,0.000,0.000,0.000,0.000,0.000,0.000,0.000,0.991,0.000,0.000,0.000,0.009,0.000,0.000,,0.100,3,0,0,0,0.000,0.000,,0.000,0.000
DEU,0.000,0.000,0.000,0.000,0.001,0.998,0.000,0.000,0.000,0.001,0.000,0.000,,0.100,3,0,0,0,0.001,0.001,0.983,0.001,0.001,0.000,0.000,0.000,0.005,0.021,0.974,0.000,0.000,0.000,0.000,0.000,0.000,,0.100,3,0,0,0,0.035,0.061,0.818,0.061,0.061
DJI,0.000,0.000,0.000,0.000,0.000,0.000,0.000,0.000,0.046,0.002,0.000,0.952,,0.100,3,0,0,0,0.418,0.000,0.030,0.000,0.000,0.000,0.000,0.000,0.000,0.000,0.000,0.000,0.000,0.591,0.000,0.160,0.249,,0.100,3,0,0,0,0.209,0.000,0.000,0.000,0.000
DMA,0.000,0.000,0.000,0.000,0.451,0.244,0.000,0.000,0.177,0.028,0.000,0.101,,0.100,3,0,0,0,0.000,0.000,,0.000,0.000,0.000,0.000,0.000,0.000,0.357,0.033,0.000,0.000,0.144,0.013,0.000,0.454,,0.100,3,0,0,0,0.000,0.000,,0.000,0.000
DNK,0.000,0.000,0.000,0.000,0.000,0.991,0.000,0.000,0.000,0.009,0.000,0.000,,0.100,3,0,0,0,0.000,0.000,,0.000,0.000,0.000,0.000,0.000,0.000,0.000,0.999,0.000,0.000,0.000,0.001,0.000,0.000,,0.100,3,0,0,0,0.000,0.000,,0.000,0.000
DOM,0.000,0.000,0.004,0.000,0.653,0.242,0.038,0.000,0.010,0.000,0.007,0.047,,0.100,3,0,0,0,0.313,0.000,0.110,0.000,0.000,0.000,0.000,0.001,0.000,0.614,0.029,0.006,0.000,0.054,0.000,0.034,0.262,,0.100,3,0,0,0,0.459,0.000,0.017,0.000,0.000
DZA,0.000,0.000,0.007,0.000,0.016,0.968,0.007,0.000,0.000,0.000,0.000,0.002,,0.100,3,0,0,0,0.003,0.001,0.642,0.001,0.001,0.000,0.000,0.000,0.000,0.000,0.000,0.000,0.000,0.000,1.000,0.000,0.000,,0.100,3,0,0,0,0.122,0.025,0.413,0.025,0.025
ECU,0.000,0.000,0.000,0.015,0.158,0.818,0.000,0.000,0.008,0.001,0.000,0.000,,0.100,3,0,0,0,0.082,0.004,0.224,0.004,0.004,0.000,0.000,0.000,0.098,0.550,0.234,0.000,0.000,0.083,0.035,0.000,0.000,,0.100,3,0,0,0,0.539,0.000,0.071,0.000,0.000
EGY,0.000,0.000,0.002,0.000,0.052,0.916,0.000,0.000,0.001,0.029,0.000,0.000,,0.100,3,0,0,0,0.002,0.001,0.723,0.001,0.001,0.000,0.000,0.011,0.000,0.327,0.544,0.001,0.000,0.007,0.110,0.000,0.000,,0.100,3,0,0,0,0.121,0.094,0.415,0.094,0.094
ERI,0.000,0.000,0.000,0.021,0.117,0.101,0.000,0.000,0.342,0.316,0.000,0.103,,0.100,3,0,0,0,0.000,0.000,,0.000,0.000,0.000,0.000,0.000,0.006,0.011,0.000,0.000,0.000,0.902,0.026,0.000,0.055,,0.100,3,0,0,0,0.000,0.000,,0.000,0.000
ESP,0.000,0.000,0.000,0.000,0.000,0.999,0.000,0.000,0.000,0.001,0.000,0.000,,0.100,3,0,0,0,0.000,0.000,,0.000,0.000,0.000,0.000,0.000,0.000,0.000,0.999,0.000,0.000,0.000,0.001,0.000,0.000,,0.100,3,0,0,0,0.000,0.000,,0.000,0.000
EST,0.000,0.000,0.000,0.000,0.028,0.972,0.000,0.000,0.000,0.000,0.000,0.000,,0.100,3,0,0,0,0.003,0.003,0.971,0.003,0.003,0.000,0.000,0.000,0.000,0.466,0.479,0.000,0.000,0.000,0.055,0.000,0.000,,0.100,3,0,0,0,0.044,0.044,0.458,0.044,0.044
ETH,0.000,0.000,0.000,0.000,0.000,0.000,0.000,0.000,0.198,0.802,0.000,0.000,,0.100,3,0,0,0,0.169,0.000,0.005,0.000,0.000,0.000,0.000,0.000,0.000,0.000,0.000,0.000,0.000,0.417,0.583,0.000,0.000,,0.100,3,0,0,0,0.041,0.000,0.001,0.000,0.000
FIN,0.000,0.000,0.000,0.000,0.000,0.997,0.000,0.000,0.000,0.003,0.000,0.000,,0.100,3,0,0,0,0.000,0.000,,0.000,0.000,0.000,0.000,0.000,0.000,0.000,0.992,0.000,0.000,0.000,0.008,0.000,0.000,,0.100,3,0,0,0,0.000,0.000,,0.000,0.000
FJI,0.002,0.000,0.000,0.039,0.594,0.351,0.000,0.000,0.001,0.003,0.003,0.007,,0.100,3,0,0,0,0.263,0.000,0.164,0.000,0.000,0.002,0.000,0.004,0.135,0.692,0.050,0.000,0.000,0.004,0.002,0.025,0.086,,0.100,3,0,0,0,0.558,0.000,0.015,0.000,0.000
FLK,0.000,0.000,0.000,0.000,0.000,1.000,0.000,0.000,0.000,0.000,0.000,0.000,,0.100,3,0,0,0,0.000,0.000,,0.000,0.000,0.000,0.000,0.000,0.000,0.000,1.000,0.000,0.000,0.000,0.000,0.000,0.000,,0.100,3,0,0,0,0.000,0.000,,0.000,0.000
FRA,0.000,0.000,0.000,0.000,0.000,0.996,0.000,0.000,0.000,0.004,0.000,0.000,,0.100,3,0,0,0,0.000,0.000,,0.000,0.000,0.000,0.000,0.000,0.000,0.000,0.995,0.000,0.000,0.000,0.005,0.000,0.000,,0.100,3,0,0,0,0.000,0.000,,0.000,0.000
FRO,0.000,0.000,0.040,0.000,0.906,0.000,0.002,0.000,0.000,0.052,0.000,0.000,,0.100,3,0,0,0,0.000,0.000,,0.000,0.000,0.000,0.000,0.040,0.000,0.906,0.000,0.002,0.000,0.000,0.052,0.000,0.000,,0.100,3,0,0,0,0.000,0.000,,0.000,0.000
FSM,0.000,0.000,0.000,0.000,0.465,0.283,0.000,0.000,0.000,0.070,0.000,0.182,,0.100,3,0,0,0,0.000,0.000,,0.000,0.000,0.000,0.000,0.000,0.000,0.465,0.283,0.000,0.000,0.000,0.070,0.000,0.182,,0.100,3,0,0,0,0.000,0.000,,0.000,0.000
GAB,0.000,0.000,0.000,0.000,0.000,0.000,0.000,0.000,0.028,0.972,0.000,0.000,,0.100,3,0,0,0,0.000,0.000,,0.000,0.000,0.000,0.000,0.000,0.000,0.000,0.000,0.000,0.000,0.025,0.975,0.000,0.000,,0.100,3,0,0,0,0.000,0.000,,0.000,0.000
GBR,0.000,0.000,0.000,0.000,0.000,0.996,0.000,0.000,0.000,0.004,0.000,0.000,,0.100,3,0,0,0,0.000,0.000,0.989,0.000,0.000,0.000,0.000,0.000,0.000,0.000,0.993,0.000,0.000,0.000,0.007,0.000,0.000,,0.100,3,0,0,0,0.029,0.029,0.877,0.029,0.029
GEO,0.000,0.000,0.024,0.000,0.000,0.910,0.000,0.000,0.000,0.000,0.000,0.066,,0.100,3,0,0,0,0.000,0.000,0.141,0.000,0.000,0.000,0.000,0.175,0.000,0.000,0.085,0.000,0.000,0.000,0.000,0.000,0.740,,0.100,3,0,0,0,0.376,0.000,0.016,0.000,0.000
GHA,0.000,0.002,0.000,0.000,0.350,0.010,0.238,0.000,0.109,0.003,0.005,0.282,,0.100,3,0,0,0,0.132,0.000,0.008,0.000,0.000,0.000,0.003,0.000,0.000,0.090,0.001,0.171,0.000,0.362,0.003,0.022,0.349,,0.100,3,0,0,0,0.183,0.000,0.000,0.000,0.000
GIB,0.000,0.000,0.000,0.000,0.000,1.000,0.000,0.000,0.000,0.000,0.000,0.000,,0.100,3,0,0,0,0.000,0.000,,0.000,0.000,0.000,0.000,0.000,0.000,0.000,1.000,0.000,0.000,0.000,0.000,0.000,0.000,,0.100,3,0,0,0,0.000,0.000,,0.000,0.000
GIN,0.000,0.000,0.004,0.059,0.234,0.010,0.002,0.000,0.002,0.000,0.040,0.649,,0.100,3,0,0,0,0.000,0.000,,0.000,0.000,0.001,0.001,0.000,0.004,0.013,0.000,0.001,0.003,0.149,0.000,0.511,0.317,,0.100,3,0,0,0,0.000,0.000,,0.000,0.000
GLP,0.000,0.000,0.000,0.166,0.427,0.357,0.000,0.000,0.000,0.006,0.000,0.044,,0.100,3,0,0,0,0.000,0.000,,0.000,0.000,0.000,0.000,0.000,0.379,0.312,0.103,0.000,0.000,0.000,0.000,0.000,0.206,,0.100,3,0,0,0,0.000,0.000,,0.000,0.000
GMB,0.000,0.000,0.000,0.000,0.000,0.000,0.000,0.000,0.003,0.997,0.000,0.000,,0.100,3,0,0,0,0.303,0.000,0.007,0.000,0.000,0.000,0.000,0.000,0.000,0.000,0.000,0.000,0.000,0.005,0.995,0.000,0.000,,0.100,3,0,0,0,0.226,0.000,0.000,0.000,0.000
GNB,0.000,0.002,0.003,0.097,0.315,0.028,0.004,0.001,0.005,0.000,0.000,0.545,,0.100,3,0,0,0,0.207,0.000,0.006,0.000,0.000,0.000,0.001,0.007,0.005,0.027,0.000,0.000,0.001,0.162,0.001,0.000,0.796,,0.100,3,0,0,0,0.105,0.000,0.001,0.000,0.000
GRC,0.000,0.000,0.000,0.000,0.097,0.903,0.000,0.000,0.000,0.000,0.000,0.000,,0.100,3,0,0,0,0.009,0.009,0.955,0.009,0.009,0.000,0.000,0.000,0.000,0.565,0.435,0.000,0.000,0.000,0.000,0.000,0.000,,0.100,3,0,0,0,0.034,0.034,0.441,0.034,0.034
GRD,0.000,0.000,0.000,0.000,0.376,0.507,0.000,0.000,0.017,0.008,0.000,0.092,,0.100,3,0,0,0,0.000,0.000,,0.000,0.000,0.000,0.000,0.000,0.000,0.552,0.033,0.000,0.000,0.006,0.011,0.000,0.398,,0.100,3,0,0,0,0.000,0.000,,0.000,0.000
GRL,0.000,0.000,0.375,0.000,0.375,0.000,0.000,0.000,0.000,0.000,0.000,0.250,,0.100,3,0,0,0,0.000,0.000,,0.000,0.000,0.000,0.000,0.375,0.000,0.375,0.000,0.000,0.000,0.000,0.000,0.000,0.250,,0.100,3,0,0,0,0.000,0.000,,0.000,0.000
GTM,0.000,0.000,0.000,0.063,0.078,0.771,0.000,0.000,0.006,0.000,0.000,0.082,,0.100,3,0,0,0,0.000,0.000,,0.000,0.000,0.000,0.000,0.000,0.101,0.173,0.200,0.000,0.000,0.041,0.000,0.000,0.485,,0.100,3,0,0,0,0.000,0.000,,0.000,0.000
GUF,0.000,0.000,0.000,0.044,0.426,0.411,0.000,0.000,0.000,0.016,0.000,0.103,,0.100,3,0,0,0,0.000,0.000,,0.000,0.000,0.000,0.000,0.000,0.102,0.240,0.114,0.000,0.000,0.000,0.002,0.000,0.542,,0.100,3,0,0,0,0.000,0.000,,0.000,0.000
GUM,0.000,0.000,0.000,0.000,0.307,0.681,0.000,0.000,0.000,0.012,0.000,0.000,,0.100,3,0,0,0,0.000,0.000,,0.000,0.000,0.000,0.000,0.000,0.000,0.307,0.681,0.000,0.000,0.000,0.012,0.000,0.000,,0.100,3,0,0,0,0.000,0.000,,0.000,0.000
GUY,0.001,0.000,0.004,0.016,0.753,0.075,0.001,0.001,0.003,0.001,0.009,0.136,,0.100,3,0,0,0,0.307,0.000,0.034,0.000,0.000,0.000,0.000,0.001,0.014,0.704,0.026,0.000,0.001,0.004,0.000,0.014,0.236,,0.100,3,0,0,0,0.473,0.000,0.007,0.000,0.000
HKG,0.000,0.000,0.000,0.000,0.000,0.935,0.000,0.000,0.000,0.065,0.000,0.000,,0.100,3,0,0,0,0.015,0.015,0.935,0.015,0.015,0.000,0.000,0.000,0.000,0.000,0.935,0.000,0.000,0.000,0.065,0.000,0.000,,0.100,3,0,0,0,0.000,0.000,,0.000,0.000
HND,0.000,0.000,0.016,0.074,0.224,0.621,0.003,0.000,0.019,0.007,0.000,0.036,,0.100,3,0,0,0,0.172,0.001,0.232,0.001,0.001,0.000,0.000,0.007,0.415,0.359,0.039,0.004,0.000,0.100,0.005,0.000,0.071,,0.100,3,0,0,0,0.687,0.000,0.019,0.000,0.000
HRV,0.000,0.000,0.000,0.000,0.000,0.991,0.000,0.000,0.000,0.009,0.000,0.000,,0.100,3,0,0,0,0.000,0.000,,0.000,0.000,0.000,0.000,0.000,0.000,0.000,0.972,0.000,0.000,0.000,0.028,0.000,0.000,,0.100,3,0,0,0,0.000,0.000,,0.000,0.000
HTI,0.000,0.000,0.001,0.023,0.245,0.006,0.001,0.010,0.093,0.004,0.098,0.518,,0.100,3,0,0,0,0.000,0.000,,0.000,0.000,0.000,0.000,0.000,0.002,0.028,0.000,0.000,0.012,0.358,0.003,0.237,0.359,,0.100,3,0,0,0,0.000,0.000,,0.000,0.000
HUN,0.000,0.000,0.000,0.000,0.000,0.891,0.000,0.000,0.000,0.109,0.000,0.000,,0.100,3,0,0,0,0.020,0.020,0.865,0.020,0.020,0.000,0.000,0.000,0.000,0.000,0.585,0.000,0.000,0.000,0.415,0.000,0.000,,0.100,3,0,0,0,0.089,0.089,0.628,0.089,0.089
IDN,0.000,0.000,0.000,0.000,0.868,0.011,0.000,0.000,0.077,0.003,0.000,0.041,,0.100,3,0,0,0,0.000,0.000,,0.000,0.000,0.000,0.000,0.000,0.000,0.733,0.003,0.000,0.000,0.072,0.002,0.000,0.190,,0.100,3,0,0,0,0.000,0.000,,0.000,0.000
IMN,0.000,0.000,0.000,0.000,0.101,0.899,0.000,0.000,0.000,0.000,0.000,0.000,,0.100,3,0,0,0,0.000,0.000,,0.000,0.000,0.000,0.000,0.000,0.000,0.101,0.899,0.000,0.000,0.000,0.000,0.000,0.000,,0.100,3,0,0,0,0.000,0.000,,0.000,0.000
IND,0.000,0.011,0.014,0.072,0.533,0.253,0.003,0.000,0.061,0.005,0.005,0.043,,0.100,3,0,0,0,0.283,0.019,0.126,0.019,0.019,0.000,0.008,0.000,0.868,0.124,0.000,0.000,0.000,0.000,0.000,0.000,0.000,,0.100,3,0,0,0,0.568,0.000,0.006,0.000,0.000
IRL,0.000,0.000,0.000,0.000,0.021,0.917,0.000,0.000,0.000,0.056,0.000,0.006,,0.100,3,0,0,0,0.009,0.009,0.831,0.009,0.009,0.000,0.000,0.000,0.000,0.673,0.207,0.000,0.000,0.000,0.032,0.000,0.088,,0.100,3,0,0,0,0.500,0.000,0.208,0.000,0.000
IRN,0.000,0.000,0.000,0.000,0.005,0.390,0.000,0.000,0.004,0.007,0.000,0.594,,0.100,3,0,0,0,0.227,0.227,0.309,0.227,0.227,0.000,0.000,0.000,0.000,0.005,0.054,0.000,0.000,0.029,0.012,0.000,0.900,,0.100,3,0,0,0,0.000,0.000,0.000,0.000,0.000
IRQ,0.000,0.000,0.000,0.000,0.575,0.398,0.002,0.000,0.000,0.001,0.002,0.021,,0.100,3,0,0,0,0.197,0.000,0.350,0.000,0.000,0.000,0.000,0.000,0.000,0.000,0.114,0.000,0.000,0.028,0.056,0.000,0.802,,0.100,3,0,0,0,0.407,0.000,0.073,0.000,0.000
ISL,0.000,0.000,0.000,0.000,0.000,1.000,0.000,0.000,0.000,0.000,0.000,0.000,,0.100,3,0,0,0,0.000,0.000,,0.000,0.000,0.000,0.000,0.000,0.000,0.000,1.000,0.000,0.000,0.000,0.000,0.000,0.000,,0.100,3,0,0,0,0.000,0.000,,0.000,0.000
ISR,0.000,0.000,0.000,0.000,0.000,0.000,0.000,0.000,0.000,0.000,0.000,1.000,,0.100,3,0,0,0,0.001,0.001,0.962,0.001,0.001,0.000,0.000,0.000,0.000,0.000,0.000,0.000,0.000,0.000,0.011,0.000,0.989,,0.100,3,0,0,0,0.010,0.010,0.918,0.010,0.010
ITA,0.000,0.000,0.000,0.000,0.007,0.986,0.000,0.000,0.000,0.007,0.000,0.000,,0.100,3,0,0,0,0.005,0.005,0.784,0.005,0.005,0.000,0.000,0.000,0.000,0.008,0.984,0.000,0.000,0.000,0.008,0.000,0.000,,0.100,3,0,0,0,0.016,0.016,0.749,0.016,0.016
JAM,0.000,0.000,0.000,0.068,0.514,0.284,0.000,0.000,0.001,0.011,0.000,0.122,,0.100,3,0,0,0,0.000,0.000,0.121,0.000,0.000,0.000,0.000,0.000,0.055,0.613,0.054,0.000,0.000,0.002,0.005,0.000,0.271,,0.100,3,0,0,0,0.000,0.000,0.023,0.000,0.000
JOR,0.000,0.000,0.000,0.000,0.227,0.732,0.000,0.000,0.000,0.000,0.000,0.041,,0.100,3,0,0,0,0.072,0.072,0.700,0.072,0.072,0.000,0.000,0.002,0.000,0.641,0.277,0.000,0.000,0.000,0.000,0.000,0.080,,0.100,3,0,0,0,0.082,0.082,0.199,0.082,0.082
JPN,0.000,0.000,0.000,0.000,0.000,0.000,0.000,0.000,0.000,0.000,0.000,1.000,,0.100,3,0,0,0,0.000,0.000,,0.000,0.000,0.000,0.000,0.000,0.000,0.000,0.000,0.000,0.000,0.000,0.000,0.000,1.000,,0.100,3,0,0,0,0.000,0.000,,0.000,0.000
KAZ,0.000,0.000,0.000,0.003,0.091,0.683,0.000,0.000,0.000,0.001,0.000,0.222,,0.100,3,0,0,0,0.155,0.138,0.550,0.138,0.138,0.000,0.000,0.000,0.010,0.091,0.043,0.000,0.000,0.000,0.000,0.000,0.856,,0.100,3,0,0,0,0.000,0.000,0.018,0.000,0.000
KEN,0.010,0.016,0.038,0.065,0.138,0.239,0.004,0.000,0.018,0.000,0.132,0.340,,0.100,3,0,0,0,0.229,0.000,0.050,0.000,0.000,0.001,0.007,0.001,0.055,0.019,0.010,0.001,0.003,0.092,0.000,0.352,0.459,,0.100,3,0,0,0,0.329,0.000,0.000,0.000,0.000
KGZ,0.000,0.000,0.000,0.061,0.023,0.477,0.001,0.000,0.000,0.000,0.000,0.438,,0.100,3,0,0,0,0.463,0.000,0.400,0.000,0.000,0.000,0.000,0.000,0.104,0.005,0.010,0.000,0.000,0.000,0.000,0.001,0.880,,0.100,3,0,0,0,0.965,0.000,0.000,0.000,0.000
KHM,0.000,0.000,0.006,0.012,0.575,0.371,0.001,0.006,0.029,0.000,0.000,0.000,,0.100,3,0,0,0,0.236,0.000,0.211,0.000,0.000,0.000,0.001,0.009,0.033,0.787,0.025,0.000,0.002,0.138,0.001,0.001,0.003,,0.100,3,0,0,0,0.316,0.000,0.024,0.000,0.000
KIR,0.065,0.005,0.000,0.079,0.464,0.072,0.002,0.000,0.306,0.000,0.008,0.000,,0.100,3,0,0,0,0.214,0.000,0.032,0.000,0.000,0.000,0.000,0.033,0.076,0.366,0.000,0.000,0.000,0.495,0.001,0.018,0.010,,0.100,3,0,0,0,0.251,0.000,0.000,0.000,0.000
KNA,0.000,0.000,0.000,0.000,0.000,0.000,0.000,0.000,0.000,0.000,0.000,1.000,,0.100,3,0,0,0,0.000,0.000,,0.000,0.000,0.000,0.000,0.000,0.000,0.000,0.000,0.000,0.000,0.000,0.000,0.000,1.000,,0.100,3,0,0,0,0.000,0.000,,0.000,0.000
KOR,0.000,0.000,0.000,0.000,0.000,0.649,0.000,0.000,0.000,0.241,0.000,0.110,,0.100,3,0,0,0,0.000,0.000,,0.000,0.000,0.000,0.000,0.000,0.000,0.000,0.015,0.000,0.000,0.000,0.965,0.000,0.020,,0.100,3,0,0,0,0.000,0.000,,0.000,0.000
KWT,0.000,0.000,0.000,0.000,0.000,0.000,0.000,0.000,0.000,0.000,0.000,1.000,,0.100,3,0,0,0,0.000,0.000,1.000,0.000,0.000,0.000,0.000,0.000,0.000,0.000,0.000,0.000,0.000,0.000,0.000,0.000,1.000,,0.100,3,0,0,0,0.000,0.000,,0.000,0.000
LAO,0.000,0.000,0.000,0.000,0.000,0.000,0.000,0.000,0.000,0.000,0.000,1.000,,0.100,3,0,0,0,0.625,0.000,0.008,0.000,0.000,0.000,0.001,0.015,0.570,0.055,0.009,0.009,0.000,0.326,0.006,0.004,0.005,,0.100,3,0,0,0,0.594,0.000,0.004,0.000,0.000
LBN,0.000,0.000,0.000,0.000,0.000,1.000,0.000,0.000,0.000,0.000,0.000,0.000,,0.100,3,0,0,0,0.000,0.000,,0.000,0.000,0.000,0.000,0.019,0.000,0.256,0.723,0.000,0.000,0.002,0.000,0.000,0.000,,0.100,3,0,0,0,0.000,0.000,,0.000,0.000
LBR,0.000,0.000,0.000,0.000,0.000,0.000,0.000,0.000,0.055,0.945,0.000,0.000,,0.100,3,0,0,0,0.000,0.000,,0.000,0.000,0.000,0.000,0.000,0.000,0.000,0.000,0.000,0.000,0.345,0.655,0.000,0.000,,0.100,3,0,0,0,0.000,0.000,,0.000,0.000
LBY,0.000,0.000,0.000,0.000,0.068,0.542,0.358,0.000,0.000,0.032,0.000,0.000,,0.100,3,0,0,0,0.000,0.000,,0.000,0.000,0.000,0.000,0.000,0.000,0.139,0.549,0.269,0.000,0.000,0.043,0.000,0.000,,0.100,3,0,0,0,0.000,0.000,,0.000,0.000
LCA,0.011,0.000,0.000,0.000,0.738,0.110,0.002,0.000,0.052,0.003,0.000,0.084,,0.100,3,0,0,0,0.000,0.000,,0.000,0.000,0.001,0.000,0.000,0.004,0.710,0.038,0.002,0.000,0.009,0.000,0.001,0.235,,0.100,3,0,0,0,0.000,0.000,,0.000,0.000
LIE,0.000,0.000,0.000,0.000,0.012,0.987,0.000,0.000,0.000,0.001,0.000,0.000,,0.100,3,0,0,0,0.000,0.000,,0.000,0.000,0.000,0.000,0.000,0.000,0.012,0.987,0.000,0.000,0.000,0.001,0.000,0.000,,0.100,3,0,0,0,0.000,0.000,,0.000,0.000
LKA,0.000,0.000,0.017,0.684,0.228,0.070,0.000,0.000,0.001,0.000,0.000,0.001,,0.100,3,0,0,0,0.000,0.000,,0.000,0.000,0.000,0.000,0.003,0.875,0.087,0.009,0.000,0.000,0.001,0.000,0.002,0.023,,0.100,3,0,0,0,0.000,0.000,,0.000,0.000
LSO,0.000,0.000,0.000,0.000,0.000,0.000,0.000,0.000,0.066,0.934,0.000,0.000,,0.100,3,0,0,0,0.386,0.000,0.009,0.000,0.000,0.000,0.000,0.000,0.000,0.000,0.000,0.000,0.000,0.201,0.799,0.000,0.000,,0.100,3,0,0,0,0.509,0.000,0.001,0.000,0.000
LTU,0.000,0.000,0.000,0.000,0.000,0.973,0.000,0.000,0.000,0.027,0.000,0.000,,0.100,3,0,0,0,0.000,0.000,0.975,0.000,0.000,0.000,0.000,0.000,0.000,0.000,0.770,0.000,0.000,0.000,0.230,0.000,0.000,,0.100,3,0,0,0,0.055,0.055,0.795,0.055,0.055
LUX,0.000,0.000,0.000,0.000,0.000,1.000,0.000,0.000,0.000,0.000,0.000,0.000,,0.100,3,0,0,0,0.000,0.000,0.964,0.000,0.000,0.000,0.000,0.000,0.000,0.000,1.000,0.000,0.000,0.000,0.000,0.000,0.000,,0.100,3,0,0,0,0.047,0.047,0.791,0.047,0.047
LVA,0.000,0.000,0.000,0.000,0.000,0.969,0.000,0.000,0.000,0.031,0.000,0.000,,0.100,3,0,0,0,0.000,0.000,,0.000,0.000,0.000,0.000,0.000,0.000,0.000,0.833,0.000,0.000,0.000,0.167,0.000,0.000,,0.100,3,0,0,0,0.000,0.000,,0.000,0.000
MAC,0.000,0.000,0.000,0.000,0.000,0.986,0.000,0.000,0.001,0.013,0.000,0.000,,0.100,3,0,0,0,0.000,0.000,0.681,0.000,0.000,0.000,0.000,0.000,0.000,0.000,0.986,0.000,0.000,0.001,0.013,0.000,0.000,,0.100,3,0,0,0,0.000,0.000,,0.000,0.000
MAF,0.000,0.000,0.000,0.003,0.400,0.595,0.000,0.000,0.000,0.000,0.000,0.002,,0.100,3,0,0,0,0.000,0.000,,0.000,0.000,0.000,0.000,0.000,0.003,0.400,0.595,0.000,0.000,0.000,0.000,0.000,0.002,,0.100,3,0,0,0,0.000,0.000,,0.000,0.000
MAR,0.000,0.000,0.000,0.000,0.000,0.000,0.000,0.000,0.001,0.999,0.000,0.000,,0.100,3,0,0,0,0.012,0.005,0.327,0.005,0.005,0.000,0.000,0.000,0.000,0.000,0.000,0.000,0.000,0.000,1.000,0.000,0.000,,0.100,3,0,0,0,0.090,0.078,0.001,0.078,0.078
MCO,0.000,0.000,0.000,0.000,0.000,0.000,0.000,0.000,0.000,0.000,0.000,1.000,,0.100,3,0,0,0,0.000,0.000,1.000,0.000,0.000,0.000,0.000,0.000,0.000,0.000,0.000,0.000,0.000,0.000,0.000,0.000,1.000,,0.100,3,0,0,0,0.000,0.000,,0.000,0.000
MDA,0.000,0.000,0.000,0.000,0.178,0.786,0.000,0.000,0.000,0.036,0.000,0.000,,0.100,3,0,0,0,0.086,0.084,0.677,0.084,0.084,0.000,0.000,0.000,0.000,0.608,0.029,0.000,0.000,0.000,0.363,0.000,0.000,,0.100,3,0,0,0,0.000,0.000,0.032,0.000,0.000
MDG,0.010,0.001,0.003,0.018,0.201,0.026,0.003,0.004,0.132,0.004,0.282,0.315,,0.100,3,0,0,0,0.158,0.000,0.005,0.000,0.000,0.000,0.000,0.001,0.002,0.014,0.003,0.000,0.002,0.384,0.000,0.344,0.250,,0.100,3,0,0,0,0.096,0.000,0.001,0.000,0.000
MDV,0.000,0.000,0.000,0.000,0.000,1.000,0.000,0.000,0.000,0.000,0.000,0.000,,0.100,3,0,0,0,0.000,0.000,,0.000,0.000,0.000,0.000,0.000,0.000,0.490,0.510,0.000,0.000,0.000,0.000,0.000,0.000,,0.100,3,0,0,0,0.000,0.000,,0.000,0.000
MEX,0.000,0.000,0.007,0.000,0.076,0.909,0.000,0.000,0.002,0.002,0.000,0.004,,0.100,3,0,0,0,0.019,0.014,0.617,0.014,0.014,0.000,0.000,0.016,0.000,0.528,0.407,0.000,0.000,0.021,0.002,0.000,0.026,,0.100,3,0,0,0,0.045,0.033,0.254,0.033,0.033
MHL,0.031,0.000,0.000,0.003,0.151,0.753,0.001,0.000,0.059,0.000,0.000,0.002,,0.100,3,0,0,0,0.000,0.000,,0.000,0.000,0.069,0.005,0.028,0.020,0.644,0.029,0.023,0.000,0.173,0.000,0.009,0.000,,0.100,3,0,0,0,0.000,0.000,,0.000,0.000
MKD,0.000,0.000,0.000,0.000,0.007,0.988,0.000,0.000,0.000,0.002,0.000,0.003,,0.100,3,0,0,0,0.000,0.000,0.082,0.000,0.000,0.000,0.000,0.054,0.017,0.309,0.529,0.011,0.000,0.001,0.002,0.018,0.059,,0.100,3,0,0,0,0.123,0.011,0.045,0.011,0.011
MLI,0.000,0.001,0.006,0.085,0.115,0.051,0.003,0.020,0.008,0.000,0.059,0.652,,0.100,3,0,0,0,0.062,0.000,0.013,0.000,0.000,0.000,0.000,0.000,0.000,0.000,0.000,0.000,0.000,0.134,0.004,0.000,0.861,,0.100,3,0,0,0,0.229,0.000,0.000,0.000,0.000
MLT,0.000,0.000,0.000,0.000,0.000,1.000,0.000,0.000,0.000,0.000,0.000,0.000,,0.100,3,0,0,0,0.000,0.000,,0.000,0.000,0.000,0.000,0.000,0.000,0.000,1.000,0.000,0.000,0.000,0.000,0.000,0.000,,0.100,3,0,0,0,0.000,0.000,,0.000,0.000
MMR,0.000,0.000,0.005,0.420,0.436,0.083,0.001,0.003,0.006,0.002,0.004,0.039,,0.100,3,0,0,0,0.518,0.000,0.009,0.000,0.000,0.000,0.000,0.011,0.658,0.158,0.003,0.001,0.010,0.066,0.002,0.021,0.071,,0.100,3,0,0,0,0.641,0.000,0.002,0.000,0.000
MNE,0.000,0.000,0.004,0.005,0.378,0.598,0.004,0.000,0.000,0.004,0.000,0.007,,0.100,3,0,0,0,0.151,0.043,0.447,0.043,0.043,0.000,0.000,0.068,0.014,0.684,0.210,0.002,0.000,0.002,0.000,0.003,0.017,,0.100,3,0,0,0,0.299,0.000,0.131,0.000,0.000
MNG,0.000,0.002,0.000,0.000,0.001,0.439,0.000,0.011,0.002,0.000,0.010,0.535,,0.100,3,0,0,0,0.428,0.000,0.275,0.000,0.000,0.000,0.002,0.000,0.000,0.001,0.035,0.000,0.124,0.181,0.000,0.171,0.485,,0.100,3,0,0,0,0.533,0.000,0.031,0.000,0.000
MNP,0.000,0.000,0.000,0.000,0.423,0.536,0.000,0.000,0.000,0.041,0.000,0.000,,0.100,3,0,0,0,0.000,0.000,,0.000,0.000,0.000,0.000,0.000,0.000,0.621,0.379,0.000,0.000,0.000,0.000,0.000,0.000,,0.100,3,0,0,0,0.000,0.000,,0.000,0.000
MOZ,0.000,0.000,0.000,0.000,0.000,0.000,0.273,0.000,0.119,0.000,0.000,0.608,,0.100,3,0,0,0,0.000,0.000,,0.000,0.000,0.000,0.000,0.000,0.000,0.000,0.000,0.016,0.000,0.393,0.000,0.000,0.591,,0.100,3,0,0,0,0.209,0.000,0.000,0.000,0.000
MRT,0.000,0.014,0.053,0.352,0.230,0.108,0.002,0.007,0.061,0.002,0.022,0.150,,0.100,3,0,0,0,0.000,0.000,,0.000,0.000,0.000,0.017,0.016,0.135,0.109,0.016,0.002,0.005,0.588,0.002,0.039,0.071,,0.100,3,0,0,0,0.000,0.000,,0.000,0.000
MSR,0.000,0.000,0.000,0.000,0.000,0.167,0.000,0.000,0.000,0.000,0.000,0.833,,0.100,3,0,0,0,0.000,0.000,,0.000,0.000,0.000,0.000,0.000,0.000,0.000,0.000,0.000,0.000,0.000,0.000,0.000,1.000,,0.100,3,0,0,0,0.000,0.000,,0.000,0.000
MTQ,0.000,0.000,0.000,0.044,0.426,0.411,0.000,0.000,0.000,0.016,0.000,0.103,,0.100,3,0,0,0,0.000,0.000,,0.000,0.000,0.000,0.000,0.000,0.102,0.240,0.114,0.000,0.000,0.000,0.002,0.000,0.542,,0.100,3,0,0,0,0.000,0.000,,0.000,0.000
MUS,0.000,0.000,0.000,0.000,0.000,0.000,0.000,0.000,0.003,0.997,0.000,0.000,,0.100,3,0,0,0,0.000,0.000,0.340,0.000,0.000,0.000,0.000,0.000,0.000,0.000,0.000,0.000,0.000,0.002,0.998,0.000,0.000,,0.100,3,0,0,0,0.000,0.000,,0.000,0.000
MWI,0.000,0.005,0.002,0.007,0.095,0.016,0.000,0.000,0.018,0.000,0.311,0.546,,0.100,3,0,0,0,0.395,0.000,0.016,0.000,0.000,0.001,0.010,0.000,0.000,0.002,0.001,0.000,0.002,0.091,0.003,0.595,0.295,,0.100,3,0,0,0,0.471,0.000,0.002,0.000,0.000
MYS,0.000,0.000,0.000,0.000,0.000,0.000,0.999,0.000,0.000,0.001,0.000,0.000,,0.100,3,0,0,0,0.000,0.000,,0.000,0.000,0.000,0.000,0.000,0.000,0.000,0.000,0.989,0.000,0.000,0.011,0.000,0.000,,0.100,3,0,0,0,0.000,0.000,,0.000,0.000
MYT,0.000,0.000,0.000,0.110,0.353,0.467,0.000,0.000,0.000,0.000,0.000,0.070,,0.100,3,0,0,0,0.000,0.000,,0.000,0.000,0.000,0.000,0.000,0.110,0.353,0.467,0.000,0.000,0.000,0.000,0.000,0.070,,0.100,3,0,0,0,0.000,0.000,,0.000,0.000
NAM,0.000,0.000,0.000,0.000,0.000,0.000,0.000,0.000,0.146,0.854,0.000,0.000,,0.100,3,0,0,0,0.000,0.000,,0.000,0.000,0.000,0.000,0.000,0.000,0.000,0.000,0.000,0.000,0.552,0.448,0.000,0.000,,0.100,3,0,0,0,0.000,0.000,,0.000,0.000
NER,0.000,0.001,0.011,0.151,0.094,0.047,0.004,0.013,0.083,0.007,0.127,0.463,,0.100,3,0,0,0,0.193,0.000,0.013,0.000,0.000,0.000,0.001,0.002,0.010,0.003,0.002,0.000,0.045,0.754,0.009,0.126,0.048,,0.100,3,0,0,0,0.049,0.000,0.006,0.000,0.000
NGA,0.002,0.002,0.006,0.119,0.432,0.078,0.004,0.002,0.067,0.001,0.075,0.213,,0.100,3,0,0,0,0.326,0.000,0.040,0.000,0.000,0.001,0.004,0.003,0.045,0.077,0.011,0.001,0.022,0.337,0.004,0.261,0.235,,0.100,3,0,0,0,0.248,0.000,0.018,0.000,0.000
NIC,0.000,0.000,0.002,0.000,0.106,0.353,0.000,0.000,0.014,0.000,0.000,0.525,,0.100,3,0,0,0,0.000,0.000,,0.000,0.000,0.000,0.000,0.000,0.000,0.023,0.003,0.000,0.000,0.176,0.000,0.000,0.798,,0.100,3,0,0,0,0.000,0.000,,0.000,0.000
NIU,0.008,0.000,0.000,0.000,0.986,0.000,0.000,0.000,0.006,0.000,0.000,0.000,,0.100,3,0,0,0,0.000,0.000,,0.000,0.000,0.000,0.000,0.000,0.000,0.000,0.000,0.000,0.000,0.000,0.000,0.000,1.000,,0.100,3,0,0,0,0.000,0.000,,0.000,0.000
NLD,0.000,0.000,0.000,0.000,0.000,1.000,0.000,0.000,0.000,0.000,0.000,0.000,,0.100,3,0,0,0,0.000,0.000,0.975,0.000,0.000,0.000,0.000,0.000,0.000,0.000,1.000,0.000,0.000,0.000,0.000,0.000,0.000,,0.100,3,0,0,0,0.012,0.012,0.950,0.012,0.012
NOR,0.000,0.000,0.000,0.000,0.000,1.000,0.000,0.000,0.000,0.000,0.000,0.000,,0.100,3,0,0,0,0.000,0.000,,0.000,0.000,0.000,0.000,0.000,0.000,0.000,1.000,0.000,0.000,0.000,0.000,0.000,0.000,,0.100,3,0,0,0,0.000,0.000,,0.000,0.000
NPL,0.000,0.014,0.006,0.204,0.551,0.144,0.002,0.000,0.042,0.003,0.001,0.033,,0.100,3,0,0,0,0.381,0.000,0.065,0.000,0.000,0.000,0.014,0.007,0.335,0.492,0.025,0.002,0.000,0.067,0.002,0.004,0.053,,0.100,3,0,0,0,0.513,0.000,0.009,0.000,0.000
NRU,0.000,0.007,0.000,0.502,0.231,0.221,0.009,0.000,0.030,0.000,0.000,0.000,,0.100,3,0,0,0,0.000,0.000,,0.000,0.000,0.000,0.007,0.000,0.502,0.231,0.221,0.009,0.000,0.030,0.000,0.000,0.000,,0.100,3,0,0,0,0.000,0.000,,0.000,0.000
NZL,0.000,0.000,0.000,0.000,0.000,0.000,0.000,0.000,0.000,0.000,0.000,1.000,,0.100,3,0,0,0,0.000,0.000,,0.000,0.000,0.000,0.000,0.000,0.000,0.000,0.000,0.000,0.000,0.000,0.000,0.000,1.000,,0.100,3,0,0,0,0.000,0.000,,0.000,0.000
OMN,0.000,0.000,0.000,0.000,0.634,0.364,0.000,0.000,0.000,0.002,0.000,0.000,,0.100,3,0,0,0,0.000,0.000,0.243,0.000,0.000,0.000,0.000,0.000,0.000,0.954,0.027,0.000,0.000,0.000,0.019,0.000,0.000,,0.100,3,0,0,0,0.000,0.000,0.021,0.000,0.000
PAK,0.001,0.000,0.053,0.042,0.228,0.634,0.005,0.000,0.024,0.002,0.003,0.007,,0.100,3,0,0,0,0.140,0.000,,0.000,0.000,0.010,0.000,0.057,0.149,0.365,0.147,0.007,0.000,0.208,0.006,0.020,0.032,,0.100,3,0,0,0,0.367,0.000,0.035,0.000,0.000
PAN,0.000,0.000,0.000,0.000,0.468,0.419,0.000,0.000,0.021,0.012,0.000,0.080,,0.100,3,0,0,0,0.128,0.079,0.292,0.079,0.079,0.000,0.000,0.000,0.000,0.476,0.070,0.000,0.000,0.102,0.023,0.000,0.329,,0.100,3,0,0,0,0.000,0.000,0.025,0.000,0.000
PER,0.000,0.000,0.012,0.000,0.032,0.844,0.000,0.000,0.011,0.034,0.050,0.017,,0.100,3,0,0,0,0.022,0.018,0.577,0.018,0.018,0.000,0.000,0.008,0.000,0.327,0.130,0.000,0.000,0.133,0.141,0.194,0.067,,0.100,3,0,0,0,0.050,0.041,0.142,0.041,0.041
PHL,0.001,0.001,0.010,0.056,0.782,0.118,0.002,0.002,0.016,0.002,0.001,0.009,,0.100,3,0,0,0,0.518,0.000,0.044,0.000,0.000,0.001,0.002,0.013,0.179,0.639,0.050,0.003,0.008,0.056,0.006,0.004,0.040,,0.100,3,0,0,0,0.666,0.000,0.022,0.000,0.000
PLW,0.000,0.000,0.000,0.000,0.000,0.887,0.087,0.000,0.000,0.003,0.000,0.023,,0.100,3,0,0,0,0.000,0.000,,0.000,0.000,0.000,0.000,0.000,0.000,0.000,0.645,0.203,0.000,0.000,0.004,0.000,0.148,,0.100,3,0,0,0,0.000,0.000,,0.000,0.000
PNG,0.000,0.000,0.000,0.002,0.098,0.456,0.000,0.000,0.002,0.000,0.097,0.345,,0.100,3,0,0,0,0.074,0.042,0.167,0.042,0.042,0.000,0.001,0.000,0.002,0.025,0.044,0.000,0.004,0.033,0.000,0.392,0.499,,0.100,3,0,0,0,0.000,0.000,0.013,0.000,0.000
POL,0.000,0.000,0.000,0.000,0.000,0.905,0.000,0.000,0.000,0.095,0.000,0.000,,0.100,3,0,0,0,0.000,0.000,,0.000,0.000,0.000,0.000,0.000,0.000,0.000,0.422,0.000,0.000,0.000,0.578,0.000,0.000,,0.100,3,0,0,0,0.000,0.000,,0.000,0.000
PRI,0.000,0.000,0.000,0.000,0.000,0.993,0.000,0.000,0.007,0.000,0.000,0.000,,0.100,3,0,0,0,0.000,0.000,,0.000,0.000,0.000,0.000,0.000,0.000,0.000,0.993,0.000,0.000,0.007,0.000,0.000,0.000,,0.100,3,0,0,0,0.000,0.000,,0.000,0.000
PRK,0.000,0.000,0.001,0.019,0.064,0.671,0.000,0.000,0.000,0.000,0.083,0.162,,0.100,3,0,0,0,0.011,0.000,,0.000,0.000,0.000,0.000,0.001,0.039,0.145,0.095,0.000,0.000,0.000,0.000,0.276,0.445,,0.100,3,0,0,0,0.005,0.000,0.008,0.000,0.000
PRT,0.000,0.000,0.000,0.000,0.071,0.929,0.000,0.000,0.000,0.000,0.000,0.000,,0.100,3,0,0,0,0.029,0.004,0.926,0.004,0.004,0.000,0.000,0.000,0.000,0.270,0.730,0.000,0.000,0.000,0.000,0.000,0.000,,0.100,3,0,0,0,0.115,0.009,0.739,0.009,0.009
PRY,0.000,0.000,0.009,0.226,0.611,0.122,0.000,0.000,0.004,0.000,0.000,0.028,,0.100,3,0,0,0,0.470,0.000,0.059,0.000,0.000,0.000,0.000,0.001,0.302,0.422,0.005,0.000,0.000,0.009,0.000,0.000,0.261,,0.100,3,0,0,0,0.590,0.000,0.000,0.000,0.000
PSE,0.000,0.000,0.000,0.275,0.122,0.602,0.000,0.000,0.001,0.000,0.000,0.000,,0.100,3,0,0,0,0.201,0.070,0.475,0.070,0.070,0.000,0.000,0.000,0.625,0.216,0.153,0.000,0.000,0.004,0.002,0.000,0.000,,0.100,3,0,0,0,0.484,0.000,0.063,0.000,0.000
PYF,0.000,0.000,0.026,0.000,0.782,0.192,0.000,0.000,0.000,0.000,0.000,0.000,,0.100,3,0,0,0,0.000,0.000,,0.000,0.000,0.000,0.000,0.026,0.000,0.782,0.192,0.000,0.000,0.000,0.000,0.000,0.000,,0.100,3,0,0,0,0.000,0.000,,0.000,0.000
QAT,0.000,0.000,0.000,0.000,0.053,0.947,0.000,0.000,0.000,0.000,0.000,0.000,,0.100,3,0,0,0,0.000,0.000,,0.000,0.000,0.000,0.000,0.000,0.000,0.053,0.947,0.000,0.000,0.000,0.000,0.000,0.000,,0.100,3,0,0,0,0.000,0.000,,0.000,0.000
REU,0.000,0.000,0.000,0.045,0.525,0.404,0.000,0.000,0.000,0.006,0.000,0.020,,0.100,3,0,0,0,0.000,0.000,,0.000,0.000,0.000,0.000,0.000,0.079,0.823,0.016,0.000,0.000,0.000,0.009,0.000,0.073,,0.100,3,0,0,0,0.000,0.000,,0.000,0.000
ROU,0.000,0.000,0.000,0.000,0.000,0.874,0.000,0.000,0.000,0.126,0.000,0.000,,0.100,3,0,0,0,0.000,0.000,,0.000,0.000,0.000,0.000,0.000,0.000,0.000,0.410,0.000,0.000,0.000,0.590,0.000,0.000,,0.100,3,0,0,0,0.000,0.000,,0.000,0.000
RUS,0.000,0.000,0.000,0.000,0.000,0.905,0.000,0.000,0.000,0.095,0.000,0.000,,0.100,3,0,0,0,0.018,0.012,0.612,0.012,0.012,0.000,0.000,0.000,0.000,0.000,0.217,0.000,0.000,0.000,0.783,0.000,0.000,,0.100,3,0,0,0,0.056,0.038,0.233,0.038,0.038
RWA,0.000,0.001,0.036,0.021,0.047,0.060,0.002,0.000,0.010,0.000,0.077,0.747,,0.100,3,0,0,0,0.000,0.000,,0.000,0.000,0.000,0.000,0.000,0.000,0.000,0.000,0.000,0.000,0.008,0.001,0.017,0.974,,0.100,3,0,0,0,0.577,0.000,0.001,0.000,0.000
SAU,0.000,0.000,0.002,0.007,0.217,0.774,0.000,0.000,0.000,0.000,0.000,0.000,,0.100,3,0,0,0,0.056,0.053,0.715,0.053,0.053,0.000,0.000,0.002,0.022,0.500,0.456,0.001,0.000,0.000,0.002,0.000,0.017,,0.100,3,0,0,0,0.068,0.065,0.405,0.065,0.065
SDN,0.000,0.000,0.000,0.000,0.000,0.000,0.000,0.000,0.077,0.923,0.000,0.000,,0.100,3,0,0,0,0.000,0.000,,0.000,0.000,0.000,0.000,0.000,0.000,0.000,0.000,0.000,0.000,0.202,0.798,0.000,0.000,,0.100,3,0,0,0,0.000,0.000,,0.000,0.000
SEN,0.000,0.000,0.000,0.000,0.000,0.000,0.000,0.000,0.014,0.986,0.000,0.000,,0.100,3,0,0,0,0.084,0.000,0.055,0.000,0.000,0.000,0.000,0.000,0.000,0.000,0.000,0.000,0.000,0.069,0.931,0.000,0.000,,0.100,3,0,0,0,0.141,0.000,0.001,0.000,0.000
SGP,0.000,0.000,0.000,0.000,0.000,1.000,0.000,0.000,0.000,0.000,0.000,0.000,,0.100,3,0,0,0,0.000,0.000,1.000,0.000,0.000,0.000,0.000,0.000,0.000,0.000,1.000,0.000,0.000,0.000,0.000,0.000,0.000,,0.100,3,0,0,0,0.000,0.000,,0.000,0.000
SHN,0.000,0.000,0.000,0.000,0.478,0.522,0.000,0.000,0.000,0.000,0.000,0.000,,0.100,3,0,0,0,0.000,0.000,,0.000,0.000,0.000,0.000,0.000,0.000,0.478,0.522,0.000,0.000,0.000,0.000,0.000,0.000,,0.100,3,0,0,0,0.000,0.000,,0.000,0.000
SLB,0.000,0.005,0.014,0.074,0.450,0.141,0.025,0.003,0.118,0.002,0.000,0.169,,0.100,3,0,0,0,0.000,0.000,,0.000,0.000,0.000,0.024,0.004,0.027,0.073,0.018,0.011,0.006,0.624,0.001,0.000,0.212,,0.100,3,0,0,0,0.000,0.000,,0.000,0.000
SLE,0.004,0.000,0.005,0.101,0.153,0.029,0.001,0.048,0.037,0.018,0.056,0.548,,0.100,3,0,0,0,0.221,0.000,0.004,0.000,0.000,0.001,0.001,0.003,0.034,0.025,0.000,0.000,0.029,0.354,0.025,0.190,0.338,,0.100,3,0,0,0,0.098,0.000,0.000,0.000,0.000
SLV,0.000,0.025,0.000,0.000,0.235,0.553,0.000,0.000,0.002,0.000,0.000,0.185,,0.100,3,0,0,0,0.144,0.006,0.024,0.006,0.006,0.000,0.131,0.000,0.000,0.274,0.016,0.000,0.000,0.029,0.000,0.000,0.550,,0.100,3,0,0,0,0.000,0.000,0.000,0.000,0.000
SMR,0.000,0.000,0.000,0.000,0.150,0.850,0.000,0.000,0.000,0.000,0.000,0.000,,0.100,3,0,0,0,0.000,0.000,,0.000,0.000,0.000,0.000,0.000,0.000,0.150,0.850,0.000,0.000,0.000,0.000,0.000,0.000,,0.100,3,0,0,0,0.000,0.000,,0.000,0.000
SOM,0.003,0.000,0.010,0.188,0.057,0.054,0.021,0.000,0.017,0.009,0.155,0.486,,0.100,3,0,0,0,0.414,0.000,0.031,0.000,0.000,0.002,0.000,0.013,0.054,0.033,0.000,0.004,0.000,0.131,0.006,0.224,0.533,,0.100,3,0,0,0,0.207,0.000,0.011,0.000,0.000
SRB,0.000,0.000,0.002,0.000,0.123,0.869,0.000,0.000,0.001,0.000,0.000,0.005,,0.100,3,0,0,0,0.044,0.042,0.137,0.042,0.042,0.000,0.000,0.026,0.005,0.724,0.182,0.001,0.000,0.000,0.000,0.001,0.061,,0.100,3,0,0,0,0.262,0.000,0.031,0.000,0.000
SSD,0.000,0.016,0.000,0.000,0.000,0.000,0.000,0.000,0.540,0.032,0.177,0.234,,0.100,3,0,0,0,0.000,0.000,,0.000,0.000,0.000,0.008,0.000,0.000,0.000,0.000,0.000,0.000,0.801,0.006,0.120,0.065,,0.100,3,0,0,0,0.000,0.000,,0.000,0.000
STP,0.002,0.000,0.025,0.006,0.082,0.184,0.001,0.000,0.427,0.005,0.015,0.253,,0.100,3,0,0,0,0.275,0.000,0.074,0.000,0.000,0.001,0.000,0.018,0.009,0.049,0.128,0.001,0.000,0.510,0.008,0.012,0.264,,0.100,3,0,0,0,0.271,0.000,0.044,0.000,0.000
SUR,0.000,0.001,0.002,0.014,0.921,0.025,0.005,0.000,0.001,0.001,0.008,0.022,,0.100,3,0,0,0,0.194,0.000,0.013,0.000,0.000,0.004,0.005,0.008,0.056,0.594,0.018,0.014,0.000,0.075,0.017,0.065,0.144,,0.100,3,0,0,0,0.332,0.000,0.007,0.000,0.000
SVK,0.000,0.000,0.000,0.000,0.000,0.998,0.000,0.000,0.000,0.002,0.000,0.000,,0.100,3,0,0,0,0.052,0.051,0.782,0.051,0.051,0.000,0.000,0.000,0.000,0.000,0.974,0.000,0.000,0.000,0.026,0.000,0.000,,0.100,3,0,0,0,0.121,0.118,0.515,0.118,0.118
SVN,0.000,0.000,0.000,0.000,0.000,0.000,0.000,0.000,0.000,0.001,0.000,0.999,,0.100,3,0,0,0,0.000,0.000,,0.000,0.000,0.000,0.000,0.000,0.000,0.000,0.000,0.000,0.000,0.000,0.003,0.000,0.997,,0.100,3,0,0,0,0.000,0.000,,0.000,0.000
SWE,0.000,0.000,0.000,0.000,0.093,0.901,0.000,0.000,0.000,0.006,0.000,0.000,,0.100,3,0,0,0,0.004,0.060,0.897,0.060,0.060,0.000,0.000,0.000,0.000,0.241,0.747,0.000,0.000,0.000,0.012,0.000,0.000,,0.100,3,0,0,0,0.010,0.157,0.751,0.157,0.157
SWZ,0.000,0.000,0.000,0.000,0.000,0.000,0.000,0.000,0.025,0.975,0.000,0.000,,0.100,3,0,0,0,0.000,0.000,0.142,0.000,0.000,0.000,0.000,0.000,0.000,0.000,0.000,0.000,0.000,0.029,0.971,0.000,0.000,,0.100,3,0,0,0,0.000,0.000,0.021,0.000,0.000
SXM,0.000,0.000,0.000,0.000,0.425,0.100,0.462,0.000,0.002,0.011,0.000,0.000,,0.100,3,0,0,0,0.000,0.000,,0.000,0.000,0.000,0.000,0.000,0.000,0.425,0.100,0.462,0.000,0.002,0.011,0.000,0.000,,0.100,3,0,0,0,0.000,0.000,,0.000,0.000
SYC,0.000,0.000,0.000,0.007,0.842,0.139,0.003,0.000,0.003,0.000,0.000,0.007,,0.100,3,0,0,0,0.000,0.000,,0.000,0.000,0.000,0.000,0.000,0.007,0.842,0.139,0.003,0.000,0.003,0.000,0.000,0.007,,0.100,3,0,0,0,0.000,0.000,,0.000,0.000
SYR,0.000,0.000,0.000,0.000,0.007,0.993,0.000,0.000,0.000,0.000,0.000,0.000,,0.100,3,0,0,0,0.000,0.000,,0.000,0.000,0.000,0.000,0.012,0.000,0.188,0.798,0.000,0.000,0.000,0.002,0.000,0.000,,0.100,3,0,0,0,0.000,0.000,,0.000,0.000
TCA,0.009,0.000,0.000,0.026,0.910,0.000,0.034,0.000,0.000,0.000,0.003,0.018,,0.100,3,0,0,0,0.333,0.000,0.000,0.000,0.000,0.004,0.000,0.000,0.027,0.850,0.000,0.002,0.000,0.002,0.003,0.014,0.098,,0.100,3,0,0,0,0.439,0.000,0.000,0.000,0.000
TCD,0.009,0.033,0.021,0.016,0.019,0.017,0.002,0.077,0.170,0.008,0.165,0.464,,0.100,3,0,0,0,0.315,0.000,0.006,0.000,0.000,0.014,0.020,0.026,0.001,0.001,0.003,0.003,0.038,0.771,0.007,0.074,0.042,,0.100,3,0,0,0,0.041,0.000,0.001,0.000,0.000
TGO,0.000,0.000,0.000,0.000,0.000,0.000,0.000,0.000,0.151,0.849,0.000,0.000,,0.100,3,0,0,0,0.071,0.000,0.001,0.000,0.000,0.000,0.000,0.000,0.000,0.000,0.000,0.000,0.000,0.496,0.504,0.000,0.000,,0.100,3,0,0,0,0.047,0.000,0.000,0.000,0.000
THA,0.000,0.000,0.000,0.000,0.000,0.000,0.412,0.000,0.001,0.000,0.000,0.587,,0.100,3,0,0,0,0.201,0.000,0.098,0.000,0.000,0.000,0.000,0.000,0.000,0.000,0.000,0.293,0.000,0.001,0.000,0.000,0.706,,0.100,3,0,0,0,0.181,0.000,0.042,0.000,0.000
TJK,0.000,0.002,0.001,0.044,0.003,0.504,0.000,0.000,0.000,0.000,0.001,0.445,,0.100,3,0,0,0,0.000,0.000,,0.000,0.000,0.005,0.002,0.000,0.020,0.002,0.005,0.000,0.001,0.000,0.000,0.004,0.961,,0.100,3,0,0,0,0.590,0.000,0.002,0.000,0.000
TKM,0.000,0.000,0.005,0.040,0.038,0.521,0.000,0.000,0.000,0.000,0.000,0.396,,0.100,3,0,0,0,0.000,0.000,,0.000,0.000,0.000,0.000,0.006,0.026,0.009,0.000,0.001,0.000,0.000,0.000,0.000,0.958,,0.100,3,0,0,0,0.000,0.000,,0.000,0.000
TLS,0.000,0.000,0.000,0.000,0.432,0.000,0.076,0.000,0.044,0.007,0.086,0.355,,0.100,3,0,0,0,0.000,0.000,,0.000,0.000,0.000,0.000,0.000,0.000,0.326,0.000,0.120,0.000,0.144,0.014,0.120,0.277,,0.100,3,0,0,0,0.000,0.000,,0.000,0.000
TON,0.000,0.001,0.003,0.000,0.994,0.000,0.000,0.000,0.001,0.000,0.000,0.001,,0.100,3,0,0,0,0.210,0.000,0.013,0.000,0.000,0.000,0.012,0.009,0.000,0.923,0.000,0.000,0.000,0.002,0.002,0.004,0.048,,0.100,3,0,0,0,0.334,0.000,0.016,0.000,0.000
TTO,0.000,0.000,0.001,0.000,0.611,0.318,0.007,0.000,0.001,0.002,0.012,0.048,,0.100,3,0,0,0,0.000,0.000,,0.000,0.000,0.000,0.000,0.000,0.000,0.833,0.028,0.000,0.000,0.000,0.001,0.004,0.134,,0.100,3,0,0,0,0.000,0.000,,0.000,0.000
TUN,0.000,0.000,0.000,0.000,0.000,0.000,0.000,0.000,0.002,0.998,0.000,0.000,,0.100,3,0,0,0,0.076,0.011,0.801,0.011,0.011,0.000,0.000,0.000,0.000,0.000,0.000,0.000,0.000,0.012,0.988,0.000,0.000,,0.100,3,0,0,0,0.531,0.000,0.098,0.000,0.000
TUR,0.000,0.000,0.000,0.000,0.000,0.971,0.000,0.000,0.001,0.001,0.002,0.025,,0.100,3,0,0,0,0.011,0.010,0.759,0.010,0.010,0.000,0.000,0.000,0.000,0.000,0.572,0.000,0.000,0.004,0.009,0.028,0.387,,0.100,3,0,0,0,0.188,0.159,0.464,0.159,0.159
TUV,0.017,0.013,0.005,0.020,0.924,0.002,0.000,0.000,0.017,0.000,0.002,0.000,,0.100,3,0,0,0,0.347,0.000,0.000,0.000,0.000,0.045,0.000,0.000,0.048,0.873,0.001,0.000,0.000,0.024,0.004,0.002,0.003,,0.100,3,0,0,0,0.421,0.000,0.000,0.000,0.000
TZA,0.000,0.000,0.000,0.000,0.000,0.000,0.000,0.000,0.002,0.998,0.000,0.000,,0.100,3,0,0,0,0.338,0.000,0.005,0.000,0.000,0.000,0.000,0.000,0.000,0.000,0.000,0.000,0.000,0.032,0.968,0.000,0.000,,0.100,3,0,0,0,0.197,0.000,0.001,0.000,0.000
UGA,0.000,0.003,0.006,0.011,0.066,0.036,0.003,0.030,0.007,0.000,0.289,0.549,,0.100,3,0,0,0,0.218,0.000,0.006,0.000,0.000,0.000,0.011,0.000,0.004,0.002,0.002,0.001,0.005,0.067,0.001,0.628,0.279,,0.100,3,0,0,0,0.161,0.000,0.000,0.000,0.000
UKR,0.000,0.000,0.000,0.000,0.000,0.953,0.000,0.000,0.000,0.047,0.000,0.000,,0.100,3,0,0,0,0.134,0.088,0.467,0.088,0.088,0.000,0.000,0.000,0.000,0.000,0.642,0.000,0.000,0.000,0.358,0.000,0.000,,0.100,3,0,0,0,0.235,0.154,0.016,0.154,0.154
URY,0.000,0.000,0.001,0.000,0.316,0.644,0.000,0.000,0.003,0.005,0.000,0.031,,0.100,3,0,0,0,0.000,0.000,,0.000,0.000,0.000,0.000,0.011,0.000,0.875,0.007,0.000,0.000,0.007,0.010,0.000,0.090,,0.100,3,0,0,0,0.000,0.000,,0.000,0.000
USA,0.000,0.000,0.000,0.000,0.045,0.954,0.000,0.000,0.000,0.001,0.000,0.000,,0.100,3,0,0,0,0.022,0.022,0.928,0.022,0.022,0.000,0.000,0.000,0.000,0.568,0.417,0.000,0.000,0.000,0.015,0.000,0.000,,0.100,3,0,0,0,0.067,0.066,0.395,0.066,0.066
UZB,0.000,0.000,0.014,0.071,0.004,0.329,0.002,0.000,0.000,0.002,0.029,0.549,,0.100,3,0,0,0,0.432,0.000,0.202,0.000,0.000,0.000,0.000,0.013,0.092,0.004,0.018,0.002,0.001,0.000,0.001,0.067,0.802,,0.100,3,0,0,0,0.850,0.000,0.009,0.000,0.000
VCT,0.000,0.000,0.000,0.000,0.769,0.034,0.000,0.000,0.016,0.008,0.000,0.173,,0.100,3,0,0,0,0.000,0.000,,0.000,0.000,0.000,0.000,0.000,0.000,0.602,0.021,0.000,0.000,0.048,0.006,0.000,0.323,,0.100,3,0,0,0,0.000,0.000,,0.000,0.000
VEN,0.000,0.000,0.000,0.000,0.179,0.777,0.008,0.000,0.027,0.000,0.000,0.009,,0.100,3,0,0,0,0.000,0.000,,0.000,0.000,0.000,0.000,0.000,0.000,0.526,0.097,0.044,0.000,0.282,0.000,0.000,0.051,,0.100,3,0,0,0,0.000,0.000,,0.000,0.000
VGB,0.000,0.000,0.000,0.000,0.727,0.242,0.000,0.000,0.001,0.025,0.000,0.005,,0.100,3,0,0,0,0.000,0.000,,0.000,0.000,0.000,0.000,0.000,0.000,0.727,0.242,0.000,0.000,0.001,0.025,0.000,0.005,,0.100,3,0,0,0,0.000,0.000,,0.000,0.000
VIR,0.000,0.000,0.000,0.000,0.561,0.425,0.000,0.000,0.000,0.014,0.000,0.000,,0.100,3,0,0,0,0.000,0.000,,0.000,0.000,0.000,0.000,0.000,0.000,0.561,0.425,0.000,0.000,0.000,0.014,0.000,0.000,,0.100,3,0,0,0,0.000,0.000,,0.000,0.000
VNM,0.001,0.001,0.003,0.035,0.864,0.074,0.002,0.010,0.004,0.003,0.001,0.002,,0.100,3,0,0,0,0.382,0.000,0.027,0.000,0.000,0.003,0.022,0.007,0.058,0.731,0.030,0.001,0.045,0.038,0.004,0.011,0.050,,0.100,3,0,0,0,0.444,0.000,0.011,0.000,0.000
VUT,0.000,0.005,0.000,0.114,0.718,0.000,0.008,0.000,0.000,0.000,0.035,0.120,,0.100,3,0,0,0,0.084,0.215,0.000,0.215,0.215,0.000,0.044,0.000,0.029,0.076,0.000,0.023,0.000,0.000,0.001,0.249,0.578,,0.100,3,0,0,0,0.000,0.000,0.000,0.000,0.000
WLF,0.000,0.000,0.000,0.157,0.777,0.000,0.000,0.000,0.066,0.000,0.000,0.000,,0.100,3,0,0,0,0.000,0.000,,0.000,0.000,0.000,0.000,0.000,0.157,0.777,0.000,0.000,0.000,0.066,0.000,0.000,0.000,,0.100,3,0,0,0,0.000,0.000,,0.000,0.000
WSM,0.000,0.000,0.000,0.007,0.897,0.085,0.002,0.000,0.000,0.001,0.003,0.005,,0.100,3,0,0,0,0.367,0.000,0.000,0.000,0.000,0.000,0.000,0.000,0.034,0.844,0.072,0.006,0.000,0.001,0.008,0.013,0.022,,0.100,3,0,0,0,0.443,0.000,0.000,0.000,0.000
YEM,0.000,0.000,0.000,0.000,0.000,0.000,0.000,0.000,0.016,0.255,0.000,0.729,,0.100,3,0,0,0,0.033,0.028,0.543,0.028,0.028,0.000,0.000,0.000,0.000,0.000,0.000,0.000,0.000,0.131,0.634,0.000,0.235,,0.100,3,0,0,0,0.076,0.024,0.004,0.024,0.024
ZAF,0.010,0.000,0.000,0.000,0.020,0.853,0.000,0.000,0.003,0.002,0.000,0.112,,0.100,3,0,0,0,0.024,0.023,0.685,0.023,0.023,0.003,0.001,0.000,0.000,0.067,0.049,0.000,0.000,0.014,0.003,0.000,0.863,,0.100,3,0,0,0,0.109,0.105,0.042,0.105,0.105
ZMB,0.000,0.000,0.007,0.039,0.144,0.172,0.005,0.000,0.010,0.001,0.192,0.430,,0.100,3,0,0,0,0.000,0.000,,0.000,0.000,0.000,0.000,0.000,0.001,0.014,0.005,0.001,0.000,0.155,0.000,0.467,0.356,,0.100,3,0,0,0,0.304,0.000,0.001,0.000,0.000
ZWE,0.000,0.001,0.001,0.007,0.095,0.846,0.001,0.000,0.007,0.000,0.007,0.035,,0.100,3,0,0,0,0.048,0.004,0.295,0.004,0.004,0.000,0.001,0.002,0.002,0.040,0.011,0.000,0.000,0.313,0.001,0.132,0.497,,0.100,3,0,0,0,0.299,0.000,0.005,0.000,0.000
