region;flushSewer;flushSeptic;flushPit;flushOpen;flushUnknown;pitSlab;pitNoSlab;bucketLatrine;hangingToilet;openDefecation;containerBased;compostingToilet;other;coverBury;sewageTreated;fecalSludgeTreated;isWatertight;hasLeach;onsiteDumpedland;emptyFrequency;pitAdditive;urine;twinPits;warning
ABW;0.0;0.0;0.0;0.0;0.0;0.991;0.0;0.0;0.0;0.007;;0.0;0.002;;0.04672102506950807;;;;0.1;3;0;0;0;
AFG;0.015;0.088;0.012;0.002;0.0;0.41700000000000004;0.295;0.0;0.0;0.136;;0.0;0.035;;;;;;0.1;3;0;0;0;
AIA;0.0;0.0;0.0;0.0;0.0;0.009;0.0;0.0;0.0;0.008;;0.0;0.006;;;;;;0.1;3;0;0;0;Does not add up to 100%
ALB;0.736;0.048;0.179;0.02;0.007;0.002;0.003;0.0;0.0;0.0;;0.003;0.001;0.1721067442717733;0.28956815243269324;0.1019487443466163;0.1019487443466163;0.1019487443466163;0.1;3;0;0;0;
AND;1.0;0.0;0.0;0.0;0.0;0.0;0.0;0.0;0.0;0.0;;0.0;0.0;0.0;1.0;0.0;0.0;0.0;0.1;3;0;0;0;
ARE;0.94;0.011;0.002;0.002;0.041;0.004;0.0;0.0;0.0;0.0;;0.0;0.0;0.02938496024696303;0.9258612460060283;0.02938496024696303;0.02938496024696303;0.02938496024696303;0.1;3;0;0;0;
ARG;0.493;0.265;0.204;0.0;0.0;0.0;0.011;0.0;0.0;0.027;;0.0;0.0;;;;;;0.1;3;0;0;0;
ARM;0.719;0.0;0.0;0.0;0.0;0.0;0.0;0.0;0.0;0.0;;0.0;0.281;0.10753114147216809;0.0;0.0;0.0;0.0;0.1;3;0;0;0;
ASM;0.521;0.442;0.0;0.0;0.0;0.0;0.0;0.0;0.0;0.0;;0.0;0.037;0.05907655309157962;0.2604430754088894;0.05042189696208449;0.05042189696208449;0.05042189696208449;0.1;3;0;0;0;
ATG;0.006;0.819;0.113;0.0;0.0;0.054;0.0;0.0;0.0;0.005;;0.0;0.004;;;;;;0.1;3;0;0;0;
AUS;0.929;0.071;0.0;0.0;0.0;0.0;0.0;0.0;0.0;0.0;;0.0;0.0;0.014561638246041751;0.9292550314701751;0.01436822366671365;0.01436822366671365;0.01436822366671365;0.1;3;0;0;0;
AUT;0.96;0.04;0.0;0.0;0.0;0.0;0.0;0.0;0.0;0.0;;0.0;0.0;0.06213651047386791;0.9264571073743548;0.008126180968067826;0.008126180968067826;0.008126180968067826;0.1;3;0;0;0;
AZE;0.985;0.0;0.0;0.0;0.0;0.0;0.0;0.0;0.0;0.0;;0.0;0.015;;;;;;0.1;3;0;0;0;
BDI;0.004;0.033;0.002;0.0;0.0;0.483;0.452;0.0;0.001;0.022;;0.002;0.0;;;;;;0.1;3;0;0;0;
BEL;0.0;0.0;0.0;0.0;0.0;1.0;0.0;0.0;0.0;0.0;;0.0;0.0;0.05493117043903168;0.8391077207687665;0.05493117043903168;0.05493117043903168;0.05493117043903168;0.1;3;0;0;0;
BEN;0.0;0.0;0.0;0.0;0.0;0.0;0.0;0.0;0.0;0.454;;0.0;0.546;0.024499782381022718;0.002512974960463339;0.0;0.0;0.0;0.1;3;0;0;0;
BFA;0.003;0.012;0.005;0.001;0.0;0.47100000000000003;0.081;0.0;0.003;0.42;;0.003;0.0;0.09666974561986598;0.00079499504027381;0.0;0.0;0.0;0.1;3;0;0;0;
BGD;0.0;0.0;0.0;0.0;0.0;0.218;0.0;0.0;0.133;0.013;;0.0;0.001;0.2748023715701168;0.03495956671792192;0.0;0.0;0.0;0.1;3;0;0;0;Does not add up to 100%
BGR;0.7625;0.238;0.0;0.0;0.0;0.0;0.0;0.0;0.0;0.0;;0.0;0.0;0.02846581998704118;0.6780635685419781;0.02803668321654311;0.02803668321654311;0.02803668321654311;0.1;3;0;0;0;
BHR;0.768;0.233;0.0;0.0;0.0;0.0;0.0;0.0;0.0;0.0;;0.0;0.0;0.0;0.8515332924347918;0.07075419994621526;0.07075419994621526;0.07075419994621526;0.1;3;0;0;0;
BHS;0.698;0.0;0.0;0.0;0.0;0.0;0.0;0.0;0.0;0.0;;0.0;0.302;;;;;;0.1;3;0;0;0;
BIH;0.479;0.38;0.0;0.0;0.0;0.0;0.0;0.0;0.0;0.0;;0.0;0.141;;;;;;0.1;3;0;0;0;
BLM;0.059;0.854;0.082;0.0;0.0;0.004;0.0;0.0;0.0;0.0;;0.0;0.0;;;;;;0.1;3;0;0;0;
BLR;0.948;0.0;0.0;0.0;0.0;0.0;0.0;0.0;0.0;0.0;;0.0;0.052;0.08616489411143541;0.6232647813394732;0.04092805235677477;0.04092805235677477;0.04092805235677477;0.1;3;0;0;0;
BLZ;0.0;0.0;0.0;0.0;0.0;0.82;0.0;0.0;0.0;0.0;;0.0;0.18;;;;;;0.1;3;0;0;0;
BMU;0.0;0.0;0.0;0.0;0.0;0.999;0.0;0.0;0.0;0.0;;0.0;0.001;;0.015;;;;0.1;3;0;0;0;
BOL;0.51;0.127;0.021;0.001;0.001;0.154;0.078;0.0;0.0;0.098;;0.011;0.0;;;;;;0.1;3;0;0;0;
BRA;0.658;0.0;0.0;0.016;0.0;0.288;0.013;0.0;0.0;0.008;;0.0;0.017;0.06879745427524422;0.3895029152976243;0.037902589646350446;0.037902589646350446;0.037902589646350446;0.1;3;0;0;0;
BRB;0.016;0.058;0.885;0.0;0.0;0.036;0.0;0.0;0.0;0.0;;0.0;0.005;;;;;;0.1;3;0;0;0;
BRN;0.0;0.986;0.0;0.0;0.0;0.0;0.0;0.0;0.014;0.0;;0.0;0.0;;;;;;0.1;3;0;0;0;
BTN;0.042;0.427;0.0;0.035;0.0;0.19499999999999998;0.265;0.0;0.0;0.0;;0.0;0.036000000000000004;0.41769068772868556;0.08739174432760204;0.0;0.0;0.0;0.1;3;0;0;0;
CAF;0.001;0.001;0.0025;0.0005;0.0;0.11750000000000001;0.2335;0.0;0.0195;0.1365;;0.0345;0.453;0.1331671779866197;0.000301932143397735;0.0;0.0;0.0;0.1;3;0;0;0;
CAN;0.844;0.14;0.0;0.0;0.0;0.0;0.0;0.0;0.0;0.0;;0.0;0.0;0.005563118409935682;0.7178830116030359;0.1158236164620237;0.1158236164620237;0.1158236164620237;0.1;3;0;0;0;
CHE;0.0;0.0;0.0;0.0;0.0;0.0;0.0;0.0;0.0;0.0;;0.0;0.0;0.002043145381498788;0.9940661092413415;0.002043145381498788;0.002043145381498788;0.002043145381498788;0.1;3;0;0;0;
CHL;0.869;0.085;0.022;0.0;0.0;0.018;0.0;0.0;0.0;0.005;;0.0;0.0;0.03156382432713955;0.8901005797302486;0.03156382432713955;0.03156382432713955;0.03156382432713955;0.1;3;0;0;0;
CHN;0.0;0.0;0.0;0.0;0.039;0.28200000000000003;0.0;0.0;0.0;0.01;;0.0;0.003;0.04291100308609412;0.596658033178845;0.03263328875700048;0.03263328875700048;0.03263328875700048;0.1;3;0;0;0;Does not add up to 100%
CIV;0.072;0.17;0.019;0.004;0.004;0.389;0.109;0.008;0.006;0.203;;0.005;0.01;0.1543773965453033;0.01808466678344536;0.0;0.0;0.0;0.1;3;0;0;0;
CMR;0.0;0.0;0.0;0.0;0.0;0.0;0.0;0.0;0.0;0.059;;0.0;0.941;;;;;;0.1;3;0;0;0;
COD;0.009;0.084;0.017;0.006;0.002;0.21;0.517;0.001;0.029;0.116;;0.004;0.005;0.1295736211604274;0.000784126882376667;0.0;0.0;0.0;0.1;3;0;0;0;
COG;0.0;0.161;0.019;0.002;0.001;0.36400000000000005;0.333;0.004;0.008;0.088;;0.018;0.002;;;;;;0.1;3;0;0;0;
COL;0.743;0.18;0.008;0.025;0.0;0.004;0.0;0.0;0.0;0.038;;0.0;0.0;0.05308203012859507;0.1229126041458893;0.0085769258302293;0.0085769258302293;0.0085769258302293;0.1;3;0;0;0;
CPV;0.148;0.2645;0.013;0.0005;0.0;0.001;0.0;0.0;0.0;0.1175;;0.0;0.4565;;;;;;0.1;3;0;0;0;
CRI;0.241;0.725;0.018;0.0;0.0;0.012;0.0;0.0;0.0;0.003;;0.0;0.001;0.2132448712835436;0.040281653006788175;0.0;0.0;0.0;0.1;3;0;0;0;
CUB;0.0;0.0;0.0;0.0;0.0;0.995;0.0;0.0;0.0;0.0;;0.0;0.005;0.21534218295650678;0.163666281853588;0.03425839120408143;0.03425839120408143;0.03425839120408143;0.1;3;0;0;0;
CUW;0.186;0.802;0.0;0.0;0.0;0.0;0.0;0.0;0.0;0.004;;0.0;0.008;;;;;;0.1;3;0;0;0;
CYM;0.156;0.646;0.136;0.0;0.0;0.001;0.0;0.0;0.0;0.0;;0.0;0.062;;0.1270130395984389;;;;0.1;3;0;0;0;
CYP;0.872;0.128;0.0;0.0;0.0;0.0;0.0;0.0;0.0;0.0;;0.0;0.0;0.134586959914307;0.4992712312543421;0.134586959914307;0.134586959914307;0.134586959914307;0.1;3;0;0;0;
CZE;0.86;0.0;0.0;0.0;0.0;0.0;0.0;0.0;0.0;0.0;;0.0;0.0;0.02897126582941317;0.8390129381171252;0.02892709057319328;0.02892709057319328;0.02892709057319328;0.1;3;0;0;0;Does not add up to 100%
DEU;0.0;0.0;0.0;0.0;0.0;0.0;0.0;0.0;0.0;0.0;;0.0;0.0;0.008398824127389182;0.9463652526258941;0.01413441223761277;0.01413441223761277;0.01413441223761277;0.1;3;0;0;0;
DJI;0.0;0.0;0.0;0.0;0.0;0.584;0.0;0.0;0.0;0.124;;0.0;0.0;0.37261813240752895;0.023393922347463462;0.0;0.0;0.0;0.1;3;0;0;0;Does not add up to 100%
DNK;0.92;0.078;0.002;0.0;0.0;0.0;0.0;0.0;0.0;0.0;;0.0;0.0;0.05782755981760519;0.9203352607550727;0.009855468788299081;0.009855468788299081;0.009855468788299081;0.1;3;0;0;0;
DOM;0.205;0.647;0.0;0.003;0.032;0.083;0.011;0.0;0.0;0.017;;0.0;0.0;0.33650130639007864;0.09480055073705174;0.0;0.0;0.0;0.1;3;0;0;0;
DZA;0.844;0.076;0.005;0.036;0.036;0.028;0.005;0.0;0.0;0.005;;0.0;0.0;0.03329270047318122;0.5839930583413027;0.006815237248949174;0.006815237248949174;0.006815237248949174;0.1;3;0;0;0;
ECU;0.639;0.278;0.04;0.0;0.0;0.0;0.0;0.0;0.0;0.031;;0.0;0.011;0.2435408056110607;0.1698653743240367;0.002513778188165937;0.002513778188165937;0.002513778188165937;0.1;3;0;0;0;
EGY;0.6835;0.1095;0.0;0.0035;0.1615;0.0;0.0;0.0;0.0;0.003;;0.0;0.039;0.0700437776496212;0.5475163183672668;0.05416178594626075;0.05416178594626075;0.05416178594626075;0.1;3;0;0;0;
ESP;0.965;0.011;0.004;0.0;0.0;0.0;0.0;0.0;0.0;0.0;;0.0;0.016;0.001737870189864747;0.8604596821852162;0.03745659053417143;0.03745659053417143;0.03745659053417143;0.1;3;0;0;0;
EST;0.415;0.0;0.0;0.0;0.0;0.0;0.0;0.0;0.0;0.0;;0.0;0.0125;0.044357291375307126;0.8153652599032415;0.044357291375307126;0.044357291375307126;0.044357291375307126;0.1;3;0;0;0;Does not add up to 100%
ETH;0.0;0.0;0.0;0.0;0.0;0.0;0.0;0.0;0.0;0.37;;0.0;0.63;0.07030415413170507;0.001893863009335754;0.0;0.0;0.0;0.1;3;0;0;0;
FIN;0.85;0.15;0.0;0.0;0.0;0.0;0.0;0.0;0.0;0.0;;0.0;0.0;0.000830069240119372;0.8536192360736574;0.0456538082065653;0.0456538082065653;0.0456538082065653;0.1;3;0;0;0;
FJI;0.226;0.634;0.079;0.002;0.0;0.041;0.012;0.002;0.0;0.002;;0.0;0.002;0.3861172532194649;0.10182314875199121;0.0;0.0;0.0;0.1;3;0;0;0;
FLK;1.0;0.0;0.0;0.0;0.0;0.0;0.0;0.0;0.0;0.0;;0.0;0.0;;;;;;0.1;3;0;0;0;
FRA;0.82;0.18;0.0;0.0;0.0;0.0;0.0;0.0;0.0;0.0;;0.0;0.0;0.10813037215165361;0.7885234418755729;0.0;0.0;0.0;0.1;3;0;0;0;
FSM;0.1415;0.2325;0.0;0.0;0.0;0.091;0.0;0.0;0.0;0.0;;0.0;0.035;;;;;;0.1;3;0;0;0;Does not add up to 100%
GAB;0.0;0.0;0.0;0.0;0.0;0.0;0.0;0.0;0.0;0.028;;0.0;0.972;;;;;;0.1;3;0;0;0;
GBR;0.996;0.0;0.0;0.0;0.0;0.0;0.0;0.0;0.0;0.0;;0.0;0.004;0.004941535585804671;0.9712817602997228;0.004941535585804671;0.004941535585804671;0.004941535585804671;0.1;3;0;0;0;
GEO;0.5885;0.039;0.028;0.0475;0.0005;0.275;0.0205;0.0;0.0;0.0;;0.0;0.0005;0.1492807622842737;0.0914977659511238;0.0;0.0;0.0;0.1;3;0;0;0;
GHA;0.0;0.0;0.0;0.0;0.0;0.0;0.0;0.0;0.0;0.285;;0.0;0.715;0.1534800980212816;0.004860921120165462;0.0;0.0;0.0;0.1;3;0;0;0;
GIB;1.0;0.0;0.0;0.0;0.0;0.0;0.0;0.0;0.0;0.0;;0.0;0.0;;;;;;0.1;3;0;0;0;
GIN;0.003;0.083;0.022;0.002;0.001;0.423;0.36;0.001;0.002;0.102;;0.001;0.0;;;;;;0.1;3;0;0;0;
GLP;0.375;0.034;0.574;0.0;0.0;0.022;0.0;0.0;0.0;0.0;;0.0;0.0;;;;;;0.1;3;0;0;0;
GMB;0.0;0.0;0.0;0.0;0.0;0.0;0.0;0.0;0.0;0.004;;0.0;0.996;0.2751784001995897;0.004682175732725948;0.0;0.0;0.0;0.1;3;0;0;0;
GNB;0.01;0.13;0.038;0.006;0.001;0.7060000000000001;0.0;0.0;0.001;0.106;;0.001;0.001;0.1510859702735872;0.003349777483460687;0.0;0.0;0.0;0.1;3;0;0;0;
GRC;0.819;0.181;0.0;0.0;0.0;0.0;0.0;0.0;0.0;0.0;;0.0;0.0;0.03420112520400592;0.8540632881005672;0.03420112520400592;0.03420112520400592;0.03420112520400592;0.1;3;0;0;0;
GRD;0.082;0.531;0.0;0.0;0.0;0.363;0.0;0.0;0.0;0.012;;0.0;0.012;;;;;;0.1;3;0;0;0;
GRL;0.0;0.375;0.0;0.375;0.0;0.25;0.0;0.0;0.0;0.0;;0.0;0.0;0.0;0.0;0.0;0.0;0.0;0.1;3;0;0;0;
GTM;0.426;0.135;0.086;0.0;0.0;0.325;0.0;0.0;0.0;0.027;;0.0;0.0;;;;;;0.1;3;0;0;0;
GUF;0.465;0.385;0.032;0.0;0.0;0.118;0.0;0.0;0.0;0.0;;0.0;0.0;0.13418652808179568;0.4818315353689695;0.13418652808179568;0.13418652808179568;0.13418652808179568;0.1;3;0;0;0;
GUM;0.681;0.307;0.0;0.0;0.0;0.0;0.0;0.0;0.0;0.0;;0.0;0.012;;;;;;0.1;3;0;0;0;
GUY;0.039;0.716;0.014;0.002;0.001;0.211;0.012;0.0;0.001;0.004;;0.0;0.0;0.42821277608408925;0.01398240407557075;0.0;0.0;0.0;0.1;3;0;0;0;
HKG;0.938;0.0;0.0;0.0;0.0;0.0;0.0;0.0;0.0;0.0;;0.0;0.0;0.01521578520151323;0.9346101694915254;0.01521578520151323;0.01521578520151323;0.01521578520151323;0.1;3;0;0;0;
HND;0.367;0.283;0.223;0.012;0.003;0.051;0.0;0.0;0.0;0.054;;0.0;0.006;0.37973784238447017;0.1457560397348744;0.000566676702948523;0.000566676702948523;0.000566676702948523;0.1;3;0;0;0;
HRV;0.546;0.454;0.0;0.0;0.0;0.0;0.0;0.0;0.0;0.0;;0.0;0.0;;;;;;0.1;3;0;0;0;
HUN;0.828;0.0;0.0;0.0;0.0;0.0;0.0;0.0;0.0;0.0;;0.0;0.0;0.03931269387728298;0.7997810649344568;0.03931269387728298;0.03931269387728298;0.03931269387728298;0.1;3;0;0;0;Does not add up to 100%
IDN;0.0;0.723;0.0;0.0;0.0;0.121;0.0;0.0;0.0;0.094;;0.0;0.0;;;;;;0.1;3;0;0;0;
IMN;0.899;0.101;0.0;0.0;0.0;0.0;0.0;0.0;0.0;0.0;;0.0;0.0;0.02529761904761905;0.7976190476190478;0.02529761904761905;0.02529761904761905;0.02529761904761905;0.1;3;0;0;0;
IND;0.1;0.444;0.126;0.008;0.002;0.066;0.011;0.0;0.0;0.193;;0.047;0.003;0.4657241945802618;0.048844589085869104;0.006830547300330544;0.006830547300330544;0.006830547300330544;0.1;3;0;0;0;
IRL;0.659;0.258;0.0;0.0;0.0;0.036;0.0;0.0;0.0;0.0;;0.0;0.047;0.1846087382738818;0.6077577572266185;0.005601489054186443;0.005601489054186443;0.005601489054186443;0.1;3;0;0;0;
IRN;0.224;0.017;0.738;0.0;0.0;0.0;0.004;0.0;0.0;0.006;;0.0;0.011;;0.2371395715035064;;;;0.1;3;0;0;0;
IRQ;0.374;0.517;0.0;0.0;0.0;0.0;0.0;0.0;0.0;0.0;;0.0;0.108;0.2568550141399944;0.2707974849035083;0.0;0.0;0.0;0.1;3;0;0;0;
ISL;0.96;0.04;0.0;0.0;0.0;0.0;0.0;0.0;0.0;0.0;;0.0;0.0;;;;;;0.1;3;0;0;0;
ISR;0.0;0.0;0.0;0.0;0.0;0.999;0.0;0.0;0.0;0.0;;0.0;0.001;0.0018754502542604808;0.9588282534041359;0.001824166410023081;0.001824166410023081;0.001824166410023081;0.1;3;0;0;0;
ITA;0.0;0.0;0.0;0.0;0.0;0.0;0.0;0.0;0.0;0.0;;0.0;0.0;0.008160303615169512;0.7742094614784923;0.007942701180876414;0.007942701180876414;0.007942701180876414;0.1;3;0;0;0;
JAM;0.178;0.559;0.062;0.0;0.0;0.19;0.0;0.0;0.0;0.002;;0.0;0.008;;0.0786752425283996;;;;0.1;3;0;0;0;
JOR;0.0;0.0;0.0;0.0;0.0;0.0;0.0;0.0;0.0;0.0;;0.0;0.0;0.08231829356253519;0.6590861881144104;0.08231829356253519;0.08231829356253519;0.08231829356253519;0.1;3;0;0;0;
JPN;0.769;0.187;0.0;0.0;0.0;0.044;0.0;0.0;0.0;0.0;;0.0;0.0;3.79861192564e-19;0.7968692265414015;0.194538338215883;0.194538338215883;0.194538338215883;0.1;3;0;0;0;
KEN;0.0685;0.057;0.0425;0.0095;0.0025;0.421;0.3105;0.002;0.0015;0.07250000000000001;;0.012;0.0005;0.30020651197573267;0.014782525348859741;0.0;0.0;0.0;0.1;3;0;0;0;
KGZ;0.179;0.012;0.088;0.0;0.0;0.72;0.001;0.0;0.0;0.0;;0.0;0.0;0.7765628506845537;0.14979813683134;0.0;0.0;0.0;0.1;3;0;0;0;
KHM;0.149;0.726;0.0;0.015;0.0;0.005;0.001;0.0;0.004;0.1;;0.0;0.0;0.2961470124662362;0.07118188832441709;0.0;0.0;0.0;0.1;3;0;0;0;
KIR;0.037;0.373;0.105;0.014;0.01;0.004;0.011;0.036;0.0;0.404;;0.006;0.0;0.22992858347945191;0.01799451674137931;0.0;0.0;0.0;0.1;3;0;0;0;
KOR;0.941;0.032;0.0;0.0;0.0;0.023;0.0;0.0;0.0;0.0;;0.0;0.005;0.0;0.9944746016069063;0.0;0.0;0.0;0.1;3;0;0;0;
KWT;0.0;0.0;0.0;0.0;0.0;0.0;0.0;0.0;0.0;0.0;;0.0;0.0;0.0;1.0;0.0;0.0;0.0;0.1;3;0;0;0;
LAO;0.01;0.107;0.61;0.014;0.008;0.004;0.003;0.0;0.0;0.239;;0.0;0.005;0.6057867844946414;0.0054876853403212624;0.0;0.0;0.0;0.1;3;0;0;0;
LBN;0.723;0.256;0.0;0.019;0.0;0.0;0.0;0.0;0.0;0.002;;0.0;0.0;0.07321580091038034;0.16776960405253638;0.01574139719573177;0.01574139719573177;0.01574139719573177;0.1;3;0;0;0;
LBR;0.0045;0.1385;0.0395;0.0055;0.001;0.053;0.0575;0.002;0.0215;0.27749999999999997;;0.002;0.3975;;;;;;0.1;3;0;0;0;
LBY;0.0;0.0;0.0;0.0;0.0;0.986;0.0;0.0;0.0;0.014;;0.0;0.0;0.1197627421867118;0.09993537610941117;0.01860727845124829;0.01860727845124829;0.01860727845124829;0.1;3;0;0;0;
LCA;0.052;0.715;0.003;0.0;0.002;0.206;0.001;0.003;0.0;0.018;;0.0;0.0;;;;;;0.1;3;0;0;0;
LIE;0.987;0.012;0.0;0.0;0.0;0.0;0.0;0.0;0.0;0.0;;0.0;0.001;0.00025;0.9558377982211305;0.006125;0.006125;0.006125;0.1;3;0;0;0;
LKA;0.0;0.0;0.0;0.0;0.0;0.932;0.0;0.0;0.0;0.002;;0.0;0.066;;;;;;0.1;3;0;0;0;
LSO;0.0;0.0;0.0;0.0;0.0;0.0;0.0;0.0;0.0;0.129;;0.0;0.871;0.47170346202102437;0.0034589978291276707;0.0;0.0;0.0;0.1;3;0;0;0;
LTU;0.901;0.0;0.0;0.0;0.0;0.0;0.0;0.0;0.0;0.0;;0.0;0.099;0.017456018729725128;0.9181553259831269;0.017456018729725128;0.017456018729725128;0.017456018729725128;0.1;3;0;0;0;
LUX;1.0;0.0;0.0;0.0;0.0;0.0;0.0;0.0;0.0;0.0;;0.0;0.0;0.0038353115929312394;0.9503420950581861;0.0038052798280305126;0.0038052798280305126;0.0038052798280305126;0.1;3;0;0;0;
LVA;0.8495;0.0995;0.0155;0.0;0.0;0.0;0.0;0.0;0.0;0.0;;0.0;0.035;;;;;;0.1;3;0;0;0;
MAC;0.929;0.0;0.0;0.0;0.0;0.0;0.0;0.0;0.0;0.007;;0.0;0.064;0.0;0.6812210975427252;0.0;0.0;0.0;0.1;3;0;0;0;
MAF;0.595;0.4;0.003;0.0;0.0;0.002;0.0;0.0;0.0;0.0;;0.0;0.0;;;;;;0.1;3;0;0;0;
MAR;0.0;0.0;0.0;0.0;0.0;0.0;0.0;0.0;0.0;0.001;;0.0;0.999;0.09008657298252239;0.2114222523469467;0.07771608206487875;0.07771608206487875;0.07771608206487875;0.1;3;0;0;0;
MCO;0.0;0.0;0.0;0.0;0.0;1.0;0.0;0.0;0.0;0.0;;0.0;0.0;0.0;1.0;0.0;0.0;0.0;0.1;3;0;0;0;
MDA;0.328;0.438;0.0;0.0;0.0;0.0;0.0;0.0;0.0;0.0;;0.0;0.234;;0.3100325343474969;;;;0.1;3;0;0;0;
MDG;0.008;0.048;0.005;0.001;0.001;0.262;0.333;0.002;0.002;0.337;;0.0;0.001;0.12075218698277929;0.0025228958712377753;0.0;0.0;0.0;0.1;3;0;0;0;
MDV;0.33;0.17;0.0;0.0;0.0;0.0;0.0;0.0;0.0;0.0;;0.0;0.0;;;;;;0.1;3;0;0;0;Does not add up to 100%
MEX;0.803;0.171;0.0;0.009;0.0;0.009;0.0;0.0;0.0;0.006;;0.0;0.002;0.04527792271287974;0.5495009108452714;0.032564493918113786;0.032564493918113786;0.032564493918113786;0.1;3;0;0;0;
MHL;0.577;0.271;0.007;0.007;0.006;0.001;0.002;0.041;0.0;0.087;;0.001;0.0;;;;;;0.1;3;0;0;0;
MLI;0.012;0.028;0.02;0.001;0.001;0.456;0.362;0.0;0.024;0.089;;0.007;0.0;0.15325352986061738;0.005942896898672967;0.0;0.0;0.0;0.1;3;0;0;0;
MLT;0.989;0.0;0.011;0.0;0.0;0.0;0.0;0.0;0.0;0.0;;0.0;0.0;0.0;0.8739879894451654;0.007775633705670597;0.007775633705670597;0.007775633705670597;0.1;3;0;0;0;
MMR;0.026;0.235;0.592;0.009;0.001;0.062;0.016;0.0;0.008;0.049;;0.0;0.002;0.6022752107113717;0.0038722837660722957;0.0;0.0;0.0;0.1;3;0;0;0;
MNE;0.45;0.42;0.0;0.05;0.0;0.0;0.0;0.0;0.0;0.0;;0.0;0.08;0.1980018808623788;0.3466963805755242;0.02929857023124229;0.02929857023124229;0.02929857023124229;0.1;3;0;0;0;
MNG;0.269;0.013;0.002;0.0;0.011;0.641;0.034;0.0;0.0;0.026;;0.005;0.001;0.4605473774329588;0.19909372603552972;0.0;0.0;0.0;0.1;3;0;0;0;
MNP;0.506;0.476;0.0;0.0;0.0;0.0;0.0;0.0;0.0;0.0;;0.0;0.018;;;;;;0.1;3;0;0;0;
MOZ;0.0045;0.043;0.0085;0.0035;0.0;0.1335;0.1625;0.0005;0.0;0.1485;;0.0005;0.495;;;;;;0.1;3;0;0;0;
MRT;0.025;0.0;0.192;0.0;0.017;0.243;0.127;0.0;0.0;0.388;;0.0;0.008;;;;;;0.1;3;0;0;0;
MSR;0.185;0.773;0.0;0.0;0.0;0.024;0.0;0.0;0.0;0.017;;0.0;0.001;;;;;;0.1;3;0;0;0;
MTQ;0.454;0.519;0.006;0.0;0.0;0.021;0.0;0.0;0.0;0.0;;0.0;0.0;;0.4637780702575185;;;;0.1;3;0;0;0;
MUS;0.0;0.0;0.0;0.0;0.0;0.0;0.0;0.0;0.0;0.002;;0.0;0.998;;;;;;0.1;3;0;0;0;
MWI;0.0035;0.018000000000000002;0.001;0.0;0.0;0.5545;0.338;0.0;0.002;0.07300000000000001;;0.006;0.0035;0.4574141709244364;0.004493928657902415;0.0;0.0;0.0;0.1;3;0;0;0;
MYS;0.784;0.216;0.0;0.0;0.0;0.0;0.0;0.0;0.0;0.0;;0.0;0.0;0.08296771385294222;0.7720623038855987;0.004655977797788003;0.004655977797788003;0.004655977797788003;0.1;3;0;0;0;
MYT;0.467;0.353;0.11;0.0;0.0;0.07;0.0;0.0;0.0;0.0;;0.0;0.0;;;;;;0.1;3;0;0;0;
NAM;0.0;0.0;0.0;0.0;0.0;0.0;0.0;0.0;0.0;0.323;;0.0;0.677;;;;;;0.1;3;0;0;0;
NER;0.009;0.018;0.033;0.003;0.001;0.116;0.126;0.0;0.04;0.644;;0.001;0.009;0.07379157446358936;0.007368956769307738;0.0;0.0;0.0;0.1;3;0;0;0;
NGA;0.05066666666666667;0.19699999999999998;0.08366666666666667;0.005;0.0023333333333333335;0.24266666666666667;0.17400000000000002;0.0016666666666666668;0.011333333333333334;0.215;;0.008333333333333333;0.008666666666666666;0.2897563638973722;0.02995936104315089;0.0;0.0;0.0;0.1;3;0;0;0;
NIC;0.287;0.191;0.0;0.002;0.375;0.098;0.0;0.0;0.0;0.047;;0.0;0.0;;;;;;0.1;3;0;0;0;
NIU;0.0;0.961;0.0;0.0;0.0;0.0;0.0;0.008;0.0;0.006;;0.0;0.0;;;;;;0.1;3;0;0;0;
NLD;0.995;0.005;0.0;0.0;0.0;0.0;0.0;0.0;0.0;0.0;;0.0;0.0;0.000864550686102726;0.9732481041236647;0.000864550686102726;0.000864550686102726;0.000864550686102726;0.1;3;0;0;0;
NOR;0.429;0.0675;0.0;0.0;0.0;0.0;0.0;0.0;0.0;0.0;;0.0005;0.003;0.058368901035223866;0.6413971858198215;0.08093115399944267;0.08093115399944267;0.08093115399944267;0.1;3;0;0;0;Does not add up to 100%
NPL;0.105;0.531;0.247;0.007;0.002;0.039;0.002;0.0;0.0;0.05;;0.014;0.003;0.4847691681139856;0.02099517650540478;0.0;0.0;0.0;0.1;3;0;0;0;
NZL;0.818;0.182;0.0;0.0;0.0;0.0;0.0;0.0;0.0;0.0;;0.0;0.0;0.040682028170842724;0.8074720659576703;0.0392340906743166;0.0392340906743166;0.0392340906743166;0.1;3;0;0;0;
OMN;0.259;0.0;0.739;0.0;0.001;0.0;0.0;0.0;0.0;0.001;;0.0;0.0;;0.2160711377785482;;;;0.1;3;0;0;0;
PAK;0.274;0.209;0.165;0.176;0.0;0.048;0.0;0.0;0.022;0.092;;0.002;0.011;0.2811237774815493;;;;;0.1;3;0;0;0;
PAN;0.0;0.0;0.0;0.0;0.0;0.239;0.0;0.0;0.0;0.042;;0.0;0.0;;0.2097696934654775;;;;0.1;3;0;0;0;Does not add up to 100%
PER;0.7226666666666667;0.05833333333333333;0.0;0.006666666666666665;0.0;0.08666666666666667;0.05933333333333333;0.0;0.0003333333333333333;0.036333333333333336;;0.0;0.03;0.049671339249587616;0.4842114066232777;0.04133475955146205;0.04133475955146205;0.04133475955146205;0.1;3;0;0;0;
PHL;0.052;0.779;0.07;0.006;0.0;0.02;0.014;0.001;0.008;0.045;;0.001;0.001;0.5947752647183867;0.0325708807434798;0.0;0.0;0.0;0.1;3;0;0;0;
PLW;0.832;0.0;0.0;0.0;0.113;0.051;0.0;0.0;0.0;0.0;;0.0;0.003;;;;;;0.1;3;0;0;0;
POL;0.712;0.0;0.0;0.0;0.0;0.0;0.0;0.0;0.0;0.0;;0.0;0.288;0.0;0.77181390971091;0.207365790400553;0.207365790400553;0.207365790400553;0.1;3;0;0;0;
PRI;0.993;0.0;0.0;0.0;0.0;0.0;0.0;0.0;0.0;0.007;;0.0;0.0;0.0;0.3250916087980982;0.0;0.0;0.0;0.1;3;0;0;0;
PRK;0.446;0.096;0.027;0.001;0.0;0.272;0.158;0.0;0.0;0.0;;0.0;0.0;0.008688604256774125;;;;;0.1;3;0;0;0;
PRT;0.86;0.14;0.0;0.0;0.0;0.0;0.0;0.0;0.0;0.0;;0.0;0.0;0.05680628071004709;0.8648496073402232;0.005904946156690269;0.005904946156690269;0.005904946156690269;0.1;3;0;0;0;
PRY;0.079;0.54;0.254;0.006;0.0;0.11399999999999999;0.0;0.0;0.0;0.006;;0.0;0.0;0.514589581873033;0.03734173488172502;0.0;0.0;0.0;0.1;3;0;0;0;
PSE;0.553;0.105;0.332;0.002;0.0;0.0;0.0;0.0;0.0;0.001;;0.0;0.007;0.2650727320170816;0.3818037834147086;0.054210731584725454;0.054210731584725454;0.054210731584725454;0.1;3;0;0;0;
PYF;0.192;0.782;0.0;0.026;0.0;0.0;0.0;0.0;0.0;0.0;;0.0;0.0;;0.06381607773852695;;;;0.1;3;0;0;0;
QAT;0.947;0.053;0.0;0.0;0.0;0.0;0.0;0.0;0.0;0.0;;0.0;0.0;0.0;0.9993654508378802;0.0;0.0;0.0;0.1;3;0;0;0;
REU;0.498;0.46;0.028;0.0;0.0;0.014;0.0;0.0;0.0;0.0;;0.0;0.0;0.1255349480014331;0.5171189413748326;0.1242795985214188;0.1242795985214188;0.1242795985214188;0.1;3;0;0;0;
ROU;0.672;0.0;0.0;0.0;0.0;0.0;0.0;0.0;0.0;0.0;;0.0;0.228;0.1597238381360073;0.556758921499056;0.1592859896275601;0.1592859896275601;0.1592859896275601;0.1;3;0;0;0;
RUS;0.726;0.0;0.0;0.0;0.0;0.0;0.0;0.0;0.0;0.0;;0.0;0.274;0.056122928469144524;0.5180258692353771;0.037894700203245806;0.037894700203245806;0.037894700203245806;0.1;3;0;0;0;
RWA;0.014;0.01;0.008;0.015;0.001;0.6930000000000001;0.232;0.0;0.0;0.026;;0.001;0.0;;;;;;0.1;3;0;0;0;
SAU;0.599;0.394;0.0;0.0;0.0;0.007;0.0;0.0;0.0;0.0;;0.0;0.0;0.06800806304912921;0.6673389579161904;0.06535023872104752;0.06535023872104752;0.06535023872104752;0.1;3;0;0;0;
SDN;0.0;0.0;0.0;0.0;0.0;0.0;0.0;0.0;0.0;0.161;;0.0;0.839;;;;;;0.1;3;0;0;0;
SEN;0.0405;0.205;0.0505;0.0025;0.0;0.064;0.085;0.0;0.006;0.062;;0.004;0.4805;0.1132578762561753;0.027358145673365447;0.0;0.0;0.0;0.1;3;0;0;0;
SGP;1.0;0.0;0.0;0.0;0.0;0.0;0.0;0.0;0.0;0.0;;0.0;0.0;0.0;1.0;0.0;0.0;0.0;0.1;3;0;0;0;
SLE;0.0;0.0;0.0;0.0;0.0;0.0;0.0;0.0;0.0;0.145;;0.0;0.855;0.1521195764280479;0.0017549449121362982;0.0;0.0;0.0;0.1;3;0;0;0;
SLV;0.347;0.25;0.0;0.0;0.0;0.325;0.0;0.0;0.0;0.012;;0.066;0.0;;0.01768713222085416;;;;0.1;3;0;0;0;
SMR;0.0;0.0;0.0;0.0;0.0;0.0;0.0;0.0;0.0;0.0;;0.0;0.0;0.0375;0.8279000000000001;0.036525;0.036525;0.036525;0.1;3;0;0;0;
SOM;0.061;0.044;0.178;0.008;0.006;0.315;0.175;0.02;0.004;0.18;;0.0;0.009;0.30507782698035824;0.020542701665003583;0.0;0.0;0.0;0.1;3;0;0;0;
SRB;0.582;0.373;0.002;0.012;0.0;0.029;0.001;0.0;0.0;0.001;;0.0;0.0;0.1381793127213502;0.09160812125609645;0.02408696931230947;0.02408696931230947;0.02408696931230947;0.1;3;0;0;0;
SSD;0.0;0.0;0.0;0.0;0.0;0.0;0.0;0.0;0.0;0.787;;0.0;0.213;;;;;;0.1;3;0;0;0;
STP;0.0;0.0;0.0;0.0;0.0;0.0;0.0;0.0;0.0;0.207;;0.0;0.793;0.2737012023124872;0.06633368444897973;0.0;0.0;0.0;0.1;3;0;0;0;
SUR;0.0;0.787;0.0;0.0;0.0;0.127;0.012;0.0;0.0;0.033;;0.0;0.041;0.24067216776994851;0.010924424915719851;0.0;0.0;0.0;0.1;3;0;0;0;
SVK;0.697;0.0;0.0;0.0;0.0;0.0;0.0;0.0;0.0;0.0;;0.0;0.0;0.0840084183097548;0.658949763051875;0.08197583013006904;0.08197583013006904;0.08197583013006904;0.1;3;0;0;0;Does not add up to 100%
SVN;0.671;0.323;0.0;0.0;0.0;0.0;0.0;0.0;0.0;0.0;;0.0;0.0;0.09126633511162659;0.6718754685259171;0.07727261890574359;0.07727261890574359;0.07727261890574359;0.1;3;0;0;0;
SWE;0.891;0.102;0.0;0.0;0.0;0.0;0.0;0.0;0.0;0.0;;0.0;0.006;0.0045475019310213536;0.8802326888752132;0.07077967974580383;0.07077967974580383;0.07077967974580383;0.1;3;0;0;0;
SWZ;0.0;0.0;0.0;0.0;0.0;0.0;0.0;0.0;0.0;0.028;;0.0;0.972;;0.05099388630841539;;;;0.1;3;0;0;0;
SXM;0.1;0.425;0.0;0.0;0.462;0.0;0.0;0.0;0.0;0.002;;0.0;0.011;;;;;;0.1;3;0;0;0;
SYC;0.143;0.824;0.0;0.0;0.0;0.009;0.0;0.0;0.0;0.009;;0.0;0.015;;;;;;0.1;3;0;0;0;
SYR;0.862;0.129;0.0;0.008;0.0;0.0;0.0;0.0;0.0;0.0;;0.0;0.001;;;;;;0.1;3;0;0;0;
TCA;0.0;0.907;0.026;0.0;0.033;0.022000000000000002;0.003;0.009;0.0;0.0;;0.0;0.0;0.3395235006098979;0.0;0.0;0.0;0.0;0.1;3;0;0;0;
TCD;0.003;0.0095;0.002;0.0125;0.001;0.14350000000000002;0.118;0.0065;0.0225;0.6665000000000001;;0.0115;0.0035;0.10705307310195691;0.002068874505615828;0.0;0.0;0.0;0.1;3;0;0;0;
TGO;0.0;0.0;0.0;0.0;0.0;0.0;0.0;0.0;0.0;0.357;;0.0;0.643;0.057159740643231996;0.000400996749470434;0.0;0.0;0.0;0.1;3;0;0;0;
THA;0.0;0.0;0.0;0.0;0.329;0.6699999999999999;0.0;0.0;0.0;0.001;;0.0;0.0;0.1915855299307075;0.07156661338590459;0.0;0.0;0.0;0.1;3;0;0;0;
TJK;0.127;0.002;0.026;0.001;0.0;0.835;0.003;0.004;0.0;0.0;;0.002;0.0;;;;;;0.1;3;0;0;0;
TKM;0.227;0.022;0.032;0.005;0.001;0.713;0.0;0.0;0.0;0.0;;0.0;0.0;;;;;;0.1;3;0;0;0;
TLS;0.0;0.351;0.0;0.0;0.109;0.296;0.112;0.0;0.0;0.12;;0.0;0.012;;;;;;0.1;3;0;0;0;
TON;0.0;0.807;0.07;0.002;0.0;0.046;0.038;0.013;0.0;0.0;;0.003;0.021;0.30550946740428797;0.01497346092877984;0.0;0.0;0.0;0.1;3;0;0;0;
TTO;0.253;0.637;0.0;0.0;0.0;0.11;0.0;0.0;0.0;0.0;;0.0;0.0;;0.1890047884118966;;;;0.1;3;0;0;0;
TUN;0.0;0.0;0.0;0.0;0.0;0.0;0.0;0.0;0.0;0.005;;0.0;0.995;0.2114838482292872;0.5917696184820004;0.008039483686183554;0.008039483686183554;0.008039483686183554;0.1;3;0;0;0;
TUR;0.871;0.0;0.0;0.0;0.0;0.113;0.009;0.0;0.0;0.002;;0.0;0.003;0.05189948296998973;0.6909764846779979;0.04397861545646117;0.04397861545646117;0.04397861545646117;0.1;3;0;0;0;
TUV;0.469;0.424;0.0;0.0;0.0;0.0;0.0;0.0;0.0;0.092;;0.0;0.015;0.3723225530360986;0.0;0.0;0.0;0.0;0.1;3;0;0;0;
TZA;0.0;0.0;0.0;0.0;0.0;0.0;0.0;0.0;0.0;0.022;;0.0;0.978;0.2487880139733419;0.002359932000266318;0.0;0.0;0.0;0.1;3;0;0;0;
UGA;0.008;0.013;0.005;0.001;0.001;0.324;0.572;0.0;0.009;0.057;;0.01;0.001;0.1761302303254606;0.001830545369574226;0.0;0.0;0.0;0.1;3;0;0;0;
UKR;0.852;0.0;0.0;0.0;0.0;0.0;0.0;0.0;0.0;0.0;;0.0;0.148;0.2346846253934099;0.3314516603213994;0.1539927121391387;0.1539927121391387;0.1539927121391387;0.1;3;0;0;0;
URY;0.609;0.347;0.0;0.002;0.0;0.034;0.0;0.0;0.0;0.003;;0.0;0.006;;;;;;0.1;3;0;0;0;
USA;0.846;0.152;0.0;0.0;0.0;0.0;0.0;0.0;0.0;0.0;;0.0;0.002;0.0666033729839525;0.8381310472602977;0.0657248635222114;0.0657248635222114;0.0657248635222114;0.1;3;0;0;0;
VCT;0.027;0.679;0.0;0.0;0.0;0.252;0.0;0.0;0.0;0.033;;0.0;0.007;;;;;;0.1;3;0;0;0;
VEN;0.0;0.0;0.0;0.0;0.0;0.98;0.0;0.0;0.0;0.0;;0.0;0.0;0.02125216181275334;0.24386039249795602;0.005624384288536816;0.005624384288536816;0.005624384288536816;0.1;3;0;0;0;
VGB;0.32;0.64;0.0;0.0;0.0;0.01;0.0;0.0;0.0;0.0;;0.0;0.03;;;;;;0.1;3;0;0;0;
VIR;0.425;0.561;0.0;0.0;0.0;0.0;0.0;0.0;0.0;0.0;;0.0;0.014;;;;;;0.1;3;0;0;0;
VNM;0.045;0.777;0.05;0.006;0.002;0.034;0.008;0.002;0.033;0.026;;0.015;0.005;0.4196482928155069;0.01693818671670127;0.0;0.0;0.0;0.1;3;0;0;0;
VUT;0.037;0.123;0.024;0.002;0.0;0.33999999999999997;0.188;0.0;0.0;0.019;;0.0;0.267;;0.0;;;;0.1;3;0;0;0;
WLF;0.0;0.0;0.0;0.0;0.0;0.0;0.0;0.0;0.0;0.0;;0.0;0.0;;;;;;0.1;3;0;0;0;
WSM;0.0;0.89;0.083;0.001;0.0;0.014;0.005;0.0;0.0;0.002;;0.0;0.005;0.4292846989993972;0.0;0.0;0.0;0.0;0.1;3;0;0;0;
YEM;0.241;0.266;0.0;0.0;0.0;0.176;0.0;0.075;0.0;0.239;;0.0;0.003;0.07626679739370278;0.2153335557838998;0.024271674980823898;0.024271674980823898;0.024271674980823898;0.1;3;0;0;0;
ZAF;0.577;0.036;0.0;0.0;0.0;0.369;0.0;0.008;0.0;0.007;;0.001;0.003;0.1086607645136804;0.4809999434910301;0.10486832376991201;0.10486832376991201;0.10486832376991201;0.1;3;0;0;0;
ZMB;0.071;0.066;0.016;0.003;0.002;0.385;0.358;0.0;0.0;0.098;;0.0;0.001;;;;;;0.1;3;0;0;0;
ZWE;0.274;0.057;0.004;0.001;0.001;0.352;0.093;0.0;0.0;0.217;;0.001;0.001;0.2177099974882915;0.09904584902700146;0.001308448362061081;0.001308448362061081;0.001308448362061081;0.1;3;0;0;0;
