hdi_bin,context,flushSewer,flushSeptic,flushPit,flushUnknown,flushOpen,pitSlab,pitNoSlab,hangingToilet,bucketLatrine,compostingToilet,openDefecation,other,n_observations
0.225,Rural,0.12324755808498418,0.004747269756196114,0.001111981006659587,0.0,0.00022239620133191718,0.22459479117373896,0.11859323883317142,0.0017209939215950497,0.0016881462108513812,0.0029214226076096387,0.5211522022038617,0.0,1
0.275,Rural,0.12324755808498418,0.004747269756196114,0.001111981006659587,0.0,0.00022239620133191718,0.22459479117373896,0.11859323883317142,0.0017209939215950497,0.0016881462108513812,0.0029214226076096387,0.5211522022038617,0.0,1
0.325,Rural,0.12336892255472288,0.005905853564869185,0.0011231008167261825,0.0,0.0002246201633452363,0.26684073908547634,0.11977917122150311,0.0017382038608109998,0.0017050276729598946,0.0029506368336857346,0.4763637242259004,0.0,2
0.35,Rural,0.14310086001192965,0.003296606221778868,0.0005934103131456657,0.0,0.00011868206262913297,0.31018033108067106,0.07093861990346091,0.00116818311294209,0.0012731109144483003,0.0028716820511156334,0.46645851432787844,0.0,7
0.375,Rural,0.172409899784754,0.0,0.0,0.0,0.0,0.32997420512419756,0.03711465863555179,0.0005521498099793551,0.000822855031397945,0.0,0.441834549786943,0.017291681827176452,13
0.4,Rural,0.18313154492178854,0.0,0.0,0.0,0.0,0.38308057058157263,0.017320245888263006,0.002832818259096711,0.002043835892625838,0.0,0.3249376680378926,0.08665331641876074,23
0.425,Rural,0.19461909624157334,0.0,0.000201915214103502,0.0024314689391273106,0.0,0.44653407506215176,0.04307299629895667,0.004915045087405101,0.003763446269399526,0.0,0.2496431651136577,0.05481879177362509,18
0.45,Rural,0.19583083572722873,0.00031082797593783354,0.0,0.0029076842757560827,0.0,0.43911732631417827,0.09654372546611224,0.007597894687569832,0.004220528361040864,0.0020658241155426956,0.2514053530766335,0.0,20
0.475,Rural,0.22313270634452728,0.0,0.0,0.0014384353084655333,0.0,0.41768691430147253,0.0762552389390186,0.009395381782674976,0.0039003497808577712,0.0013966702702682512,0.2667943032727151,0.0,28
0.5,Rural,0.24379428843668347,0.0,0.0015821872016922192,0.0,0.0,0.36593381145783405,0.03390691199096976,0.00560852378993526,0.002208575162190149,0.0,0.2541896121871831,0.09277608977351202,46
0.525,Rural,0.2446354071697774,0.0,0.013644842841787472,0.00023963852387928297,0.0,0.3919050284789606,0.0,0.003417399877048204,0.0014001108500305303,0.0,0.24597296114791328,0.09878461111060324,28
0.55,Rural,0.2808600070732619,0.0,0.02488466626782271,0.00010894388742137838,0.0,0.4287750021344071,0.0,0.004614054282751125,0.0010094568857668602,0.0008208054843692065,0.21800815842109075,0.040918905563108884,44
0.575,Rural,0.3234151485469046,0.0,0.039043181168571535,0.0,0.0,0.4293313146238824,0.029391467453147104,0.00416984370393831,0.0,0.0031335781028082607,0.17151546640074775,0.0,35
0.6,Rural,0.3355451120347031,0.0,0.06187096094990697,0.0,0.0,0.4208484621792536,0.01824749251973493,0.003418633675769087,0.0,0.0013975345159658486,0.15867180412466636,0.0,27
0.625,Rural,0.3440784872058049,0.0,0.08279734937110007,0.03424681819418978,0.0,0.40707634519564156,0.0037646845218147337,0.004054586298704277,0.0005242998222910416,0.0,0.12345742939045351,0.0,38
0.65,Rural,0.363886179188897,0.0,0.0715559048042007,0.04085722651098424,0.008485532143708679,0.42334722533466207,0.0010745344176992155,0.00389853941745323,0.0016974952420121608,0.0,0.08519736294038256,0.0,54
0.675,Rural,0.3921956154375767,0.04143289770609739,0.06530268343152701,0.0427881662425533,0.011232876266524942,0.3756637719057397,0.0029541868230891387,0.002881993244743809,0.002624320438351195,0.002395675588388933,0.060527812915408,0.0,54
0.7,Rural,0.4291663506269781,0.06456882888110697,0.08113517632468388,0.05085685871871386,0.00927308124991033,0.31060372608920406,0.0013428633857738381,0.0010352796826677431,0.0017082950657175194,0.002511207572494732,0.041605694812025355,0.006192637590723714,61
0.725,Rural,0.4609994710608448,0.08365563023469938,0.10302177374299772,0.037896715739914155,0.006237414986632125,0.2617548679026593,0.0,0.0,0.0011582300753540215,0.0016363588431683896,0.02722862184353447,0.016410915570195722,72
0.75,Rural,0.5851511571314116,0.04862036221950113,0.06233547173619997,0.03387095940769179,0.0028237527002377845,0.21971130120364307,0.002488167596711627,0.0,0.0005634144407400751,0.001722311886258611,0.01356182461113527,0.029151277066469087,96
0.775,Rural,0.6953263939076327,0.0,0.0010217474778371003,0.019363279936364157,0.0008955687547610824,0.19865161501371165,0.00032000124888394214,0.0,0.00023689852257381805,0.0009583535543561824,0.0015542030574130425,0.08167193852646615,87
0.8,Rural,0.7961213992252162,0.02208166595770482,0.0,0.0005564518935586439,0.0,0.11872509816678471,0.0,0.0,4.100124674430798e-05,0.00037471248911845735,0.0,0.06209967102087291,103
0.825,Rural,0.8811047611522574,0.06045057659630334,0.0,0.0001028271443267211,0.0,0.058031150055397544,0.0,0.0,2.056542886534422e-05,0.0002901196228495993,0.0,0.0,80
0.85,Rural,0.8869110216901491,0.032720069927988885,0.00036655033970971304,0.0,0.0,0.07970747611058492,0.0,0.0,0.0,0.0002948819315673873,0.0,0.0,91
0.875,Rural,0.9400463859887627,0.0,0.00030561710897184256,0.0,0.0,0.059349342624310686,0.0,0.0,0.0,0.0002986542779548719,0.0,0.0,128
0.9,Rural,0.9961096522792788,0.0,0.00020008849474945173,0.0,0.0,0.0,0.0,0.0,0.0,0.0003019582710555214,0.0,0.0033883009549162102,142
0.925,Rural,0.9960234825819606,0.002328762107480684,0.000259832212847468,0.0,0.0,0.0,0.0,0.0,0.0,0.00030313758165537933,0.0,0.0010847855160559313,122
0.95,Rural,0.9088260869565218,0.08330434782608696,0.0002608695652173914,0.0,0.0,0.0,0.0,0.0,0.0,0.0003043478260869566,0.0,0.007304347826086958,23
0.225,Urban,0.29957557569496523,0.0,0.0027241274524327256,0.04324155475745709,0.0003680536830209338,0.40084138198294783,0.0,0.0051128033944782,0.007922994190361615,0.0,0.2402135088443364,0.0,1
0.275,Urban,0.29957557569496523,0.0,0.0027241274524327256,0.04324155475745709,0.0003680536830209338,0.40084138198294783,0.0,0.0051128033944782,0.007922994190361615,0.0,0.2402135088443364,0.0,1
0.3,Urban,0.29957557569496523,0.0,0.0027241274524327256,0.04324155475745709,0.0003680536830209338,0.40084138198294783,0.0,0.0051128033944782,0.007922994190361615,0.0,0.2402135088443364,0.0,1
0.325,Urban,0.31994617605196374,0.0,0.0031034896259837146,0.014151017051487575,0.0004193088638494146,0.33250527661904433,0.058521276136442375,0.005824812741521049,0.0090263508979941,0.0005332628677687357,0.255969029143945,0.0,2
0.35,Urban,0.37950787245129447,0.0,0.0019824670082816452,0.0,0.00023285093735118817,0.3350638884486456,0.08674345638924097,0.006364369902828295,0.010479973136550547,0.000795574035949894,0.17882954768985737,0.0,9
0.375,Urban,0.44723775830919515,0.00901552357796645,0.0,0.0,0.0,0.36872340985123864,0.0536478463185591,0.006992062724499557,0.012214718109409285,0.0,0.08721666905068207,0.014952012058449782,15
0.4,Urban,0.44776834541045346,0.047365232243719635,0.0,0.0,0.0,0.31724420304612017,0.06476720227086848,0.006879618190978879,0.012644475911253566,0.0,0.08575867692896251,0.017572245997643246,29
0.425,Urban,0.46787515118061096,0.04045341049938157,0.0,0.0,0.0,0.27193945813116116,0.0944457755718207,0.007068274289711096,0.01294486990608131,0.0,0.08786545737289317,0.017407603048340062,22
0.45,Urban,0.48226180141476294,0.04480396321442486,0.0,0.00213504531873485,0.0003964335561411432,0.2625245975614578,0.09457137984633765,0.006765512916130109,0.01359194896663724,0.0008763077823007164,0.09207300942307255,0.0,27
0.475,Urban,0.5237569726462337,0.027459306504747913,0.0,0.0,0.0,0.2723276329191365,0.07206855413625629,0.008906371972184602,0.010396506271220891,0.0007577307628120485,0.08432692478740796,0.0,43
0.5,Urban,0.573391926953631,0.0,0.0,0.0004839642205606486,0.0,0.23715399558688735,0.03442031918668386,0.008571321170406947,0.004879050684125037,0.0,0.07565968654651502,0.06543973565119014,51
0.525,Urban,0.5852464850038079,0.0,0.0025931683479409953,0.008299139827612836,0.0012995136083810502,0.22065091941028467,0.0,0.0028353437911203157,0.0028218678282776657,0.0,0.07660632060372945,0.09964724157884511,37
0.55,Urban,0.619534280558727,0.0,0.0,2.669696209814889e-05,0.0,0.23211632035323554,0.0,0.0007158431243228428,0.001973950174751902,0.0,0.06925109259664358,0.076381816230221,54
0.575,Urban,0.6569956216597795,0.0,0.005553698996131308,0.0,0.0,0.2503893475979778,0.011697498779999321,0.0002966105622233039,0.0016313572425648805,0.0,0.05837879446397372,0.015057070697350204,46
0.6,Urban,0.6550139704330288,0.0,0.021189825278413205,0.013429727854617088,0.002315808284960978,0.25519517580186885,0.013053731737934766,0.0009965077871995692,0.0015414615026183127,0.0,0.03726379131935857,0.0,40
0.625,Urban,0.6558949016265423,0.009711373511932055,0.029338580404634673,0.04572253656324837,0.004679841665943978,0.2151606861275546,0.012364435344203527,0.00209551347544796,0.0011683615369730504,0.001227152976736011,0.02263661676678346,0.0,55
0.65,Urban,0.6407421908911632,0.0313907000862163,0.028984253160762845,0.03863851844969696,0.021162668190434775,0.20506531762433527,0.012102124377787443,0.002112442207359167,0.0011083824262669991,0.0014157933593353217,0.017277609226641538,0.0,66
0.675,Urban,0.6883994900302883,0.022049214231525692,0.027849199919163955,0.026850307917273036,0.0187769501116784,0.19066115058451294,0.01181173923487648,0.0019470766436579595,0.0014611532707373442,0.0003714966982692439,0.009822221358016659,0.0,68
0.7,Urban,0.7428792744718894,0.024003116585118542,0.03378729031256673,0.03420787010872306,0.002345431899891282,0.1479582114385444,0.006418814576813899,0.0008119045324858912,0.001453733280241499,0.00033301779920870476,0.005801334994516427,0.0,77
0.725,Urban,0.7382322527208713,0.04957911355562746,0.029860126776278285,0.02981779342776681,0.0021004588177142877,0.1363633771644366,0.00029789428704028595,2.362948960302457e-05,0.0010407116014328089,0.00026966225420922983,0.0008371465952782521,0.011577833309741494,83
0.75,Urban,0.7320778436750689,0.06362734506991459,0.014293610942162025,0.030713443054788764,0.0,0.1363720483853219,0.0,0.0,0.0003415546223852332,0.00021653127608985427,0.0,0.02235762297426877,112
0.775,Urban,0.7718096727283292,0.046385500237130325,0.007280700640386689,0.017742240690043803,0.0,0.13640263400085864,0.0,0.0,0.0,0.0,0.0,0.02037925170325123,98
0.8,Urban,0.8263774807526998,0.05194642747308053,0.01012538878343465,0.00024868857062724695,0.0,0.09620120682690274,0.0005554321853547553,0.0,0.0,0.0,0.0,0.014545375407900255,108
0.825,Urban,0.8668131160590294,0.07130354105332819,0.007075849800428226,2.1161881638026537e-05,0.0,0.05213440651805452,0.0009154850964049071,0.0,2.1161881638026537e-05,0.0002636738266902246,0.0,0.0014516038827883586,82
0.85,Urban,0.8831071677598855,0.04098848517854631,0.0010124020308203802,0.0,0.0,0.07100517948883904,0.0,0.0,0.0,0.0002639798285926769,0.0,0.0036227857133160593,98
0.875,Urban,0.9025605586253154,0.03210133477785213,0.0002733799685677387,0.0,0.0,0.05582755557855159,0.0,0.0,0.0,0.00026401627159110215,0.0,0.008973154778122154,129
0.9,Urban,0.9330533644052423,0.05538306439888619,0.0001702994702354348,0.0,0.0,0.0,0.0,0.0,0.0,0.00026423267837109485,0.0,0.011129039047265019,145
0.925,Urban,0.9277792579048945,0.0626168647425015,0.00023600771987868766,0.0,0.0,0.0,0.0,0.0,0.0,0.00027534233985846893,0.0,0.009092527292866847,124
0.95,Urban,0.9097083333333333,0.082875,0.00025000000000000006,0.0,0.0,0.0,0.0,0.0,0.0,0.00029166666666666675,0.0,0.006875000000000001,24
