alpha3,scenario,2025,2030,2050,2100
DZA,SSP1,0.773,0.79,0.848,0.92
ARG,SSP1,0.874,0.886,0.92,0.963
ARM,SSP1,0.799,0.815,0.834,0.852
AUS,SSP1,0.957,0.966,0.986,0.991
AUT,SSP1,0.936,0.942,0.958,0.963
AZE,SSP1,0.777,0.783,0.802,0.816
BHS,SSP1,0.842,0.854,0.883,0.917
BHR,SSP1,0.906,0.917,0.945,0.971
BGD,SSP1,0.707,0.732,0.818,0.978
BLR,SSP1,0.811,0.82,0.839,0.858
BEL,SSP1,0.958,0.97,0.995,1.0
BLZ,SSP1,0.747,0.765,0.813,0.89
BEN,SSP1,0.562,0.596,0.708,0.91
BTN,SSP1,0.716,0.746,0.827,0.958
BOL,SSP1,0.732,0.751,0.817,0.907
BIH,SSP1,0.79,0.806,0.841,0.885
BRA,SSP1,0.781,0.797,0.849,0.914
BGR,SSP1,0.813,0.823,0.849,0.876
BFA,SSP1,0.524,0.558,0.677,0.912
BDI,SSP1,0.481,0.514,0.627,0.866
CPV,SSP1,0.696,0.712,0.768,0.869
KHM,SSP1,0.637,0.67,0.756,0.89
CMR,SSP1,0.653,0.682,0.778,0.943
CAN,SSP1,0.944,0.951,0.965,0.963
CAF,SSP1,0.468,0.5,0.612,0.823
TCD,SSP1,0.465,0.495,0.611,0.834
CHL,SSP1,0.88,0.893,0.925,0.956
CHN,SSP1,0.807,0.825,0.866,0.918
COL,SSP1,0.784,0.8,0.85,0.909
COM,SSP1,0.647,0.676,0.777,0.949
COG,SSP1,0.654,0.685,0.757,0.874
CRI,SSP1,0.839,0.85,0.883,0.934
HRV,SSP1,0.889,0.899,0.922,0.945
CUB,SSP1,0.781,0.792,0.819,0.85
CYP,SSP1,0.919,0.93,0.951,0.96
CZE,SSP1,0.904,0.91,0.93,0.946
CIV,SSP1,0.602,0.635,0.752,0.95
COD,SSP1,0.548,0.602,0.712,0.884
DNK,SSP1,0.962,0.967,0.984,0.993
DOM,SSP1,0.794,0.809,0.851,0.9
ECU,SSP1,0.801,0.82,0.871,0.933
EGY,SSP1,0.752,0.773,0.835,0.913
SLV,SSP1,0.707,0.726,0.79,0.879
GNQ,SSP1,0.705,0.721,0.778,0.861
EST,SSP1,0.908,0.916,0.932,0.944
SWZ,SSP1,0.674,0.702,0.779,0.901
ETH,SSP1,0.55,0.58,0.685,0.885
FIN,SSP1,0.951,0.957,0.968,0.963
FRA,SSP1,0.923,0.936,0.966,0.989
GAB,SSP1,0.759,0.775,0.827,0.91
GMB,SSP1,0.561,0.59,0.675,0.816
GEO,SSP1,0.823,0.839,0.85,0.866
DEU,SSP1,0.958,0.962,0.976,0.983
GHA,SSP1,0.664,0.691,0.787,0.94
GRC,SSP1,0.91,0.923,0.957,0.986
GTM,SSP1,0.683,0.705,0.765,0.858
GIN,SSP1,0.561,0.599,0.732,0.951
GNB,SSP1,0.554,0.584,0.688,0.881
GUY,SSP1,0.763,0.779,0.832,0.906
HTI,SSP1,0.61,0.648,0.753,0.92
HND,SSP1,0.675,0.695,0.757,0.856
HKG,SSP1,0.966,0.976,1.0,1.0
HUN,SSP1,0.865,0.875,0.899,0.922
ISL,SSP1,0.971,0.982,1.0,1.0
IND,SSP1,0.689,0.72,0.791,0.879
IDN,SSP1,0.732,0.757,0.817,0.896
IRN,SSP1,0.805,0.82,0.869,0.935
IRQ,SSP1,0.727,0.754,0.798,0.856
IRL,SSP1,0.961,0.971,0.994,1.0
ISR,SSP1,0.926,0.93,0.946,0.952
ITA,SSP1,0.924,0.94,0.973,1.0
JAM,SSP1,0.723,0.743,0.781,0.825
JPN,SSP1,0.926,0.932,0.948,0.953
JOR,SSP1,0.759,0.779,0.819,0.863
KAZ,SSP1,0.813,0.823,0.845,0.87
KEN,SSP1,0.661,0.694,0.781,0.907
KWT,SSP1,0.865,0.871,0.896,0.934
KGZ,SSP1,0.715,0.746,0.781,0.821
LAO,SSP1,0.657,0.675,0.735,0.843
LVA,SSP1,0.889,0.9,0.916,0.931
LBN,SSP1,0.741,0.753,0.789,0.833
LSO,SSP1,0.578,0.603,0.701,0.875
LBR,SSP1,0.566,0.61,0.744,0.986
LTU,SSP1,0.888,0.897,0.91,0.918
LUX,SSP1,0.946,0.956,0.982,0.999
MDG,SSP1,0.53,0.558,0.65,0.83
MWI,SSP1,0.558,0.592,0.701,0.892
MYS,SSP1,0.825,0.84,0.881,0.92
MDV,SSP1,0.783,0.802,0.863,0.966
MLI,SSP1,0.502,0.541,0.672,0.892
MLT,SSP1,0.927,0.943,0.98,1.0
MUS,SSP1,0.832,0.845,0.898,0.994
MEX,SSP1,0.8,0.817,0.862,0.919
MDA,SSP1,0.779,0.806,0.841,0.88
MNG,SSP1,0.761,0.777,0.824,0.889
MAR,SSP1,0.743,0.767,0.847,0.98
MOZ,SSP1,0.532,0.569,0.682,0.897
NAM,SSP1,0.663,0.684,0.746,0.827
NPL,SSP1,0.644,0.674,0.782,0.951
NLD,SSP1,0.96,0.969,0.99,1.0
NZL,SSP1,0.95,0.957,0.976,0.986
NIC,SSP1,0.708,0.731,0.805,0.93
NER,SSP1,0.461,0.499,0.624,0.864
NGA,SSP1,0.605,0.635,0.722,0.854
MKD,SSP1,0.778,0.798,0.839,0.889
NOR,SSP1,0.976,0.984,1.0,1.0
PAK,SSP1,0.598,0.625,0.718,0.872
PAN,SSP1,0.84,0.851,0.885,0.922
PRY,SSP1,0.768,0.79,0.855,0.949
PER,SSP1,0.782,0.795,0.829,0.863
PHL,SSP1,0.737,0.756,0.812,0.881
POL,SSP1,0.892,0.901,0.919,0.932
PRT,SSP1,0.898,0.919,0.973,1.0
ROU,SSP1,0.845,0.859,0.885,0.913
RUS,SSP1,0.832,0.842,0.865,0.895
RWA,SSP1,0.618,0.641,0.733,0.917
LCA,SSP1,0.746,0.758,0.797,0.847
VCT,SSP1,0.796,0.808,0.842,0.891
WSM,SSP1,0.732,0.752,0.805,0.872
STP,SSP1,0.64,0.658,0.725,0.863
SAU,SSP1,0.895,0.904,0.934,0.959
SEN,SSP1,0.592,0.621,0.716,0.896
SRB,SSP1,0.818,0.834,0.861,0.89
SLE,SSP1,0.529,0.561,0.668,0.87
SGP,SSP1,0.955,0.959,0.968,0.955
SVK,SSP1,0.866,0.871,0.89,0.91
SVN,SSP1,0.936,0.941,0.96,0.979
ZAF,SSP1,0.758,0.777,0.835,0.912
KOR,SSP1,0.933,0.938,0.953,0.961
ESP,SSP1,0.929,0.943,0.977,1.0
SDN,SSP1,0.568,0.599,0.681,0.834
SUR,SSP1,0.712,0.727,0.769,0.826
SWE,SSP1,0.963,0.972,0.991,0.997
CHE,SSP1,0.978,0.983,0.998,1.0
SYR,SSP1,0.605,0.627,0.687,0.784
TJK,SSP1,0.697,0.727,0.765,0.81
TZA,SSP1,0.597,0.617,0.694,0.837
THA,SSP1,0.827,0.844,0.897,0.966
TLS,SSP1,0.605,0.643,0.726,0.838
TON,SSP1,0.758,0.773,0.817,0.871
TTO,SSP1,0.827,0.827,0.85,0.879
TUN,SSP1,0.747,0.764,0.83,0.913
TUR,SSP1,0.889,0.906,0.954,1.0
TKM,SSP1,0.758,0.772,0.795,0.821
UGA,SSP1,0.622,0.65,0.748,0.916
UKR,SSP1,0.746,0.765,0.796,0.838
GBR,SSP1,0.962,0.976,1.0,1.0
USA,SSP1,0.936,0.942,0.956,0.962
URY,SSP1,0.853,0.867,0.901,0.953
VUT,SSP1,0.651,0.673,0.732,0.827
VEN,SSP1,0.729,0.746,0.78,0.821
VNM,SSP1,0.748,0.771,0.82,0.903
ZMB,SSP1,0.635,0.658,0.741,0.883
ZWE,SSP1,0.602,0.661,0.813,1.0
DZA,SSP2,0.76,0.775,0.827,0.908
ARG,SSP2,0.861,0.871,0.9,0.954
ARM,SSP2,0.787,0.802,0.819,0.845
AUS,SSP2,0.954,0.963,0.982,1.0
AUT,SSP2,0.934,0.939,0.954,0.97
AZE,SSP2,0.763,0.766,0.779,0.795
BHS,SSP2,0.822,0.832,0.856,0.899
BHR,SSP2,0.895,0.904,0.93,0.967
BGD,SSP2,0.674,0.692,0.759,0.907
BLR,SSP2,0.803,0.81,0.827,0.853
BEL,SSP2,0.956,0.968,0.992,1.0
BLZ,SSP2,0.707,0.722,0.767,0.861
BEN,SSP2,0.505,0.526,0.603,0.777
BTN,SSP2,0.697,0.727,0.799,0.94
BOL,SSP2,0.71,0.725,0.781,0.881
BIH,SSP2,0.782,0.796,0.829,0.88
BRA,SSP2,0.768,0.782,0.826,0.903
BGR,SSP2,0.805,0.814,0.836,0.87
BFA,SSP2,0.451,0.473,0.559,0.77
BDI,SSP2,0.421,0.443,0.515,0.707
CPV,SSP2,0.661,0.672,0.712,0.806
KHM,SSP2,0.605,0.631,0.701,0.832
CMR,SSP2,0.599,0.618,0.688,0.838
CAN,SSP2,0.944,0.951,0.963,0.973
CAF,SSP2,0.403,0.423,0.499,0.683
TCD,SSP2,0.394,0.413,0.495,0.695
CHL,SSP2,0.869,0.88,0.911,0.953
CHN,SSP2,0.793,0.809,0.848,0.91
COL,SSP2,0.771,0.784,0.829,0.903
COM,SSP2,0.61,0.63,0.706,0.869
COG,SSP2,0.601,0.622,0.674,0.786
CRI,SSP2,0.818,0.826,0.856,0.917
HRV,SSP2,0.882,0.89,0.91,0.94
CUB,SSP2,0.769,0.779,0.803,0.84
CYP,SSP2,0.917,0.928,0.948,0.969
CZE,SSP2,0.897,0.901,0.918,0.941
CIV,SSP2,0.551,0.573,0.663,0.851
COD,SSP2,0.49,0.532,0.62,0.785
DNK,SSP2,0.956,0.961,0.975,0.992
DOM,SSP2,0.778,0.789,0.83,0.894
ECU,SSP2,0.787,0.804,0.85,0.93
EGY,SSP2,0.739,0.756,0.811,0.9
SLV,SSP2,0.685,0.701,0.757,0.864
GNQ,SSP2,0.657,0.669,0.713,0.803
EST,SSP2,0.903,0.91,0.922,0.939
SWZ,SSP2,0.628,0.646,0.708,0.836
ETH,SSP2,0.498,0.518,0.592,0.763
FIN,SSP2,0.945,0.95,0.96,0.963
FRA,SSP2,0.922,0.934,0.964,1.0
GAB,SSP2,0.707,0.716,0.755,0.84
GMB,SSP2,0.506,0.526,0.59,0.723
GEO,SSP2,0.82,0.834,0.842,0.863
DEU,SSP2,0.955,0.959,0.971,0.988
GHA,SSP2,0.604,0.619,0.685,0.831
GRC,SSP2,0.907,0.92,0.952,0.993
GTM,SSP2,0.641,0.658,0.714,0.823
GIN,SSP2,0.49,0.517,0.615,0.817
GNB,SSP2,0.496,0.517,0.595,0.767
GUY,SSP2,0.744,0.756,0.795,0.869
HTI,SSP2,0.57,0.599,0.683,0.843
HND,SSP2,0.639,0.655,0.706,0.81
HKG,SSP2,0.966,0.975,1.0,1.0
HUN,SSP2,0.856,0.864,0.884,0.913
ISL,SSP2,0.964,0.974,1.0,1.0
IND,SSP2,0.657,0.684,0.751,0.854
IDN,SSP2,0.72,0.743,0.795,0.884
IRN,SSP2,0.794,0.807,0.854,0.934
IRQ,SSP2,0.707,0.732,0.777,0.852
IRL,SSP2,0.959,0.97,0.992,1.0
ISR,SSP2,0.913,0.915,0.928,0.945
ITA,SSP2,0.919,0.934,0.966,1.0
JAM,SSP2,0.709,0.726,0.761,0.813
JPN,SSP2,0.927,0.933,0.947,0.962
JOR,SSP2,0.749,0.767,0.804,0.858
KAZ,SSP2,0.805,0.814,0.832,0.862
KEN,SSP2,0.618,0.641,0.704,0.82
KWT,SSP2,0.85,0.853,0.877,0.928
KGZ,SSP2,0.702,0.729,0.762,0.807
LAO,SSP2,0.623,0.634,0.676,0.769
LVA,SSP2,0.883,0.893,0.908,0.93
LBN,SSP2,0.733,0.743,0.778,0.833
LSO,SSP2,0.529,0.545,0.612,0.765
LBR,SSP2,0.493,0.525,0.636,0.865
LTU,SSP2,0.885,0.893,0.904,0.919
LUX,SSP2,0.937,0.947,0.972,1.0
MDG,SSP2,0.48,0.497,0.557,0.698
MWI,SSP2,0.513,0.537,0.619,0.785
MYS,SSP2,0.819,0.832,0.871,0.921
MDV,SSP2,0.767,0.782,0.833,0.934
MLI,SSP2,0.417,0.446,0.55,0.766
MLT,SSP2,0.923,0.939,0.977,1.0
MUS,SSP2,0.802,0.812,0.856,0.955
MEX,SSP2,0.788,0.803,0.844,0.914
MDA,SSP2,0.764,0.789,0.82,0.864
MNG,SSP2,0.745,0.756,0.789,0.85
MAR,SSP2,0.718,0.739,0.809,0.951
MOZ,SSP2,0.468,0.494,0.585,0.783
NAM,SSP2,0.621,0.635,0.681,0.766
NPL,SSP2,0.622,0.645,0.727,0.888
NLD,SSP2,0.955,0.963,0.983,1.0
NZL,SSP2,0.946,0.953,0.971,0.992
NIC,SSP2,0.68,0.698,0.76,0.887
NER,SSP2,0.398,0.426,0.522,0.74
NGA,SSP2,0.564,0.585,0.655,0.791
MKD,SSP2,0.768,0.785,0.823,0.881
NOR,SSP2,0.973,0.98,0.998,1.0
PAK,SSP2,0.553,0.573,0.652,0.818
PAN,SSP2,0.83,0.839,0.869,0.917
PRY,SSP2,0.742,0.758,0.814,0.918
PER,SSP2,0.772,0.783,0.812,0.857
PHL,SSP2,0.724,0.738,0.787,0.866
POL,SSP2,0.884,0.892,0.907,0.926
PRT,SSP2,0.887,0.907,0.959,1.0
ROU,SSP2,0.83,0.842,0.865,0.899
RUS,SSP2,0.823,0.831,0.85,0.887
RWA,SSP2,0.559,0.573,0.634,0.792
LCA,SSP2,0.732,0.741,0.774,0.834
VCT,SSP2,0.778,0.788,0.816,0.868
WSM,SSP2,0.707,0.722,0.768,0.849
STP,SSP2,0.615,0.628,0.673,0.785
SAU,SSP2,0.891,0.9,0.93,0.968
SEN,SSP2,0.529,0.55,0.625,0.803
SRB,SSP2,0.809,0.823,0.847,0.882
SLE,SSP2,0.461,0.481,0.56,0.741
SGP,SSP2,0.956,0.96,0.968,0.964
SVK,SSP2,0.858,0.862,0.878,0.903
SVN,SSP2,0.93,0.934,0.95,0.975
ZAF,SSP2,0.715,0.727,0.77,0.85
KOR,SSP2,0.934,0.938,0.951,0.965
ESP,SSP2,0.925,0.939,0.972,1.0
SDN,SSP2,0.534,0.559,0.634,0.787
SUR,SSP2,0.692,0.704,0.738,0.8
SWE,SSP2,0.961,0.97,0.988,1.0
CHE,SSP2,0.973,0.978,0.992,1.0
SYR,SSP2,0.573,0.589,0.643,0.748
TJK,SSP2,0.686,0.713,0.746,0.795
TZA,SSP2,0.536,0.547,0.59,0.701
THA,SSP2,0.816,0.83,0.878,0.958
TLS,SSP2,0.589,0.622,0.699,0.814
TON,SSP2,0.744,0.755,0.792,0.853
TTO,SSP2,0.812,0.81,0.829,0.867
TUN,SSP2,0.74,0.755,0.818,0.912
TUR,SSP2,0.87,0.884,0.929,1.0
TKM,SSP2,0.746,0.757,0.775,0.805
UGA,SSP2,0.554,0.57,0.635,0.789
UKR,SSP2,0.736,0.753,0.78,0.829
GBR,SSP2,0.95,0.963,0.997,1.0
USA,SSP2,0.931,0.936,0.949,0.965
URY,SSP2,0.832,0.844,0.875,0.932
VUT,SSP2,0.624,0.641,0.691,0.787
VEN,SSP2,0.713,0.728,0.76,0.812
VNM,SSP2,0.726,0.745,0.785,0.872
ZMB,SSP2,0.577,0.591,0.648,0.784
ZWE,SSP2,0.557,0.599,0.714,0.926
DZA,SSP3,0.707,0.712,0.733,0.76
ARG,SSP3,0.821,0.826,0.836,0.852
ARM,SSP3,0.776,0.788,0.802,0.825
AUS,SSP3,0.928,0.932,0.945,0.966
AUT,SSP3,0.916,0.918,0.93,0.947
AZE,SSP3,0.748,0.749,0.762,0.779
BHS,SSP3,0.794,0.798,0.811,0.831
BHR,SSP3,0.868,0.873,0.885,0.903
BGD,SSP3,0.63,0.636,0.651,0.676
BLR,SSP3,0.793,0.798,0.812,0.836
BEL,SSP3,0.914,0.918,0.933,0.955
BLZ,SSP3,0.658,0.664,0.676,0.695
BEN,SSP3,0.449,0.456,0.474,0.505
BTN,SSP3,0.639,0.656,0.691,0.754
BOL,SSP3,0.662,0.666,0.685,0.711
BIH,SSP3,0.773,0.786,0.816,0.865
BRA,SSP3,0.737,0.746,0.771,0.809
BGR,SSP3,0.782,0.788,0.799,0.819
BFA,SSP3,0.353,0.353,0.367,0.392
BDI,SSP3,0.361,0.368,0.376,0.409
CPV,SSP3,0.63,0.633,0.645,0.663
KHM,SSP3,0.564,0.583,0.617,0.663
CMR,SSP3,0.52,0.525,0.538,0.568
CAN,SSP3,0.924,0.926,0.937,0.954
CAF,SSP3,0.301,0.304,0.31,0.339
TCD,SSP3,0.326,0.33,0.34,0.363
CHL,SSP3,0.835,0.839,0.856,0.875
CHN,SSP3,0.764,0.775,0.798,0.825
COL,SSP3,0.729,0.735,0.754,0.78
COM,SSP3,0.517,0.517,0.519,0.536
COG,SSP3,0.536,0.545,0.554,0.576
CRI,SSP3,0.772,0.773,0.776,0.782
HRV,SSP3,0.868,0.875,0.89,0.916
CUB,SSP3,0.746,0.752,0.765,0.783
CYP,SSP3,0.89,0.897,0.914,0.939
CZE,SSP3,0.888,0.891,0.905,0.926
CIV,SSP3,0.463,0.466,0.478,0.507
COD,SSP3,0.412,0.437,0.47,0.531
DNK,SSP3,0.943,0.946,0.955,0.972
DOM,SSP3,0.73,0.734,0.748,0.767
ECU,SSP3,0.72,0.726,0.739,0.755
EGY,SSP3,0.7,0.709,0.735,0.772
SLV,SSP3,0.636,0.643,0.665,0.698
GNQ,SSP3,0.596,0.601,0.615,0.655
EST,SSP3,0.891,0.896,0.905,0.923
SWZ,SSP3,0.544,0.55,0.57,0.628
ETH,SSP3,0.436,0.441,0.45,0.467
FIN,SSP3,0.932,0.935,0.943,0.954
FRA,SSP3,0.887,0.892,0.912,0.943
GAB,SSP3,0.627,0.626,0.624,0.625
GMB,SSP3,0.426,0.43,0.433,0.437
GEO,SSP3,0.805,0.818,0.828,0.854
DEU,SSP3,0.944,0.947,0.957,0.978
GHA,SSP3,0.542,0.545,0.553,0.574
GRC,SSP3,0.865,0.87,0.889,0.916
GTM,SSP3,0.576,0.579,0.59,0.607
GIN,SSP3,0.373,0.376,0.383,0.399
GNB,SSP3,0.409,0.413,0.422,0.448
GUY,SSP3,0.72,0.726,0.748,0.784
HTI,SSP3,0.487,0.5,0.528,0.565
HND,SSP3,0.574,0.578,0.586,0.597
HKG,SSP3,0.94,0.946,0.97,1.0
HUN,SSP3,0.838,0.845,0.858,0.879
ISL,SSP3,0.949,0.956,0.976,1.0
IND,SSP3,0.592,0.608,0.634,0.653
IDN,SSP3,0.692,0.707,0.74,0.785
IRN,SSP3,0.745,0.75,0.769,0.801
IRQ,SSP3,0.609,0.62,0.629,0.641
IRL,SSP3,0.933,0.939,0.957,0.987
ISR,SSP3,0.919,0.924,0.935,0.95
ITA,SSP3,0.877,0.884,0.905,0.937
JAM,SSP3,0.685,0.698,0.724,0.759
JPN,SSP3,0.913,0.917,0.931,0.958
JOR,SSP3,0.711,0.72,0.735,0.758
KAZ,SSP3,0.793,0.8,0.815,0.843
KEN,SSP3,0.533,0.542,0.557,0.589
KWT,SSP3,0.829,0.828,0.843,0.879
KGZ,SSP3,0.69,0.716,0.746,0.793
LAO,SSP3,0.588,0.591,0.595,0.599
LVA,SSP3,0.868,0.875,0.887,0.907
LBN,SSP3,0.7,0.706,0.725,0.753
LSO,SSP3,0.466,0.468,0.485,0.53
LBR,SSP3,0.407,0.418,0.437,0.471
LTU,SSP3,0.871,0.878,0.888,0.905
LUX,SSP3,0.906,0.911,0.926,0.946
MDG,SSP3,0.452,0.459,0.47,0.487
MWI,SSP3,0.459,0.469,0.497,0.549
MYS,SSP3,0.781,0.789,0.81,0.838
MDV,SSP3,0.745,0.756,0.785,0.829
MLI,SSP3,0.316,0.32,0.331,0.352
MLT,SSP3,0.894,0.904,0.935,0.983
MUS,SSP3,0.761,0.765,0.78,0.808
MEX,SSP3,0.76,0.769,0.792,0.829
MDA,SSP3,0.75,0.773,0.798,0.835
MNG,SSP3,0.721,0.726,0.74,0.76
MAR,SSP3,0.644,0.649,0.664,0.686
MOZ,SSP3,0.39,0.398,0.416,0.453
NAM,SSP3,0.56,0.565,0.58,0.608
NPL,SSP3,0.549,0.559,0.578,0.599
NLD,SSP3,0.929,0.933,0.947,0.969
NZL,SSP3,0.929,0.934,0.947,0.969
NIC,SSP3,0.626,0.632,0.648,0.674
NER,SSP3,0.329,0.338,0.356,0.385
NGA,SSP3,0.489,0.495,0.507,0.545
MKD,SSP3,0.754,0.769,0.801,0.849
NOR,SSP3,0.952,0.956,0.97,0.994
PAK,SSP3,0.478,0.482,0.496,0.521
PAN,SSP3,0.799,0.803,0.813,0.829
PRY,SSP3,0.694,0.701,0.72,0.747
PER,SSP3,0.741,0.746,0.758,0.773
PHL,SSP3,0.683,0.689,0.706,0.731
POL,SSP3,0.872,0.878,0.89,0.909
PRT,SSP3,0.839,0.851,0.885,0.93
ROU,SSP3,0.809,0.818,0.834,0.854
RUS,SSP3,0.812,0.818,0.835,0.869
RWA,SSP3,0.475,0.475,0.474,0.492
LCA,SSP3,0.702,0.707,0.724,0.748
VCT,SSP3,0.749,0.754,0.767,0.782
WSM,SSP3,0.671,0.679,0.705,0.736
STP,SSP3,0.594,0.6,0.614,0.647
SAU,SSP3,0.851,0.854,0.872,0.895
SEN,SSP3,0.44,0.442,0.444,0.461
SRB,SSP3,0.793,0.804,0.823,0.852
SLE,SSP3,0.387,0.39,0.399,0.421
SGP,SSP3,0.946,0.949,0.961,0.974
SVK,SSP3,0.847,0.85,0.862,0.885
SVN,SSP3,0.918,0.92,0.933,0.956
ZAF,SSP3,0.666,0.672,0.694,0.741
KOR,SSP3,0.929,0.933,0.948,0.971
ESP,SSP3,0.882,0.889,0.909,0.944
SDN,SSP3,0.461,0.466,0.472,0.479
SUR,SSP3,0.669,0.677,0.695,0.72
SWE,SSP3,0.933,0.936,0.948,0.969
CHE,SSP3,0.959,0.962,0.975,0.997
SYR,SSP3,0.508,0.511,0.515,0.516
TJK,SSP3,0.667,0.69,0.716,0.756
TZA,SSP3,0.472,0.473,0.474,0.484
THA,SSP3,0.77,0.776,0.799,0.826
TLS,SSP3,0.526,0.547,0.58,0.622
TON,SSP3,0.725,0.734,0.758,0.792
TTO,SSP3,0.816,0.818,0.837,0.867
TUN,SSP3,0.709,0.716,0.757,0.815
TUR,SSP3,0.816,0.821,0.837,0.861
TKM,SSP3,0.734,0.744,0.759,0.787
UGA,SSP3,0.48,0.482,0.489,0.504
UKR,SSP3,0.725,0.74,0.764,0.81
GBR,SSP3,0.912,0.918,0.937,0.965
USA,SSP3,0.919,0.922,0.933,0.955
URY,SSP3,0.808,0.815,0.831,0.852
VUT,SSP3,0.581,0.588,0.606,0.63
VEN,SSP3,0.666,0.674,0.686,0.698
VNM,SSP3,0.706,0.721,0.744,0.787
ZMB,SSP3,0.505,0.505,0.513,0.551
ZWE,SSP3,0.494,0.519,0.577,0.674
DZA,SSP4,0.711,0.718,0.751,0.807
ARG,SSP4,0.814,0.818,0.83,0.847
ARM,SSP4,0.767,0.778,0.792,0.816
AUS,SSP4,0.934,0.942,0.96,0.982
AUT,SSP4,0.906,0.91,0.922,0.933
AZE,SSP4,0.734,0.734,0.741,0.752
BHS,SSP4,0.797,0.804,0.823,0.858
BHR,SSP4,0.864,0.87,0.886,0.907
BGD,SSP4,0.631,0.64,0.671,0.738
BLR,SSP4,0.785,0.79,0.805,0.829
BEL,SSP4,0.922,0.931,0.952,0.974
BLZ,SSP4,0.641,0.643,0.649,0.658
BEN,SSP4,0.438,0.445,0.469,0.519
BTN,SSP4,0.633,0.65,0.688,0.761
BOL,SSP4,0.653,0.656,0.68,0.722
BIH,SSP4,0.761,0.773,0.802,0.848
BRA,SSP4,0.731,0.739,0.767,0.812
BGR,SSP4,0.78,0.786,0.802,0.833
BFA,SSP4,0.337,0.335,0.35,0.389
BDI,SSP4,0.352,0.362,0.382,0.443
CPV,SSP4,0.619,0.623,0.64,0.678
KHM,SSP4,0.557,0.574,0.61,0.665
CMR,SSP4,0.507,0.511,0.526,0.565
CAN,SSP4,0.918,0.923,0.935,0.949
CAF,SSP4,0.292,0.296,0.31,0.358
TCD,SSP4,0.317,0.321,0.336,0.373
CHL,SSP4,0.832,0.838,0.859,0.889
CHN,SSP4,0.769,0.781,0.814,0.862
COL,SSP4,0.722,0.728,0.752,0.787
COM,SSP4,0.506,0.506,0.516,0.556
COG,SSP4,0.52,0.528,0.537,0.561
CRI,SSP4,0.76,0.76,0.765,0.772
HRV,SSP4,0.861,0.868,0.884,0.911
CUB,SSP4,0.743,0.75,0.765,0.789
CYP,SSP4,0.891,0.899,0.916,0.938
CZE,SSP4,0.878,0.881,0.895,0.915
CIV,SSP4,0.451,0.453,0.47,0.516
COD,SSP4,0.403,0.427,0.464,0.54
DNK,SSP4,0.935,0.937,0.947,0.959
DOM,SSP4,0.733,0.739,0.761,0.798
ECU,SSP4,0.715,0.721,0.739,0.766
EGY,SSP4,0.695,0.704,0.739,0.798
SLV,SSP4,0.632,0.639,0.668,0.719
GNQ,SSP4,0.583,0.586,0.598,0.633
EST,SSP4,0.883,0.888,0.898,0.915
SWZ,SSP4,0.527,0.532,0.553,0.617
ETH,SSP4,0.422,0.428,0.444,0.483
FIN,SSP4,0.93,0.934,0.944,0.952
FRA,SSP4,0.894,0.904,0.928,0.959
GAB,SSP4,0.612,0.609,0.605,0.603
GMB,SSP4,0.418,0.422,0.433,0.464
GEO,SSP4,0.797,0.809,0.815,0.835
DEU,SSP4,0.936,0.938,0.948,0.964
GHA,SSP4,0.533,0.536,0.555,0.607
GRC,SSP4,0.873,0.883,0.907,0.935
GTM,SSP4,0.56,0.561,0.569,0.582
GIN,SSP4,0.366,0.369,0.383,0.418
GNB,SSP4,0.4,0.404,0.419,0.463
GUY,SSP4,0.716,0.722,0.751,0.81
HTI,SSP4,0.48,0.492,0.527,0.584
HND,SSP4,0.557,0.559,0.565,0.577
HKG,SSP4,0.942,0.949,0.974,1.0
HUN,SSP4,0.829,0.836,0.849,0.869
ISL,SSP4,0.937,0.944,0.962,0.986
IND,SSP4,0.592,0.608,0.639,0.674
IDN,SSP4,0.686,0.702,0.738,0.795
IRN,SSP4,0.747,0.754,0.78,0.83
IRQ,SSP4,0.592,0.6,0.605,0.609
IRL,SSP4,0.935,0.943,0.964,0.993
ISR,SSP4,0.892,0.891,0.895,0.897
ITA,SSP4,0.883,0.894,0.919,0.951
JAM,SSP4,0.687,0.701,0.729,0.774
JPN,SSP4,0.906,0.911,0.926,0.947
JOR,SSP4,0.698,0.706,0.723,0.747
KAZ,SSP4,0.785,0.791,0.807,0.837
KEN,SSP4,0.527,0.537,0.561,0.617
KWT,SSP4,0.824,0.824,0.841,0.882
KGZ,SSP4,0.68,0.704,0.733,0.779
LAO,SSP4,0.571,0.573,0.58,0.597
LVA,SSP4,0.863,0.87,0.884,0.905
LBN,SSP4,0.7,0.705,0.73,0.77
LSO,SSP4,0.452,0.453,0.474,0.533
LBR,SSP4,0.399,0.41,0.433,0.476
LTU,SSP4,0.863,0.869,0.879,0.895
LUX,SSP4,0.899,0.905,0.92,0.937
MDG,SSP4,0.441,0.448,0.465,0.502
MWI,SSP4,0.447,0.457,0.491,0.565
MYS,SSP4,0.784,0.792,0.821,0.866
MDV,SSP4,0.731,0.741,0.777,0.844
MLI,SSP4,0.309,0.313,0.327,0.355
MLT,SSP4,0.902,0.916,0.952,1.0
MUS,SSP4,0.751,0.753,0.768,0.798
MEX,SSP4,0.757,0.766,0.793,0.841
MDA,SSP4,0.743,0.765,0.792,0.835
MNG,SSP4,0.717,0.724,0.748,0.8
MAR,SSP4,0.639,0.646,0.669,0.716
MOZ,SSP4,0.38,0.388,0.41,0.462
NAM,SSP4,0.544,0.548,0.563,0.594
NPL,SSP4,0.541,0.552,0.583,0.636
NLD,SSP4,0.923,0.928,0.942,0.96
NZL,SSP4,0.921,0.926,0.94,0.958
NIC,SSP4,0.619,0.625,0.648,0.696
NER,SSP4,0.319,0.325,0.351,0.398
NGA,SSP4,0.476,0.482,0.501,0.55
MKD,SSP4,0.743,0.758,0.79,0.84
NOR,SSP4,0.952,0.958,0.974,0.996
PAK,SSP4,0.469,0.474,0.492,0.53
PAN,SSP4,0.791,0.795,0.809,0.831
PRY,SSP4,0.68,0.686,0.705,0.737
PER,SSP4,0.733,0.737,0.753,0.781
PHL,SSP4,0.666,0.67,0.689,0.723
POL,SSP4,0.863,0.869,0.882,0.899
PRT,SSP4,0.845,0.86,0.898,0.946
ROU,SSP4,0.804,0.813,0.831,0.857
RUS,SSP4,0.804,0.809,0.826,0.861
RWA,SSP4,0.465,0.465,0.47,0.503
LCA,SSP4,0.695,0.699,0.716,0.743
VCT,SSP4,0.739,0.743,0.755,0.77
WSM,SSP4,0.666,0.673,0.696,0.73
STP,SSP4,0.577,0.581,0.596,0.639
SAU,SSP4,0.843,0.845,0.86,0.875
SEN,SSP4,0.428,0.43,0.436,0.466
SRB,SSP4,0.787,0.797,0.817,0.848
SLE,SSP4,0.378,0.382,0.396,0.436
SGP,SSP4,0.934,0.937,0.945,0.947
SVK,SSP4,0.838,0.84,0.853,0.876
SVN,SSP4,0.908,0.91,0.923,0.945
ZAF,SSP4,0.689,0.696,0.729,0.797
KOR,SSP4,0.915,0.918,0.932,0.952
ESP,SSP4,0.889,0.899,0.924,0.96
SDN,SSP4,0.445,0.449,0.456,0.468
SUR,SSP4,0.663,0.671,0.691,0.724
SWE,SSP4,0.939,0.947,0.963,0.984
CHE,SSP4,0.948,0.95,0.962,0.978
SYR,SSP4,0.492,0.494,0.498,0.502
TJK,SSP4,0.645,0.665,0.684,0.713
TZA,SSP4,0.458,0.459,0.465,0.492
THA,SSP4,0.771,0.779,0.808,0.847
TLS,SSP4,0.507,0.523,0.554,0.6
TON,SSP4,0.71,0.715,0.738,0.778
TTO,SSP4,0.789,0.783,0.795,0.82
TUN,SSP4,0.716,0.727,0.781,0.871
TUR,SSP4,0.81,0.816,0.834,0.864
TKM,SSP4,0.725,0.733,0.749,0.78
UGA,SSP4,0.468,0.47,0.482,0.518
UKR,SSP4,0.718,0.732,0.757,0.805
GBR,SSP4,0.915,0.924,0.946,0.973
USA,SSP4,0.911,0.914,0.925,0.943
URY,SSP4,0.802,0.809,0.826,0.85
VUT,SSP4,0.563,0.568,0.58,0.598
VEN,SSP4,0.658,0.666,0.679,0.693
VNM,SSP4,0.698,0.713,0.739,0.793
ZMB,SSP4,0.492,0.491,0.504,0.558
ZWE,SSP4,0.487,0.513,0.591,0.745
DZA,SSP5,0.774,0.794,0.853,0.924
ARG,SSP5,0.875,0.888,0.921,0.961
ARM,SSP5,0.8,0.818,0.835,0.852
AUS,SSP5,0.957,0.968,0.985,0.981
AUT,SSP5,0.937,0.944,0.959,0.96
AZE,SSP5,0.778,0.785,0.802,0.81
BHS,SSP5,0.843,0.856,0.883,0.91
BHR,SSP5,0.909,0.921,0.949,0.97
BGD,SSP5,0.709,0.737,0.829,0.993
BLR,SSP5,0.813,0.822,0.84,0.859
BEL,SSP5,0.958,0.971,0.992,0.992
BLZ,SSP5,0.749,0.768,0.814,0.889
BEN,SSP5,0.565,0.601,0.722,0.932
BTN,SSP5,0.718,0.75,0.83,0.959
BOL,SSP5,0.734,0.755,0.823,0.912
BIH,SSP5,0.791,0.809,0.843,0.887
BRA,SSP5,0.782,0.8,0.85,0.916
BGR,SSP5,0.814,0.826,0.851,0.881
BFA,SSP5,0.527,0.563,0.694,0.941
BDI,SSP5,0.485,0.524,0.648,0.899
CPV,SSP5,0.697,0.714,0.771,0.874
KHM,SSP5,0.638,0.672,0.759,0.89
CMR,SSP5,0.656,0.687,0.788,0.955
CAN,SSP5,0.945,0.953,0.965,0.957
CAF,SSP5,0.471,0.507,0.628,0.847
TCD,SSP5,0.467,0.5,0.624,0.856
CHL,SSP5,0.882,0.896,0.927,0.959
CHN,SSP5,0.808,0.828,0.868,0.918
COL,SSP5,0.786,0.803,0.853,0.913
COM,SSP5,0.65,0.682,0.789,0.967
COG,SSP5,0.656,0.689,0.763,0.878
CRI,SSP5,0.841,0.853,0.885,0.936
HRV,SSP5,0.891,0.902,0.924,0.946
CUB,SSP5,0.782,0.795,0.821,0.853
CYP,SSP5,0.92,0.933,0.951,0.953
CZE,SSP5,0.906,0.913,0.933,0.95
CIV,SSP5,0.605,0.64,0.762,0.965
COD,SSP5,0.552,0.608,0.721,0.895
DNK,SSP5,0.963,0.969,0.985,0.991
DOM,SSP5,0.796,0.811,0.853,0.905
ECU,SSP5,0.803,0.823,0.874,0.935
EGY,SSP5,0.754,0.777,0.84,0.918
SLV,SSP5,0.708,0.727,0.791,0.879
GNQ,SSP5,0.708,0.725,0.779,0.859
EST,SSP5,0.909,0.919,0.934,0.946
SWZ,SSP5,0.676,0.705,0.784,0.904
ETH,SSP5,0.553,0.586,0.701,0.912
FIN,SSP5,0.952,0.959,0.968,0.957
FRA,SSP5,0.923,0.937,0.963,0.975
GAB,SSP5,0.761,0.778,0.83,0.91
GMB,SSP5,0.563,0.595,0.686,0.834
GEO,SSP5,0.825,0.842,0.854,0.871
DEU,SSP5,0.959,0.964,0.977,0.98
GHA,SSP5,0.667,0.697,0.8,0.959
GRC,SSP5,0.91,0.925,0.955,0.974
GTM,SSP5,0.685,0.707,0.767,0.861
GIN,SSP5,0.564,0.605,0.745,0.972
GNB,SSP5,0.556,0.589,0.701,0.902
GUY,SSP5,0.765,0.782,0.837,0.911
HTI,SSP5,0.612,0.652,0.762,0.933
HND,SSP5,0.676,0.699,0.762,0.861
HKG,SSP5,0.968,0.978,1.0,1.0
HUN,SSP5,0.866,0.878,0.901,0.924
ISL,SSP5,0.972,0.984,1.0,1.0
IND,SSP5,0.691,0.723,0.794,0.884
IDN,SSP5,0.733,0.76,0.818,0.897
IRN,SSP5,0.807,0.823,0.872,0.94
IRQ,SSP5,0.729,0.757,0.799,0.857
IRL,SSP5,0.962,0.973,0.995,1.0
ISR,SSP5,0.927,0.932,0.945,0.949
ITA,SSP5,0.925,0.941,0.971,0.994
JAM,SSP5,0.725,0.746,0.782,0.824
JPN,SSP5,0.927,0.934,0.948,0.948
JOR,SSP5,0.761,0.783,0.824,0.865
KAZ,SSP5,0.814,0.826,0.847,0.872
KEN,SSP5,0.664,0.7,0.792,0.921
KWT,SSP5,0.868,0.875,0.898,0.929
KGZ,SSP5,0.717,0.749,0.782,0.821
LAO,SSP5,0.659,0.679,0.743,0.857
LVA,SSP5,0.89,0.902,0.918,0.931
LBN,SSP5,0.742,0.755,0.79,0.834
LSO,SSP5,0.58,0.608,0.712,0.891
LBR,SSP5,0.569,0.617,0.757,1.0
LTU,SSP5,0.889,0.9,0.911,0.918
LUX,SSP5,0.947,0.958,0.979,0.983
MDG,SSP5,0.534,0.564,0.666,0.857
MWI,SSP5,0.561,0.599,0.717,0.917
MYS,SSP5,0.827,0.844,0.883,0.924
MDV,SSP5,0.785,0.806,0.87,0.972
MLI,SSP5,0.508,0.551,0.684,0.908
MLT,SSP5,0.928,0.945,0.979,1.0
MUS,SSP5,0.833,0.848,0.9,0.993
MEX,SSP5,0.801,0.819,0.862,0.918
MDA,SSP5,0.781,0.809,0.842,0.877
MNG,SSP5,0.763,0.782,0.832,0.898
MAR,SSP5,0.745,0.77,0.852,0.985
MOZ,SSP5,0.535,0.574,0.694,0.919
NAM,SSP5,0.664,0.688,0.75,0.832
NPL,SSP5,0.647,0.681,0.797,0.973
NLD,SSP5,0.961,0.97,0.987,0.991
NZL,SSP5,0.951,0.96,0.978,0.984
NIC,SSP5,0.71,0.735,0.811,0.937
NER,SSP5,0.464,0.505,0.638,0.889
NGA,SSP5,0.608,0.639,0.73,0.865
MKD,SSP5,0.78,0.801,0.841,0.891
NOR,SSP5,0.976,0.985,0.998,0.991
PAK,SSP5,0.6,0.629,0.726,0.881
PAN,SSP5,0.841,0.854,0.887,0.925
PRY,SSP5,0.77,0.794,0.86,0.953
PER,SSP5,0.784,0.798,0.831,0.865
PHL,SSP5,0.74,0.761,0.818,0.888
POL,SSP5,0.893,0.903,0.921,0.933
PRT,SSP5,0.899,0.921,0.973,1.0
ROU,SSP5,0.846,0.861,0.887,0.914
RUS,SSP5,0.834,0.844,0.867,0.897
RWA,SSP5,0.621,0.647,0.748,0.941
LCA,SSP5,0.748,0.761,0.799,0.849
VCT,SSP5,0.797,0.81,0.84,0.888
WSM,SSP5,0.733,0.753,0.804,0.871
STP,SSP5,0.641,0.661,0.732,0.875
SAU,SSP5,0.896,0.906,0.933,0.954
SEN,SSP5,0.594,0.626,0.726,0.912
SRB,SSP5,0.819,0.836,0.862,0.891
SLE,SSP5,0.533,0.567,0.682,0.892
SGP,SSP5,0.956,0.961,0.965,0.939
SVK,SSP5,0.867,0.874,0.893,0.913
SVN,SSP5,0.937,0.943,0.963,0.983
ZAF,SSP5,0.759,0.78,0.838,0.916
KOR,SSP5,0.934,0.94,0.955,0.962
ESP,SSP5,0.93,0.945,0.977,1.0
SDN,SSP5,0.57,0.603,0.689,0.844
SUR,SSP5,0.713,0.73,0.771,0.828
SWE,SSP5,0.963,0.974,0.988,0.983
CHE,SSP5,0.978,0.985,0.998,0.998
SYR,SSP5,0.607,0.631,0.692,0.788
TJK,SSP5,0.7,0.73,0.766,0.807
TZA,SSP5,0.599,0.623,0.707,0.859
THA,SSP5,0.829,0.847,0.899,0.967
TLS,SSP5,0.605,0.644,0.728,0.836
TON,SSP5,0.76,0.776,0.821,0.875
TTO,SSP5,0.827,0.829,0.849,0.874
TUN,SSP5,0.749,0.768,0.834,0.917
TUR,SSP5,0.891,0.909,0.955,1.0
TKM,SSP5,0.759,0.774,0.796,0.821
UGA,SSP5,0.625,0.656,0.761,0.938
UKR,SSP5,0.747,0.767,0.798,0.839
GBR,SSP5,0.962,0.977,1.0,1.0
USA,SSP5,0.937,0.943,0.955,0.953
URY,SSP5,0.854,0.868,0.9,0.95
VUT,SSP5,0.652,0.676,0.736,0.83
VEN,SSP5,0.731,0.749,0.781,0.821
VNM,SSP5,0.75,0.774,0.823,0.905
ZMB,SSP5,0.637,0.663,0.751,0.898
ZWE,SSP5,0.608,0.672,0.834,1.0
LBY,SSP1,0.805,0.834,0.927,1.0
LBY,SSP2,0.755,0.774,0.844,0.994
LBY,SSP3,0.685,0.691,0.705,0.734
LBY,SSP4,0.676,0.681,0.701,0.747
LBY,SSP5,0.808,0.839,0.938,1.0
ESH,SSP1,0.539,0.568,0.661,0.823
ESH,SSP2,0.489,0.508,0.578,0.728
ESH,SSP3,0.419,0.425,0.439,0.468
ESH,SSP4,0.41,0.415,0.435,0.481
ESH,SSP5,0.542,0.573,0.672,0.838
IOT,SSP1,0.539,0.568,0.661,0.823
IOT,SSP2,0.489,0.508,0.578,0.728
IOT,SSP3,0.419,0.425,0.439,0.468
IOT,SSP4,0.41,0.415,0.435,0.481
IOT,SSP5,0.542,0.573,0.672,0.838
DJI,SSP1,0.574,0.603,0.696,0.858
DJI,SSP2,0.524,0.543,0.613,0.763
DJI,SSP3,0.454,0.46,0.474,0.503
DJI,SSP4,0.445,0.45,0.47,0.516
DJI,SSP5,0.577,0.608,0.707,0.873
ERI,SSP1,0.552,0.581,0.674,0.836
ERI,SSP2,0.502,0.521,0.591,0.741
ERI,SSP3,0.432,0.438,0.452,0.481
ERI,SSP4,0.423,0.428,0.448,0.494
ERI,SSP5,0.555,0.586,0.685,0.851
ATF,SSP1,0.539,0.568,0.661,0.823
ATF,SSP2,0.489,0.508,0.578,0.728
ATF,SSP3,0.419,0.425,0.439,0.468
ATF,SSP4,0.41,0.415,0.435,0.481
ATF,SSP5,0.542,0.573,0.672,0.838
MYT,SSP1,0.539,0.568,0.661,0.823
MYT,SSP2,0.489,0.508,0.578,0.728
MYT,SSP3,0.419,0.425,0.439,0.468
MYT,SSP4,0.41,0.415,0.435,0.481
MYT,SSP5,0.542,0.573,0.672,0.838
REU,SSP1,0.539,0.568,0.661,0.823
REU,SSP2,0.489,0.508,0.578,0.728
REU,SSP3,0.419,0.425,0.439,0.468
REU,SSP4,0.41,0.415,0.435,0.481
REU,SSP5,0.542,0.573,0.672,0.838
SYC,SSP1,0.861,0.89,0.983,1.0
SYC,SSP2,0.811,0.83,0.9,1.0
SYC,SSP3,0.741,0.747,0.761,0.79
SYC,SSP4,0.732,0.737,0.757,0.803
SYC,SSP5,0.864,0.895,0.994,1.0
SOM,SSP1,0.439,0.468,0.561,0.723
SOM,SSP2,0.389,0.408,0.478,0.628
SOM,SSP3,0.319,0.325,0.339,0.368
SOM,SSP4,0.31,0.315,0.335,0.381
SOM,SSP5,0.442,0.473,0.572,0.738
SSD,SSP1,0.44,0.469,0.562,0.724
SSD,SSP2,0.39,0.409,0.479,0.629
SSD,SSP3,0.32,0.326,0.34,0.369
SSD,SSP4,0.311,0.316,0.336,0.382
SSD,SSP5,0.443,0.474,0.573,0.739
AGO,SSP1,0.65,0.679,0.772,0.934
AGO,SSP2,0.6,0.619,0.689,0.839
AGO,SSP3,0.53,0.536,0.55,0.579
AGO,SSP4,0.521,0.526,0.546,0.592
AGO,SSP5,0.653,0.684,0.783,0.949
BWA,SSP1,0.767,0.796,0.889,1.0
BWA,SSP2,0.717,0.736,0.806,0.956
BWA,SSP3,0.647,0.653,0.667,0.696
BWA,SSP4,0.638,0.643,0.663,0.709
BWA,SSP5,0.77,0.801,0.9,1.0
MRT,SSP1,0.599,0.628,0.721,0.883
MRT,SSP2,0.549,0.568,0.638,0.788
MRT,SSP3,0.479,0.485,0.499,0.528
MRT,SSP4,0.47,0.475,0.495,0.541
MRT,SSP5,0.602,0.633,0.732,0.898
SHN,SSP1,0.539,0.568,0.661,0.823
SHN,SSP2,0.489,0.508,0.578,0.728
SHN,SSP3,0.419,0.425,0.439,0.468
SHN,SSP4,0.41,0.415,0.435,0.481
SHN,SSP5,0.542,0.573,0.672,0.838
TGO,SSP1,0.606,0.635,0.728,0.89
TGO,SSP2,0.556,0.575,0.645,0.795
TGO,SSP3,0.486,0.492,0.506,0.535
TGO,SSP4,0.477,0.482,0.502,0.548
TGO,SSP5,0.609,0.64,0.739,0.905
AIA,SSP1,0.726,0.742,0.786,0.846
AIA,SSP2,0.707,0.72,0.758,0.828
AIA,SSP3,0.669,0.675,0.691,0.713
AIA,SSP4,0.662,0.667,0.685,0.715
AIA,SSP5,0.728,0.744,0.788,0.847
ATG,SSP1,0.854,0.87,0.914,0.974
ATG,SSP2,0.835,0.848,0.886,0.956
ATG,SSP3,0.797,0.803,0.819,0.841
ATG,SSP4,0.79,0.795,0.813,0.843
ATG,SSP5,0.856,0.872,0.916,0.975
ABW,SSP1,0.726,0.742,0.786,0.846
ABW,SSP2,0.707,0.72,0.758,0.828
ABW,SSP3,0.669,0.675,0.691,0.713
ABW,SSP4,0.662,0.667,0.685,0.715
ABW,SSP5,0.728,0.744,0.788,0.847
BRB,SSP1,0.837,0.853,0.897,0.957
BRB,SSP2,0.818,0.831,0.869,0.939
BRB,SSP3,0.78,0.786,0.802,0.824
BRB,SSP4,0.773,0.778,0.796,0.826
BRB,SSP5,0.839,0.855,0.899,0.958
BES,SSP1,0.726,0.742,0.786,0.846
BES,SSP2,0.707,0.72,0.758,0.828
BES,SSP3,0.669,0.675,0.691,0.713
BES,SSP4,0.662,0.667,0.685,0.715
BES,SSP5,0.728,0.744,0.788,0.847
VGB,SSP1,0.726,0.742,0.786,0.846
VGB,SSP2,0.707,0.72,0.758,0.828
VGB,SSP3,0.669,0.675,0.691,0.713
VGB,SSP4,0.662,0.667,0.685,0.715
VGB,SSP5,0.728,0.744,0.788,0.847
CYM,SSP1,0.726,0.742,0.786,0.846
CYM,SSP2,0.707,0.72,0.758,0.828
CYM,SSP3,0.669,0.675,0.691,0.713
CYM,SSP4,0.662,0.667,0.685,0.715
CYM,SSP5,0.728,0.744,0.788,0.847
CUW,SSP1,0.726,0.742,0.786,0.846
CUW,SSP2,0.707,0.72,0.758,0.828
CUW,SSP3,0.669,0.675,0.691,0.713
CUW,SSP4,0.662,0.667,0.685,0.715
CUW,SSP5,0.728,0.744,0.788,0.847
DMA,SSP1,0.768,0.784,0.828,0.888
DMA,SSP2,0.749,0.762,0.8,0.87
DMA,SSP3,0.711,0.717,0.733,0.755
DMA,SSP4,0.704,0.709,0.727,0.757
DMA,SSP5,0.77,0.786,0.83,0.889
GRD,SSP1,0.821,0.837,0.881,0.941
GRD,SSP2,0.802,0.815,0.853,0.923
GRD,SSP3,0.764,0.77,0.786,0.808
GRD,SSP4,0.757,0.762,0.78,0.81
GRD,SSP5,0.823,0.839,0.883,0.942
GLP,SSP1,0.726,0.742,0.786,0.846
GLP,SSP2,0.707,0.72,0.758,0.828
GLP,SSP3,0.669,0.675,0.691,0.713
GLP,SSP4,0.662,0.667,0.685,0.715
GLP,SSP5,0.728,0.744,0.788,0.847
MTQ,SSP1,0.726,0.742,0.786,0.846
MTQ,SSP2,0.707,0.72,0.758,0.828
MTQ,SSP3,0.669,0.675,0.691,0.713
MTQ,SSP4,0.662,0.667,0.685,0.715
MTQ,SSP5,0.728,0.744,0.788,0.847
MSR,SSP1,0.726,0.742,0.786,0.846
MSR,SSP2,0.707,0.72,0.758,0.828
MSR,SSP3,0.669,0.675,0.691,0.713
MSR,SSP4,0.662,0.667,0.685,0.715
MSR,SSP5,0.728,0.744,0.788,0.847
PRI,SSP1,0.726,0.742,0.786,0.846
PRI,SSP2,0.707,0.72,0.758,0.828
PRI,SSP3,0.669,0.675,0.691,0.713
PRI,SSP4,0.662,0.667,0.685,0.715
PRI,SSP5,0.728,0.744,0.788,0.847
BLM,SSP1,0.726,0.742,0.786,0.846
BLM,SSP2,0.707,0.72,0.758,0.828
BLM,SSP3,0.669,0.675,0.691,0.713
BLM,SSP4,0.662,0.667,0.685,0.715
BLM,SSP5,0.728,0.744,0.788,0.847
KNA,SSP1,0.866,0.882,0.926,0.986
KNA,SSP2,0.847,0.86,0.898,0.968
KNA,SSP3,0.809,0.815,0.831,0.853
KNA,SSP4,0.802,0.807,0.825,0.855
KNA,SSP5,0.868,0.884,0.928,0.987
MAF,SSP1,0.726,0.742,0.786,0.846
MAF,SSP2,0.707,0.72,0.758,0.828
MAF,SSP3,0.669,0.675,0.691,0.713
MAF,SSP4,0.662,0.667,0.685,0.715
MAF,SSP5,0.728,0.744,0.788,0.847
SXM,SSP1,0.726,0.742,0.786,0.846
SXM,SSP2,0.707,0.72,0.758,0.828
SXM,SSP3,0.669,0.675,0.691,0.713
SXM,SSP4,0.662,0.667,0.685,0.715
SXM,SSP5,0.728,0.744,0.788,0.847
TCA,SSP1,0.726,0.742,0.786,0.846
TCA,SSP2,0.707,0.72,0.758,0.828
TCA,SSP3,0.669,0.675,0.691,0.713
TCA,SSP4,0.662,0.667,0.685,0.715
TCA,SSP5,0.728,0.744,0.788,0.847
VIR,SSP1,0.726,0.742,0.786,0.846
VIR,SSP2,0.707,0.72,0.758,0.828
VIR,SSP3,0.669,0.675,0.691,0.713
VIR,SSP4,0.662,0.667,0.685,0.715
VIR,SSP5,0.728,0.744,0.788,0.847
BVT,SSP1,0.726,0.742,0.786,0.846
BVT,SSP2,0.707,0.72,0.758,0.828
BVT,SSP3,0.669,0.675,0.691,0.713
BVT,SSP4,0.662,0.667,0.685,0.715
BVT,SSP5,0.728,0.744,0.788,0.847
FLK,SSP1,0.726,0.742,0.786,0.846
FLK,SSP2,0.707,0.72,0.758,0.828
FLK,SSP3,0.669,0.675,0.691,0.713
FLK,SSP4,0.662,0.667,0.685,0.715
FLK,SSP5,0.728,0.744,0.788,0.847
GUF,SSP1,0.726,0.742,0.786,0.846
GUF,SSP2,0.707,0.72,0.758,0.828
GUF,SSP3,0.669,0.675,0.691,0.713
GUF,SSP4,0.662,0.667,0.685,0.715
GUF,SSP5,0.728,0.744,0.788,0.847
SGS,SSP1,0.726,0.742,0.786,0.846
SGS,SSP2,0.707,0.72,0.758,0.828
SGS,SSP3,0.669,0.675,0.691,0.713
SGS,SSP4,0.662,0.667,0.685,0.715
SGS,SSP5,0.728,0.744,0.788,0.847
BMU,SSP1,0.726,0.742,0.786,0.846
BMU,SSP2,0.707,0.72,0.758,0.828
BMU,SSP3,0.669,0.675,0.691,0.713
BMU,SSP4,0.662,0.667,0.685,0.715
BMU,SSP5,0.728,0.744,0.788,0.847
GRL,SSP1,0.726,0.742,0.786,0.846
GRL,SSP2,0.707,0.72,0.758,0.828
GRL,SSP3,0.669,0.675,0.691,0.713
GRL,SSP4,0.662,0.667,0.685,0.715
GRL,SSP5,0.728,0.744,0.788,0.847
SPM,SSP1,0.726,0.742,0.786,0.846
SPM,SSP2,0.707,0.72,0.758,0.828
SPM,SSP3,0.669,0.675,0.691,0.713
SPM,SSP4,0.662,0.667,0.685,0.715
SPM,SSP5,0.728,0.744,0.788,0.847
UZB,SSP1,0.751,0.769,0.814,0.875
UZB,SSP2,0.736,0.752,0.791,0.858
UZB,SSP3,0.702,0.711,0.73,0.757
UZB,SSP4,0.694,0.703,0.723,0.758
UZB,SSP5,0.753,0.772,0.817,0.876
MAC,SSP1,0.728,0.746,0.791,0.852
MAC,SSP2,0.713,0.729,0.768,0.835
MAC,SSP3,0.679,0.688,0.707,0.734
MAC,SSP4,0.671,0.68,0.7,0.735
MAC,SSP5,0.73,0.749,0.794,0.853
PRK,SSP1,0.728,0.746,0.791,0.852
PRK,SSP2,0.713,0.729,0.768,0.835
PRK,SSP3,0.679,0.688,0.707,0.734
PRK,SSP4,0.671,0.68,0.7,0.735
PRK,SSP5,0.73,0.749,0.794,0.853
BRN,SSP1,0.847,0.865,0.91,0.971
BRN,SSP2,0.832,0.848,0.887,0.954
BRN,SSP3,0.798,0.807,0.826,0.853
BRN,SSP4,0.79,0.799,0.819,0.854
BRN,SSP5,0.849,0.868,0.913,0.972
MMR,SSP1,0.632,0.65,0.695,0.756
MMR,SSP2,0.617,0.633,0.672,0.739
MMR,SSP3,0.583,0.592,0.611,0.638
MMR,SSP4,0.575,0.584,0.604,0.639
MMR,SSP5,0.634,0.653,0.698,0.757
AFG,SSP1,0.486,0.504,0.549,0.61
AFG,SSP2,0.471,0.487,0.526,0.593
AFG,SSP3,0.437,0.446,0.465,0.492
AFG,SSP4,0.429,0.438,0.458,0.493
AFG,SSP5,0.488,0.507,0.552,0.611
LKA,SSP1,0.804,0.822,0.867,0.928
LKA,SSP2,0.789,0.805,0.844,0.911
LKA,SSP3,0.755,0.764,0.783,0.81
LKA,SSP4,0.747,0.756,0.776,0.811
LKA,SSP5,0.806,0.825,0.87,0.929
OMN,SSP1,0.843,0.861,0.906,0.967
OMN,SSP2,0.828,0.844,0.883,0.95
OMN,SSP3,0.794,0.803,0.822,0.849
OMN,SSP4,0.786,0.795,0.815,0.85
OMN,SSP5,0.845,0.864,0.909,0.968
QAT,SSP1,0.899,0.917,0.962,1.0
QAT,SSP2,0.884,0.9,0.939,1.0
QAT,SSP3,0.85,0.859,0.878,0.905
QAT,SSP4,0.842,0.851,0.871,0.906
QAT,SSP5,0.901,0.92,0.965,1.0
PSE,SSP1,0.74,0.758,0.803,0.864
PSE,SSP2,0.725,0.741,0.78,0.847
PSE,SSP3,0.691,0.7,0.719,0.746
PSE,SSP4,0.683,0.692,0.712,0.747
PSE,SSP5,0.742,0.761,0.806,0.865
ARE,SSP1,0.961,0.979,1.0,1.0
ARE,SSP2,0.946,0.962,1.0,1.0
ARE,SSP3,0.912,0.921,0.94,0.967
ARE,SSP4,0.904,0.913,0.933,0.968
ARE,SSP5,0.963,0.982,1.0,1.0
YEM,SSP1,0.448,0.466,0.511,0.572
YEM,SSP2,0.433,0.449,0.488,0.555
YEM,SSP3,0.399,0.408,0.427,0.454
YEM,SSP4,0.391,0.4,0.42,0.455
YEM,SSP5,0.45,0.469,0.514,0.573
ALA,SSP1,0.829,0.841,0.866,0.888
ALA,SSP2,0.823,0.833,0.856,0.888
ALA,SSP3,0.802,0.808,0.825,0.852
ALA,SSP4,0.798,0.805,0.824,0.851
ALA,SSP5,0.83,0.843,0.866,0.883
FRO,SSP1,0.829,0.841,0.866,0.888
FRO,SSP2,0.823,0.833,0.856,0.888
FRO,SSP3,0.802,0.808,0.825,0.852
FRO,SSP4,0.798,0.805,0.824,0.851
FRO,SSP5,0.83,0.843,0.866,0.883
GGY,SSP1,0.829,0.841,0.866,0.888
GGY,SSP2,0.823,0.833,0.856,0.888
GGY,SSP3,0.802,0.808,0.825,0.852
GGY,SSP4,0.798,0.805,0.824,0.851
GGY,SSP5,0.83,0.843,0.866,0.883
IMN,SSP1,0.829,0.841,0.866,0.888
IMN,SSP2,0.823,0.833,0.856,0.888
IMN,SSP3,0.802,0.808,0.825,0.852
IMN,SSP4,0.798,0.805,0.824,0.851
IMN,SSP5,0.83,0.843,0.866,0.883
JEY,SSP1,0.829,0.841,0.866,0.888
JEY,SSP2,0.823,0.833,0.856,0.888
JEY,SSP3,0.802,0.808,0.825,0.852
JEY,SSP4,0.798,0.805,0.824,0.851
JEY,SSP5,0.83,0.843,0.866,0.883
SJM,SSP1,0.829,0.841,0.866,0.888
SJM,SSP2,0.823,0.833,0.856,0.888
SJM,SSP3,0.802,0.808,0.825,0.852
SJM,SSP4,0.798,0.805,0.824,0.851
SJM,SSP5,0.83,0.843,0.866,0.883
ALB,SSP1,0.802,0.814,0.839,0.861
ALB,SSP2,0.796,0.806,0.829,0.861
ALB,SSP3,0.775,0.781,0.798,0.825
ALB,SSP4,0.771,0.778,0.797,0.824
ALB,SSP5,0.803,0.816,0.839,0.856
AND,SSP1,0.897,0.909,0.934,0.956
AND,SSP2,0.891,0.901,0.924,0.956
AND,SSP3,0.87,0.876,0.893,0.92
AND,SSP4,0.866,0.873,0.892,0.919
AND,SSP5,0.898,0.911,0.934,0.951
GIB,SSP1,0.829,0.841,0.866,0.888
GIB,SSP2,0.823,0.833,0.856,0.888
GIB,SSP3,0.802,0.808,0.825,0.852
GIB,SSP4,0.798,0.805,0.824,0.851
GIB,SSP5,0.83,0.843,0.866,0.883
VAT,SSP1,0.829,0.841,0.866,0.888
VAT,SSP2,0.823,0.833,0.856,0.888
VAT,SSP3,0.802,0.808,0.825,0.852
VAT,SSP4,0.798,0.805,0.824,0.851
VAT,SSP5,0.83,0.843,0.866,0.883
MNE,SSP1,0.857,0.869,0.894,0.916
MNE,SSP2,0.851,0.861,0.884,0.916
MNE,SSP3,0.83,0.836,0.853,0.88
MNE,SSP4,0.826,0.833,0.852,0.879
MNE,SSP5,0.858,0.871,0.894,0.911
SMR,SSP1,0.88,0.892,0.917,0.939
SMR,SSP2,0.874,0.884,0.907,0.939
SMR,SSP3,0.853,0.859,0.876,0.903
SMR,SSP4,0.849,0.856,0.875,0.902
SMR,SSP5,0.881,0.894,0.917,0.934
LIE,SSP1,0.955,0.967,0.992,1.0
LIE,SSP2,0.949,0.959,0.982,1.0
LIE,SSP3,0.928,0.934,0.951,0.978
LIE,SSP4,0.924,0.931,0.95,0.977
LIE,SSP5,0.956,0.969,0.992,1.0
MCO,SSP1,0.829,0.841,0.866,0.888
MCO,SSP2,0.823,0.833,0.856,0.888
MCO,SSP3,0.802,0.808,0.825,0.852
MCO,SSP4,0.798,0.805,0.824,0.851
MCO,SSP5,0.83,0.843,0.866,0.883
CXR,SSP1,0.76,0.774,0.813,0.86
CXR,SSP2,0.745,0.757,0.791,0.846
CXR,SSP3,0.717,0.724,0.742,0.769
CXR,SSP4,0.709,0.715,0.733,0.759
CXR,SSP5,0.761,0.777,0.815,0.858
CCK,SSP1,0.76,0.774,0.813,0.86
CCK,SSP2,0.745,0.757,0.791,0.846
CCK,SSP3,0.717,0.724,0.742,0.769
CCK,SSP4,0.709,0.715,0.733,0.759
CCK,SSP5,0.761,0.777,0.815,0.858
HMD,SSP1,0.76,0.774,0.813,0.86
HMD,SSP2,0.745,0.757,0.791,0.846
HMD,SSP3,0.717,0.724,0.742,0.769
HMD,SSP4,0.709,0.715,0.733,0.759
HMD,SSP5,0.761,0.777,0.815,0.858
NFK,SSP1,0.76,0.774,0.813,0.86
NFK,SSP2,0.745,0.757,0.791,0.846
NFK,SSP3,0.717,0.724,0.742,0.769
NFK,SSP4,0.709,0.715,0.733,0.759
NFK,SSP5,0.761,0.777,0.815,0.858
FJI,SSP1,0.751,0.765,0.804,0.851
FJI,SSP2,0.736,0.748,0.782,0.837
FJI,SSP3,0.708,0.715,0.733,0.76
FJI,SSP4,0.7,0.706,0.724,0.75
FJI,SSP5,0.752,0.768,0.806,0.849
NCL,SSP1,0.76,0.774,0.813,0.86
NCL,SSP2,0.745,0.757,0.791,0.846
NCL,SSP3,0.717,0.724,0.742,0.769
NCL,SSP4,0.709,0.715,0.733,0.759
NCL,SSP5,0.761,0.777,0.815,0.858
PNG,SSP1,0.59,0.604,0.643,0.69
PNG,SSP2,0.575,0.587,0.621,0.676
PNG,SSP3,0.547,0.554,0.572,0.599
PNG,SSP4,0.539,0.545,0.563,0.589
PNG,SSP5,0.591,0.607,0.645,0.688
SLB,SSP1,0.584,0.598,0.637,0.684
SLB,SSP2,0.569,0.581,0.615,0.67
SLB,SSP3,0.541,0.548,0.566,0.593
SLB,SSP4,0.533,0.539,0.557,0.583
SLB,SSP5,0.585,0.601,0.639,0.682
GUM,SSP1,0.76,0.774,0.813,0.86
GUM,SSP2,0.745,0.757,0.791,0.846
GUM,SSP3,0.717,0.724,0.742,0.769
GUM,SSP4,0.709,0.715,0.733,0.759
GUM,SSP5,0.761,0.777,0.815,0.858
KIR,SSP1,0.65,0.664,0.703,0.75
KIR,SSP2,0.635,0.647,0.681,0.736
KIR,SSP3,0.607,0.614,0.632,0.659
KIR,SSP4,0.599,0.605,0.623,0.649
KIR,SSP5,0.651,0.667,0.705,0.748
MHL,SSP1,0.753,0.767,0.806,0.853
MHL,SSP2,0.738,0.75,0.784,0.839
MHL,SSP3,0.71,0.717,0.735,0.762
MHL,SSP4,0.702,0.708,0.726,0.752
MHL,SSP5,0.754,0.77,0.808,0.851
FSM,SSP1,0.656,0.67,0.709,0.756
FSM,SSP2,0.641,0.653,0.687,0.742
FSM,SSP3,0.613,0.62,0.638,0.665
FSM,SSP4,0.605,0.611,0.629,0.655
FSM,SSP5,0.657,0.673,0.711,0.754
NRU,SSP1,0.718,0.732,0.771,0.818
NRU,SSP2,0.703,0.715,0.749,0.804
NRU,SSP3,0.675,0.682,0.7,0.727
NRU,SSP4,0.667,0.673,0.691,0.717
NRU,SSP5,0.719,0.735,0.773,0.816
MNP,SSP1,0.76,0.774,0.813,0.86
MNP,SSP2,0.745,0.757,0.791,0.846
MNP,SSP3,0.717,0.724,0.742,0.769
MNP,SSP4,0.709,0.715,0.733,0.759
MNP,SSP5,0.761,0.777,0.815,0.858
PLW,SSP1,0.819,0.833,0.872,0.919
PLW,SSP2,0.804,0.816,0.85,0.905
PLW,SSP3,0.776,0.783,0.801,0.828
PLW,SSP4,0.768,0.774,0.792,0.818
PLW,SSP5,0.82,0.836,0.874,0.917
UMI,SSP1,0.76,0.774,0.813,0.86
UMI,SSP2,0.745,0.757,0.791,0.846
UMI,SSP3,0.717,0.724,0.742,0.769
UMI,SSP4,0.709,0.715,0.733,0.759
UMI,SSP5,0.761,0.777,0.815,0.858
ASM,SSP1,0.76,0.774,0.813,0.86
ASM,SSP2,0.745,0.757,0.791,0.846
ASM,SSP3,0.717,0.724,0.742,0.769
ASM,SSP4,0.709,0.715,0.733,0.759
ASM,SSP5,0.761,0.777,0.815,0.858
COK,SSP1,0.76,0.774,0.813,0.86
COK,SSP2,0.745,0.757,0.791,0.846
COK,SSP3,0.717,0.724,0.742,0.769
COK,SSP4,0.709,0.715,0.733,0.759
COK,SSP5,0.761,0.777,0.815,0.858
PYF,SSP1,0.76,0.774,0.813,0.86
PYF,SSP2,0.745,0.757,0.791,0.846
PYF,SSP3,0.717,0.724,0.742,0.769
PYF,SSP4,0.709,0.715,0.733,0.759
PYF,SSP5,0.761,0.777,0.815,0.858
NIU,SSP1,0.76,0.774,0.813,0.86
NIU,SSP2,0.745,0.757,0.791,0.846
NIU,SSP3,0.717,0.724,0.742,0.769
NIU,SSP4,0.709,0.715,0.733,0.759
NIU,SSP5,0.761,0.777,0.815,0.858
PCN,SSP1,0.76,0.774,0.813,0.86
PCN,SSP2,0.745,0.757,0.791,0.846
PCN,SSP3,0.717,0.724,0.742,0.769
PCN,SSP4,0.709,0.715,0.733,0.759
PCN,SSP5,0.761,0.777,0.815,0.858
TKL,SSP1,0.76,0.774,0.813,0.86
TKL,SSP2,0.745,0.757,0.791,0.846
TKL,SSP3,0.717,0.724,0.742,0.769
TKL,SSP4,0.709,0.715,0.733,0.759
TKL,SSP5,0.761,0.777,0.815,0.858
TUV,SSP1,0.675,0.689,0.728,0.775
TUV,SSP2,0.66,0.672,0.706,0.761
TUV,SSP3,0.632,0.639,0.657,0.684
TUV,SSP4,0.624,0.63,0.648,0.674
TUV,SSP5,0.676,0.692,0.73,0.773
WLF,SSP1,0.76,0.774,0.813,0.86
WLF,SSP2,0.745,0.757,0.791,0.846
WLF,SSP3,0.717,0.724,0.742,0.769
WLF,SSP4,0.709,0.715,0.733,0.759
WLF,SSP5,0.761,0.777,0.815,0.858
